grid_x,grid_y,real_x,real_y,height,terrain_type,r,g,b
0,0,635000.5,485000.5,123.4,CONCRETE,137,139,126
0,1,635000.5,485001.5,123.48,GRASS,89,76,70
0,2,635000.5,485002.5,123.48,GRASS,26,27,32
0,3,635000.5,485003.5,123.53,GRASS,24,33,38
0,4,635000.5,485004.5,123.51,GRASS,54,63,60
0,5,635000.5,485005.5,123.48,GRASS,53,65,53
0,6,635000.5,485006.5,123.37,GRASS,84,81,72
0,7,635000.5,485007.5,123.37,GRASS,65,65,65
0,8,635000.5,485008.5,123.06,GRASS,46,50,51
0,9,635000.5,485009.5,123.01,ASPHALT,93,107,81
0,10,635000.5,485010.5,122.88,ASPHALT,90,102,82
0,11,635000.5,485011.5,122.09,ASPHALT,99,103,106
0,12,635000.5,485012.5,122.09,GRASS,45,45,47
0,13,635000.5,485013.5,121.08,ASPHALT,122,108,99
0,14,635000.5,485014.5,120.26,ASPHALT,117,100,93
0,15,635000.5,485015.5,120.25,ASPHALT,106,91,86
0,16,635000.5,485016.5,120.15,GRASS,26,33,41
0,17,635000.5,485017.5,120.15,GRASS,66,79,59
0,18,635000.5,485018.5,120.06,GRASS,50,60,49
0,19,635000.5,485019.5,120.02,GRASS,63,76,56
0,20,635000.5,485020.5,119.96,GRASS,72,86,63
0,21,635000.5,485021.5,119.96,GRASS,57,69,55
0,22,635000.5,485022.5,119.98,GRASS,71,95,73
0,23,635000.5,485023.5,119.83,GRASS,60,73,64
0,24,635000.5,485024.5,119.69,GRASS,25,34,33
0,25,635000.5,485025.5,119.61,GRASS,50,60,52
0,26,635000.5,485026.5,119.61,ASPHALT,86,92,80
0,27,635000.5,485027.5,119.59,ASPHALT,97,102,79
0,28,635000.5,485028.5,119.6,ASPHALT,114,111,94
0,29,635000.5,485029.5,119.59,ASPHALT,129,117,101
0,30,635000.5,485030.5,119.53,ASPHALT,100,103,82
0,31,635000.5,485031.5,119.53,DIRT,101,101,77
0,32,635000.5,485032.5,119.52,DIRT,108,113,83
0,33,635000.5,485033.5,119.53,ASPHALT,96,99,78
0,34,635000.5,485034.5,119.49,GRASS,82,86,69
0,35,635000.5,485035.5,119.42,GRASS,62,65,56
0,36,635000.5,485036.5,119.42,ASPHALT,125,115,105
0,37,635000.5,485037.5,119.41,CONCRETE,171,159,143
0,38,635000.5,485038.5,119.38,DIRT,110,105,83
0,39,635000.5,485039.5,119.46,ASPHALT,122,117,97
0,40,635000.5,485040.5,119.46,ASPHALT,102,107,84
0,41,635000.5,485041.5,119.53,GRASS,68,81,63
0,42,635000.5,485042.5,119.59,GRASS,52,66,49
0,43,635000.5,485043.5,119.5,GRASS,70,84,69
0,44,635000.5,485044.5,119.15,GRASS,46,58,48
0,45,635000.5,485045.5,119.15,GRASS,34,46,42
0,46,635000.5,485046.5,118.8,GRASS,21,30,37
0,47,635000.5,485047.5,118.62,GRASS,23,34,38
0,48,635000.5,485048.5,118.76,GRASS,24,33,38
0,49,635000.5,485049.5,118.73,GRASS,24,38,39
0,50,635000.5,485050.5,118.73,GRASS,28,36,39
0,51,635000.5,485051.5,118.73,GRASS,28,41,34
0,52,635000.5,485052.5,118.63,GRASS,72,85,68
0,53,635000.5,485053.5,118.61,ASPHALT,99,104,82
0,54,635000.5,485054.5,118.6,GRASS,78,83,63
0,55,635000.5,485055.5,118.6,GRASS,78,82,67
0,56,635000.5,485056.5,118.61,GRASS,81,85,68
0,57,635000.5,485057.5,118.57,ASPHALT,93,96,79
0,58,635000.5,485058.5,118.56,ASPHALT,96,98,77
0,59,635000.5,485059.5,118.53,ASPHALT,108,106,85
0,60,635000.5,485060.5,118.53,ASPHALT,110,109,88
0,61,635000.5,485061.5,118.52,ASPHALT,112,110,89
0,62,635000.5,485062.5,118.51,ASPHALT,126,121,101
0,63,635000.5,485063.5,118.49,ASPHALT,112,107,87
0,64,635000.5,485064.5,118.49,ASPHALT,105,104,84
0,65,635000.5,485065.5,118.44,ASPHALT,99,101,80
0,66,635000.5,485066.5,118.44,ASPHALT,116,114,93
0,67,635000.5,485067.5,118.31,ASPHALT,117,112,90
0,68,635000.5,485068.5,118.11,ASPHALT,122,121,100
0,69,635000.5,485069.5,118.11,ASPHALT,95,103,82
0,70,635000.5,485070.5,117.81,GRASS,81,90,73
0,71,635000.5,485071.5,117.58,ASPHALT,110,114,97
0,72,635000.5,485072.5,117.48,ASPHALT,117,115,94
0,73,635000.5,485073.5,117.52,ASPHALT,110,105,85
0,74,635000.5,485074.5,117.52,ASPHALT,137,129,106
0,75,635000.5,485075.5,117.56,CONCRETE,143,132,114
0,76,635000.5,485076.5,117.69,CONCRETE,190,182,169
0,77,635000.5,485077.5,117.73,CONCRETE,199,191,178
0,78,635000.5,485078.5,117.79,CONCRETE,210,203,187
0,79,635000.5,485079.5,117.79,CONCRETE,199,187,175
0,80,635000.5,485080.5,117.86,CONCRETE,207,201,189
0,81,635000.5,485081.5,117.71,CONCRETE,194,185,170
0,82,635000.5,485082.5,117.36,CONCRETE,153,151,130
0,83,635000.5,485083.5,117.36,ASPHALT,110,110,86
0,84,635000.5,485084.5,116.89,GRASS,70,83,66
0,85,635000.5,485085.5,116.45,GRASS,70,89,69
0,86,635000.5,485086.5,116.02,GRASS,75,89,72
0,87,635000.5,485087.5,115.61,GRASS,70,85,66
0,88,635000.5,485088.5,115.61,GRASS,70,83,65
0,89,635000.5,485089.5,115.18,GRASS,70,82,68
0,90,635000.5,485090.5,114.93,ASPHALT,85,100,81
0,91,635000.5,485091.5,114.65,ASPHALT,93,104,87
0,92,635000.5,485092.5,114.48,GRASS,81,92,75
0,93,635000.5,485093.5,114.48,GRASS,82,91,74
0,94,635000.5,485094.5,114.36,GRASS,88,93,71
0,95,635000.5,485095.5,114.32,ASPHALT,100,108,84
0,96,635000.5,485096.5,114.29,ASPHALT,106,110,87
0,97,635000.5,485097.5,114.26,ASPHALT,102,110,87
0,98,635000.5,485098.5,114.26,ASPHALT,112,117,95
0,99,635000.5,485099.5,114.26,ASPHALT,97,100,79
1,0,635001.5,485000.5,123.26,ASPHALT,119,102,95
1,1,635001.5,485001.5,123.35,DIRT,119,96,90
1,2,635001.5,485002.5,123.35,GRASS,72,62,60
1,3,635001.5,485003.5,123.53,GRASS,42,43,47
1,4,635001.5,485004.5,123.51,GRASS,66,68,55
1,5,635001.5,485005.5,123.28,GRASS,33,43,35
1,6,635001.5,485006.5,123.02,ASPHALT,81,91,82
1,7,635001.5,485007.5,123.02,GRASS,50,61,55
1,8,635001.5,485008.5,122.94,GRASS,42,52,41
1,9,635001.5,485009.5,122.83,GRASS,77,96,64
1,10,635001.5,485010.5,122.77,ASPHALT,98,120,82
1,11,635001.5,485011.5,122.8,GRASS,37,44,37
1,12,635001.5,485012.5,122.8,GRASS,59,57,62
1,13,635001.5,485013.5,121.07,ASPHALT,96,85,83
1,14,635001.5,485014.5,120.33,ASPHALT,118,107,101
1,15,635001.5,485015.5,120.31,GRASS,29,36,42
1,16,635001.5,485016.5,120.16,GRASS,27,31,40
1,17,635001.5,485017.5,120.16,GRASS,75,93,71
1,18,635001.5,485018.5,120.06,GRASS,79,101,78
1,19,635001.5,485019.5,119.95,GRASS,65,78,58
1,20,635001.5,485020.5,119.99,GRASS,78,92,69
1,21,635001.5,485021.5,119.99,ASPHALT,89,102,82
1,22,635001.5,485022.5,119.99,GRASS,40,56,43
1,23,635001.5,485023.5,119.95,GRASS,39,50,46
1,24,635001.5,485024.5,119.91,GRASS,28,39,41
1,25,635001.5,485025.5,119.72,GRASS,34,39,45
1,26,635001.5,485026.5,119.72,GRASS,38,47,42
1,27,635001.5,485027.5,119.65,ASPHALT,99,109,85
1,28,635001.5,485028.5,119.59,ASPHALT,114,100,91
1,29,635001.5,485029.5,119.61,GRASS,84,71,62
1,30,635001.5,485030.5,119.54,ASPHALT,109,103,89
1,31,635001.5,485031.5,119.54,ASPHALT,121,123,101
1,32,635001.5,485032.5,119.54,ASPHALT,106,111,89
1,33,635001.5,485033.5,119.52,GRASS,81,88,72
1,34,635001.5,485034.5,119.46,GRASS,75,78,71
1,35,635001.5,485035.5,119.48,GRASS,77,70,62
1,36,635001.5,485036.5,119.48,CONCRETE,164,156,137
1,37,635001.5,485037.5,119.44,ASPHALT,129,125,100
1,38,635001.5,485038.5,119.46,DIRT,118,112,90
1,39,635001.5,485039.5,119.5,GRASS,81,91,67
1,40,635001.5,485040.5,119.5,GRASS,81,99,73
1,41,635001.5,485041.5,119.54,GRASS,59,72,55
1,42,635001.5,485042.5,119.56,GRASS,67,81,64
1,43,635001.5,485043.5,119.45,GRASS,57,71,56
1,44,635001.5,485044.5,119.11,GRASS,75,89,72
1,45,635001.5,485045.5,119.11,GRASS,46,57,53
1,46,635001.5,485046.5,118.74,GRASS,28,39,43
1,47,635001.5,485047.5,118.54,GRASS,27,36,41
1,48,635001.5,485048.5,118.5,GRASS,22,32,41
1,49,635001.5,485049.5,118.66,GRASS,33,47,48
1,50,635001.5,485050.5,118.66,GRASS,32,43,47
1,51,635001.5,485051.5,118.66,GRASS,24,38,41
1,52,635001.5,485052.5,118.61,GRASS,35,46,40
1,53,635001.5,485053.5,118.62,GRASS,74,87,69
1,54,635001.5,485054.5,118.61,ASPHALT,91,96,76
1,55,635001.5,485055.5,118.61,ASPHALT,94,97,80
1,56,635001.5,485056.5,118.58,GRASS,87,88,70
1,57,635001.5,485057.5,118.52,DIRT,98,97,76
1,58,635001.5,485058.5,118.53,ASPHALT,101,100,79
1,59,635001.5,485059.5,118.51,ASPHALT,109,108,87
1,60,635001.5,485060.5,118.51,ASPHALT,102,99,80
1,61,635001.5,485061.5,118.5,ASPHALT,112,110,89
1,62,635001.5,485062.5,118.49,ASPHALT,117,115,94
1,63,635001.5,485063.5,118.46,ASPHALT,110,109,88
1,64,635001.5,485064.5,118.46,DIRT,101,96,76
1,65,635001.5,485065.5,118.37,ASPHALT,122,117,97
1,66,635001.5,485066.5,118.23,ASPHALT,102,99,80
1,67,635001.5,485067.5,117.96,ASPHALT,98,97,77
1,68,635001.5,485068.5,117.75,ASPHALT,105,110,90
1,69,635001.5,485069.5,117.75,ASPHALT,84,95,78
1,70,635001.5,485070.5,117.44,ASPHALT,95,102,86
1,71,635001.5,485071.5,117.33,ASPHALT,96,99,80
1,72,635001.5,485072.5,117.39,ASPHALT,101,98,79
1,73,635001.5,485073.5,117.43,ASPHALT,132,124,101
1,74,635001.5,485074.5,117.43,CONCRETE,147,135,119
1,75,635001.5,485075.5,117.53,CONCRETE,195,189,177
1,76,635001.5,485076.5,117.58,CONCRETE,199,191,180
1,77,635001.5,485077.5,117.67,CONCRETE,211,203,190
1,78,635001.5,485078.5,117.75,CONCRETE,205,197,184
1,79,635001.5,485079.5,117.75,CONCRETE,207,199,188
1,80,635001.5,485080.5,117.65,CONCRETE,193,184,169
1,81,635001.5,485081.5,117.22,CONCRETE,146,145,124
1,82,635001.5,485082.5,116.77,ASPHALT,102,107,85
1,83,635001.5,485083.5,116.77,ASPHALT,90,102,82
1,84,635001.5,485084.5,116.34,GRASS,76,89,71
1,85,635001.5,485085.5,115.89,GRASS,77,92,73
1,86,635001.5,485086.5,115.52,GRASS,74,89,70
1,87,635001.5,485087.5,115.05,GRASS,79,90,73
1,88,635001.5,485088.5,115.05,GRASS,72,85,67
1,89,635001.5,485089.5,114.76,GRASS,81,93,73
1,90,635001.5,485090.5,114.6,ASPHALT,89,102,82
1,91,635001.5,485091.5,114.48,ASPHALT,89,98,79
1,92,635001.5,485092.5,114.41,ASPHALT,93,98,78
1,93,635001.5,485093.5,114.41,ASPHALT,96,97,79
1,94,635001.5,485094.5,114.35,ASPHALT,105,106,88
1,95,635001.5,485095.5,114.32,ASPHALT,92,94,73
1,96,635001.5,485096.5,114.3,ASPHALT,110,113,92
1,97,635001.5,485097.5,114.27,ASPHALT,92,97,75
1,98,635001.5,485098.5,114.27,ASPHALT,98,103,83
1,99,635001.5,485099.5,114.24,ASPHALT,91,100,79
2,0,635002.5,485000.5,123.17,ASPHALT,105,109,112
2,1,635002.5,485001.5,123.21,ASPHALT,124,109,102
2,2,635002.5,485002.5,123.21,ASPHALT,117,100,93
2,3,635002.5,485003.5,123.37,GRASS,38,36,37
2,4,635002.5,485004.5,123.34,ASPHALT,86,88,75
2,5,635002.5,485005.5,123.03,GRASS,71,79,66
2,6,635002.5,485006.5,122.96,GRASS,68,80,68
2,7,635002.5,485007.5,122.96,GRASS,33,45,33
2,8,635002.5,485008.5,122.82,GRASS,34,47,27
2,9,635002.5,485009.5,122.77,GRASS,60,79,51
2,10,635002.5,485010.5,122.8,GRASS,41,60,32
2,11,635002.5,485011.5,122.8,GRASS,37,49,39
2,12,635002.5,485012.5,122.8,ASPHALT,80,80,82
2,13,635002.5,485013.5,122.28,CONCRETE,164,165,160
2,14,635002.5,485014.5,120.4,GRASS,25,32,40
2,15,635002.5,485015.5,120.72,GRASS,61,68,61
2,16,635002.5,485016.5,120.5,GRASS,77,75,63
2,17,635002.5,485017.5,120.5,GRASS,24,32,34
2,18,635002.5,485018.5,120.07,ASPHALT,116,131,112
2,19,635002.5,485019.5,120.03,ASPHALT,91,104,84
2,20,635002.5,485020.5,119.94,ASPHALT,87,99,75
2,21,635002.5,485021.5,119.94,GRASS,84,98,75
2,22,635002.5,485022.5,119.97,GRASS,55,72,54
2,23,635002.5,485023.5,119.97,GRASS,47,63,50
2,24,635002.5,485024.5,119.9,GRASS,43,58,51
2,25,635002.5,485025.5,119.87,GRASS,49,60,52
2,26,635002.5,485026.5,119.87,ASPHALT,81,86,79
2,27,635002.5,485027.5,119.7,GRASS,40,42,37
2,28,635002.5,485028.5,119.64,ASPHALT,86,93,77
2,29,635002.5,485029.5,119.6,DIRT,93,87,73
2,30,635002.5,485030.5,119.62,ASPHALT,101,103,82
2,31,635002.5,485031.5,119.62,ASPHALT,112,122,97
2,32,635002.5,485032.5,119.56,GRASS,80,86,72
2,33,635002.5,485033.5,119.49,GRASS,48,50,45
2,34,635002.5,485034.5,119.52,GRASS,74,70,61
2,35,635002.5,485035.5,119.49,CONCRETE,155,150,130
2,36,635002.5,485036.5,119.49,ASPHALT,105,107,83
2,37,635002.5,485037.5,119.49,DIRT,121,115,91
2,38,635002.5,485038.5,119.49,ASPHALT,96,105,76
2,39,635002.5,485039.5,119.49,GRASS,79,103,71
2,40,635002.5,485040.5,119.49,GRASS,68,86,62
2,41,635002.5,485041.5,119.53,GRASS,77,92,73
2,42,635002.5,485042.5,119.47,GRASS,76,91,72
2,43,635002.5,485043.5,119.36,GRASS,68,87,65
2,44,635002.5,485044.5,119.15,GRASS,75,88,70
2,45,635002.5,485045.5,119.15,GRASS,56,68,58
2,46,635002.5,485046.5,118.73,GRASS,23,35,35
2,47,635002.5,485047.5,118.69,GRASS,24,35,41
2,48,635002.5,485048.5,118.68,GRASS,22,32,41
2,49,635002.5,485049.5,118.63,GRASS,20,30,39
2,50,635002.5,485050.5,118.63,GRASS,26,35,44
2,51,635002.5,485051.5,118.62,GRASS,24,33,42
2,52,635002.5,485052.5,118.61,GRASS,25,34,41
2,53,635002.5,485053.5,118.59,GRASS,33,43,44
2,54,635002.5,485054.5,118.57,GRASS,68,76,61
2,55,635002.5,485055.5,118.57,ASPHALT,103,104,88
2,56,635002.5,485056.5,118.53,GRASS,89,88,68
2,57,635002.5,485057.5,118.53,ASPHALT,112,110,89
2,58,635002.5,485058.5,118.48,ASPHALT,101,103,82
2,59,635002.5,485059.5,118.5,ASPHALT,110,108,87
2,60,635002.5,485060.5,118.5,ASPHALT,120,115,95
2,61,635002.5,485061.5,118.47,ASPHALT,113,112,91
2,62,635002.5,485062.5,118.43,ASPHALT,94,97,76
2,63,635002.5,485063.5,118.35,ASPHALT,116,114,93
2,64,635002.5,485064.5,118.35,ASPHALT,116,111,91
2,65,635002.5,485065.5,118.11,ASPHALT,112,110,89
2,66,635002.5,485066.5,117.83,ASPHALT,103,108,88
2,67,635002.5,485067.5,117.59,ASPHALT,95,100,80
2,68,635002.5,485068.5,117.32,GRASS,79,88,69
2,69,635002.5,485069.5,117.32,ASPHALT,96,108,88
2,70,635002.5,485070.5,117.19,ASPHALT,88,96,75
2,71,635002.5,485071.5,117.27,ASPHALT,111,110,89
2,72,635002.5,485072.5,117.28,ASPHALT,132,126,102
2,73,635002.5,485073.5,117.4,CONCRETE,153,145,126
2,74,635002.5,485074.5,117.4,CONCRETE,197,191,179
2,75,635002.5,485075.5,117.46,CONCRETE,204,194,182
2,76,635002.5,485076.5,117.55,CONCRETE,209,202,186
2,77,635002.5,485077.5,117.6,CONCRETE,207,200,184
2,78,635002.5,485078.5,117.56,CONCRETE,207,197,185
2,79,635002.5,485079.5,117.56,CONCRETE,203,194,179
2,80,635002.5,485080.5,117.12,CONCRETE,134,134,110
2,81,635002.5,485081.5,116.6,GRASS,87,95,72
2,82,635002.5,485082.5,116.21,GRASS,70,83,65
2,83,635002.5,485083.5,116.21,GRASS,81,96,73
2,84,635002.5,485084.5,115.81,GRASS,79,94,75
2,85,635002.5,485085.5,115.42,ASPHALT,85,100,81
2,86,635002.5,485086.5,114.98,ASPHALT,86,98,78
2,87,635002.5,485087.5,114.73,GRASS,79,90,73
2,88,635002.5,485088.5,114.73,ASPHALT,96,100,83
2,89,635002.5,485089.5,114.56,ASPHALT,106,115,94
2,90,635002.5,485090.5,114.46,GRASS,82,89,71
2,91,635002.5,485091.5,114.43,ASPHALT,93,94,76
2,92,635002.5,485092.5,114.43,ASPHALT,96,99,78
2,93,635002.5,485093.5,114.43,ASPHALT,105,107,83
2,94,635002.5,485094.5,114.37,ASPHALT,92,104,82
2,95,635002.5,485095.5,114.31,ASPHALT,100,108,85
2,96,635002.5,485096.5,114.29,ASPHALT,109,114,91
2,97,635002.5,485097.5,114.26,ASPHALT,84,97,79
2,98,635002.5,485098.5,114.26,ASPHALT,87,96,77
2,99,635002.5,485099.5,114.24,GRASS,82,94,74
3,0,635003.5,485000.5,123.17,ASPHALT,83,85,84
3,1,635003.5,485001.5,123.21,GRASS,44,49,52
3,2,635003.5,485002.5,123.21,CONCRETE,145,128,121
3,3,635003.5,485003.5,123.37,ASPHALT,89,83,83
3,4,635003.5,485004.5,123.34,GRASS,47,58,44
3,5,635003.5,485005.5,123.03,ASPHALT,94,98,83
3,6,635003.5,485006.5,122.96,GRASS,47,60,43
3,7,635003.5,485007.5,122.96,DIRT,96,119,75
3,8,635003.5,485008.5,122.82,ASPHALT,95,111,75
3,9,635003.5,485009.5,122.77,GRASS,89,106,72
3,10,635003.5,485010.5,122.8,GRASS,78,100,64
3,11,635003.5,485011.5,122.8,GRASS,61,66,59
3,12,635003.5,485012.5,122.8,ASPHALT,85,83,88
3,13,635003.5,485013.5,122.28,ASPHALT,88,84,85
3,14,635003.5,485014.5,120.4,GRASS,24,27,34
3,15,635003.5,485015.5,120.72,GRASS,22,29,37
3,16,635003.5,485016.5,120.5,GRASS,50,55,49
3,17,635003.5,485017.5,120.5,GRASS,60,63,56
3,18,635003.5,485018.5,120.07,GRASS,56,70,55
3,19,635003.5,485019.5,120.03,ASPHALT,97,106,101
3,20,635003.5,485020.5,119.94,ASPHALT,88,98,74
3,21,635003.5,485021.5,119.94,GRASS,76,88,66
3,22,635003.5,485022.5,119.97,GRASS,56,69,51
3,23,635003.5,485023.5,119.97,GRASS,66,74,61
3,24,635003.5,485024.5,119.9,GRASS,79,88,71
3,25,635003.5,485025.5,119.87,GRASS,58,66,53
3,26,635003.5,485026.5,119.87,GRASS,32,43,39
3,27,635003.5,485027.5,119.7,GRASS,52,56,55
3,28,635003.5,485028.5,119.64,GRASS,38,38,36
3,29,635003.5,485029.5,119.6,ASPHALT,105,112,94
3,30,635003.5,485030.5,119.62,ASPHALT,99,104,82
3,31,635003.5,485031.5,119.62,GRASS,60,66,52
3,32,635003.5,485032.5,119.56,GRASS,57,69,59
3,33,635003.5,485033.5,119.49,GRASS,73,76,67
3,34,635003.5,485034.5,119.52,CONCRETE,153,147,131
3,35,635003.5,485035.5,119.49,ASPHALT,117,119,95
3,36,635003.5,485036.5,119.49,ASPHALT,110,108,85
3,37,635003.5,485037.5,119.49,ASPHALT,105,109,82
3,38,635003.5,485038.5,119.49,GRASS,84,100,71
3,39,635003.5,485039.5,119.49,GRASS,61,80,58
3,40,635003.5,485040.5,119.49,GRASS,70,83,63
3,41,635003.5,485041.5,119.53,ASPHALT,86,99,79
3,42,635003.5,485042.5,119.47,GRASS,80,94,77
3,43,635003.5,485043.5,119.36,GRASS,66,80,67
3,44,635003.5,485044.5,119.15,GRASS,76,88,78
3,45,635003.5,485045.5,119.15,GRASS,43,55,53
3,46,635003.5,485046.5,118.73,GRASS,23,32,37
3,47,635003.5,485047.5,118.69,GRASS,23,32,41
3,48,635003.5,485048.5,118.68,GRASS,20,30,39
3,49,635003.5,485049.5,118.63,GRASS,24,35,41
3,50,635003.5,485050.5,118.63,GRASS,22,33,39
3,51,635003.5,485051.5,118.62,GRASS,26,35,44
3,52,635003.5,485052.5,118.61,GRASS,24,34,36
3,53,635003.5,485053.5,118.59,GRASS,44,49,45
3,54,635003.5,485054.5,118.57,ASPHALT,87,89,75
3,55,635003.5,485055.5,118.57,ASPHALT,106,103,84
3,56,635003.5,485056.5,118.53,ASPHALT,106,104,83
3,57,635003.5,485057.5,118.53,DIRT,109,104,84
3,58,635003.5,485058.5,118.48,ASPHALT,108,107,87
3,59,635003.5,485059.5,118.5,ASPHALT,113,111,90
3,60,635003.5,485060.5,118.5,ASPHALT,119,117,96
3,61,635003.5,485061.5,118.47,ASPHALT,117,112,92
3,62,635003.5,485062.5,118.43,ASPHALT,111,110,89
3,63,635003.5,485063.5,118.35,ASPHALT,110,108,87
3,64,635003.5,485064.5,118.35,ASPHALT,97,100,81
3,65,635003.5,485065.5,118.11,ASPHALT,91,95,78
3,66,635003.5,485066.5,117.83,ASPHALT,87,96,77
3,67,635003.5,485067.5,117.59,ASPHALT,97,105,82
3,68,635003.5,485068.5,117.32,ASPHALT,101,104,83
3,69,635003.5,485069.5,117.32,ASPHALT,89,96,78
3,70,635003.5,485070.5,117.19,ASPHALT,110,111,93
3,71,635003.5,485071.5,117.27,ASPHALT,133,126,107
3,72,635003.5,485072.5,117.28,CONCRETE,148,139,122
3,73,635003.5,485073.5,117.4,CONCRETE,193,186,176
3,74,635003.5,485074.5,117.4,CONCRETE,204,198,186
3,75,635003.5,485075.5,117.46,CONCRETE,207,199,186
3,76,635003.5,485076.5,117.55,CONCRETE,208,200,187
3,77,635003.5,485077.5,117.6,CONCRETE,205,197,186
3,78,635003.5,485078.5,117.56,CONCRETE,198,192,176
3,79,635003.5,485079.5,117.56,ASPHALT,127,129,105
3,80,635003.5,485080.5,117.12,ASPHALT,90,98,75
3,81,635003.5,485081.5,116.6,ASPHALT,84,96,76
3,82,635003.5,485082.5,116.21,GRASS,78,89,72
3,83,635003.5,485083.5,116.21,GRASS,80,93,73
3,84,635003.5,485084.5,115.81,GRASS,80,95,76
3,85,635003.5,485085.5,115.42,GRASS,83,92,75
3,86,635003.5,485086.5,114.98,ASPHALT,96,107,90
3,87,635003.5,485087.5,114.73,GRASS,80,93,75
3,88,635003.5,485088.5,114.73,GRASS,85,94,75
3,89,635003.5,485089.5,114.56,ASPHALT,101,106,86
3,90,635003.5,485090.5,114.46,ASPHALT,104,103,83
3,91,635003.5,485091.5,114.43,ASPHALT,123,120,101
3,92,635003.5,485092.5,114.43,ASPHALT,132,125,106
3,93,635003.5,485093.5,114.43,ASPHALT,87,95,74
3,94,635003.5,485094.5,114.37,GRASS,83,96,76
3,95,635003.5,485095.5,114.31,ASPHALT,93,102,81
3,96,635003.5,485096.5,114.29,ASPHALT,88,100,76
3,97,635003.5,485097.5,114.26,ASPHALT,88,101,83
3,98,635003.5,485098.5,114.26,ASPHALT,106,116,92
3,99,635003.5,485099.5,114.24,ASPHALT,99,111,87
4,0,635004.5,485000.5,123.11,ASPHALT,96,100,101
4,1,635004.5,485001.5,123.07,ASPHALT,108,110,109
4,2,635004.5,485002.5,123.07,GRASS,74,69,65
4,3,635004.5,485003.5,123.16,GRASS,22,32,31
4,4,635004.5,485004.5,123.04,GRASS,74,91,72
4,5,635004.5,485005.5,122.27,GRASS,48,55,48
4,6,635004.5,485006.5,122.19,ASPHALT,95,110,81
4,7,635004.5,485007.5,122.19,ASPHALT,99,105,95
4,8,635004.5,485008.5,122.77,ASPHALT,110,116,104
4,9,635004.5,485009.5,122.79,ASPHALT,95,95,87
4,10,635004.5,485010.5,122.83,ASPHALT,83,83,81
4,11,635004.5,485011.5,122.82,ASPHALT,92,91,89
4,12,635004.5,485012.5,122.82,ASPHALT,92,90,91
4,13,635004.5,485013.5,122.85,ASPHALT,94,91,86
4,14,635004.5,485014.5,122.04,ASPHALT,95,90,87
4,15,635004.5,485015.5,120.8,GRASS,35,30,36
4,16,635004.5,485016.5,120.11,GRASS,22,31,38
4,17,635004.5,485017.5,120.11,GRASS,68,83,64
4,18,635004.5,485018.5,120.06,GRASS,34,45,37
4,19,635004.5,485019.5,119.97,GRASS,40,47,39
4,20,635004.5,485020.5,119.99,ASPHALT,96,106,82
4,21,635004.5,485021.5,119.99,ASPHALT,86,100,75
4,22,635004.5,485022.5,119.97,ASPHALT,97,102,80
4,23,635004.5,485023.5,119.94,GRASS,80,92,68
4,24,635004.5,485024.5,119.94,GRASS,65,76,59
4,25,635004.5,485025.5,119.9,GRASS,53,66,48
4,26,635004.5,485026.5,119.9,GRASS,65,79,66
4,27,635004.5,485027.5,119.84,GRASS,26,38,38
4,28,635004.5,485028.5,119.77,GRASS,56,60,59
4,29,635004.5,485029.5,119.65,GRASS,49,59,50
4,30,635004.5,485030.5,119.6,ASPHALT,86,95,78
4,31,635004.5,485031.5,119.6,GRASS,35,43,46
4,32,635004.5,485032.5,119.51,GRASS,32,41,46
4,33,635004.5,485033.5,119.56,GRASS,41,51,52
4,34,635004.5,485034.5,119.53,GRASS,79,88,69
4,35,635004.5,485035.5,119.54,ASPHALT,117,112,92
4,36,635004.5,485036.5,119.54,ASPHALT,112,110,87
4,37,635004.5,485037.5,119.53,ASPHALT,109,113,90
4,38,635004.5,485038.5,119.52,GRASS,73,81,66
4,39,635004.5,485039.5,119.44,ASPHALT,97,110,90
4,40,635004.5,485040.5,119.44,ASPHALT,105,121,95
4,41,635004.5,485041.5,119.5,ASPHALT,91,104,86
4,42,635004.5,485042.5,119.37,GRASS,49,62,52
4,43,635004.5,485043.5,119.24,GRASS,73,86,76
4,44,635004.5,485044.5,119.12,GRASS,46,58,56
4,45,635004.5,485045.5,119.12,GRASS,23,32,39
4,46,635004.5,485046.5,118.68,GRASS,25,34,41
4,47,635004.5,485047.5,118.68,GRASS,26,35,44
4,48,635004.5,485048.5,118.62,GRASS,21,31,40
4,49,635004.5,485049.5,118.62,GRASS,23,33,42
4,50,635004.5,485050.5,118.62,GRASS,23,34,40
4,51,635004.5,485051.5,118.63,GRASS,28,35,43
4,52,635004.5,485052.5,118.58,GRASS,64,69,65
4,53,635004.5,485053.5,118.58,GRASS,79,82,71
4,54,635004.5,485054.5,118.54,ASPHALT,93,94,76
4,55,635004.5,485055.5,118.54,ASPHALT,117,112,92
4,56,635004.5,485056.5,118.52,ASPHALT,101,100,79
4,57,635004.5,485057.5,118.47,ASPHALT,112,111,90
4,58,635004.5,485058.5,118.49,ASPHALT,128,126,103
4,59,635004.5,485059.5,118.45,ASPHALT,109,107,86
4,60,635004.5,485060.5,118.45,ASPHALT,111,110,89
4,61,635004.5,485061.5,118.39,DIRT,102,100,79
4,62,635004.5,485062.5,118.24,ASPHALT,99,101,80
4,63,635004.5,485063.5,118.01,ASPHALT,100,103,84
4,64,635004.5,485064.5,118.01,ASPHALT,96,100,83
4,65,635004.5,485065.5,117.73,ASPHALT,94,96,82
4,66,635004.5,485066.5,117.44,ASPHALT,87,91,74
4,67,635004.5,485067.5,117.25,GRASS,82,89,71
4,68,635004.5,485068.5,117.04,ASPHALT,99,103,80
4,69,635004.5,485069.5,117.04,ASPHALT,113,112,92
4,70,635004.5,485070.5,117.15,CONCRETE,141,134,115
4,71,635004.5,485071.5,117.17,CONCRETE,168,156,140
4,72,635004.5,485072.5,117.26,CONCRETE,195,188,178
4,73,635004.5,485073.5,117.34,CONCRETE,207,199,186
4,74,635004.5,485074.5,117.34,CONCRETE,210,200,188
4,75,635004.5,485075.5,117.39,CONCRETE,207,199,186
4,76,635004.5,485076.5,117.45,CONCRETE,207,199,186
4,77,635004.5,485077.5,117.33,CONCRETE,188,183,164
4,78,635004.5,485078.5,117.01,ASPHALT,126,125,104
4,79,635004.5,485079.5,117.01,ASPHALT,98,108,84
4,80,635004.5,485080.5,116.42,ASPHALT,84,95,78
4,81,635004.5,485081.5,116.02,GRASS,62,75,57
4,82,635004.5,485082.5,115.65,GRASS,76,82,68
4,83,635004.5,485083.5,115.65,GRASS,81,93,73
4,84,635004.5,485084.5,115.29,GRASS,78,87,68
4,85,635004.5,485085.5,114.95,GRASS,85,94,73
4,86,635004.5,485086.5,114.73,GRASS,70,81,64
4,87,635004.5,485087.5,114.56,ASPHALT,98,106,83
4,88,635004.5,485088.5,114.56,GRASS,79,88,67
4,89,635004.5,485089.5,114.51,ASPHALT,97,105,81
4,90,635004.5,485090.5,114.43,ASPHALT,105,108,87
4,91,635004.5,485091.5,114.44,ASPHALT,114,107,88
4,92,635004.5,485092.5,114.41,ASPHALT,114,112,89
4,93,635004.5,485093.5,114.41,ASPHALT,115,119,94
4,94,635004.5,485094.5,114.36,ASPHALT,91,103,79
4,95,635004.5,485095.5,114.31,ASPHALT,85,99,76
4,96,635004.5,485096.5,114.26,ASPHALT,90,102,78
4,97,635004.5,485097.5,114.22,GRASS,82,94,74
4,98,635004.5,485098.5,114.22,ASPHALT,106,114,91
4,99,635004.5,485099.5,114.21,ASPHALT,105,113,89
5,0,635005.5,485000.5,123.17,ASPHALT,89,89,91
5,1,635005.5,485001.5,122.99,ASPHALT,91,84,78
5,2,635005.5,485002.5,122.99,GRASS,25,36,32
5,3,635005.5,485003.5,122.96,GRASS,66,82,72
5,4,635005.5,485004.5,122.49,GRASS,26,36,35
5,5,635005.5,485005.5,121.43,ASPHALT,84,92,77
5,6,635005.5,485006.5,120.95,GRASS,58,64,64
5,7,635005.5,485007.5,120.95,ASPHALT,95,97,92
5,8,635005.5,485008.5,121.9,ASPHALT,96,95,93
5,9,635005.5,485009.5,122.83,ASPHALT,98,96,97
5,10,635005.5,485010.5,122.82,ASPHALT,91,93,90
5,11,635005.5,485011.5,122.86,ASPHALT,92,93,95
5,12,635005.5,485012.5,122.86,ASPHALT,83,83,83
5,13,635005.5,485013.5,122.83,ASPHALT,95,94,92
5,14,635005.5,485014.5,122.7,ASPHALT,106,96,94
5,15,635005.5,485015.5,120.96,GRASS,62,63,49
5,16,635005.5,485016.5,120.09,GRASS,37,47,48
5,17,635005.5,485017.5,120.09,GRASS,22,33,35
5,18,635005.5,485018.5,120.06,GRASS,32,40,42
5,19,635005.5,485019.5,120.05,GRASS,84,86,72
5,20,635005.5,485020.5,119.95,ASPHALT,97,105,81
5,21,635005.5,485021.5,119.95,ASPHALT,101,100,80
5,22,635005.5,485022.5,119.96,CONCRETE,140,132,121
5,23,635005.5,485023.5,119.95,ASPHALT,97,100,81
5,24,635005.5,485024.5,119.93,GRASS,64,75,58
5,25,635005.5,485025.5,119.91,GRASS,77,92,71
5,26,635005.5,485026.5,119.91,GRASS,56,75,53
5,27,635005.5,485027.5,119.9,GRASS,60,74,59
5,28,635005.5,485028.5,119.82,GRASS,34,43,40
5,29,635005.5,485029.5,119.72,GRASS,64,79,58
5,30,635005.5,485030.5,119.56,ASPHALT,87,100,82
5,31,635005.5,485031.5,119.56,GRASS,45,47,44
5,32,635005.5,485032.5,119.6,ASPHALT,99,100,92
5,33,635005.5,485033.5,119.59,GRASS,58,66,55
5,34,635005.5,485034.5,119.58,ASPHALT,105,107,85
5,35,635005.5,485035.5,119.58,ASPHALT,120,120,96
5,36,635005.5,485036.5,119.58,ASPHALT,121,123,99
5,37,635005.5,485037.5,119.58,ASPHALT,88,94,80
5,38,635005.5,485038.5,119.51,ASPHALT,90,102,80
5,39,635005.5,485039.5,119.47,ASPHALT,111,120,99
5,40,635005.5,485040.5,119.47,ASPHALT,104,115,98
5,41,635005.5,485041.5,119.48,ASPHALT,104,117,99
5,42,635005.5,485042.5,119.37,ASPHALT,89,100,84
5,43,635005.5,485043.5,119.25,GRASS,37,48,44
5,44,635005.5,485044.5,119.08,GRASS,24,33,38
5,45,635005.5,485045.5,119.08,GRASS,24,35,41
5,46,635005.5,485046.5,118.72,GRASS,19,28,35
5,47,635005.5,485047.5,118.66,GRASS,20,29,36
5,48,635005.5,485048.5,118.62,GRASS,23,34,40
5,49,635005.5,485049.5,118.64,GRASS,26,33,39
5,50,635005.5,485050.5,118.64,GRASS,31,40,39
5,51,635005.5,485051.5,118.62,GRASS,74,80,68
5,52,635005.5,485052.5,118.6,GRASS,82,86,71
5,53,635005.5,485053.5,118.54,GRASS,82,83,65
5,54,635005.5,485054.5,118.55,ASPHALT,110,111,93
5,55,635005.5,485055.5,118.55,ASPHALT,110,108,87
5,56,635005.5,485056.5,118.5,ASPHALT,105,104,83
5,57,635005.5,485057.5,118.48,ASPHALT,107,106,85
5,58,635005.5,485058.5,118.43,ASPHALT,119,117,96
5,59,635005.5,485059.5,118.33,ASPHALT,118,117,97
5,60,635005.5,485060.5,118.33,ASPHALT,105,103,82
5,61,635005.5,485061.5,118.06,ASPHALT,108,106,85
5,62,635005.5,485062.5,117.84,ASPHALT,88,92,77
5,63,635005.5,485063.5,117.58,ASPHALT,89,91,77
5,64,635005.5,485064.5,117.58,ASPHALT,88,91,74
5,65,635005.5,485065.5,117.34,ASPHALT,98,97,79
5,66,635005.5,485066.5,117.1,ASPHALT,98,101,82
5,67,635005.5,485067.5,117.0,ASPHALT,96,98,77
5,68,635005.5,485068.5,117.02,DIRT,91,93,72
5,69,635005.5,485069.5,117.02,ASPHALT,118,116,95
5,70,635005.5,485070.5,117.08,CONCRETE,164,156,143
5,71,635005.5,485071.5,117.13,CONCRETE,193,189,178
5,72,635005.5,485072.5,117.2,CONCRETE,205,197,184
5,73,635005.5,485073.5,117.26,CONCRETE,206,198,185
5,74,635005.5,485074.5,117.26,CONCRETE,208,200,187
5,75,635005.5,485075.5,117.39,CONCRETE,202,196,182
5,76,635005.5,485076.5,117.18,CONCRETE,188,182,166
5,77,635005.5,485077.5,116.79,ASPHALT,112,114,92
5,78,635005.5,485078.5,116.39,ASPHALT,91,100,79
5,79,635005.5,485079.5,116.39,GRASS,85,99,74
5,80,635005.5,485080.5,115.99,GRASS,75,88,70
5,81,635005.5,485081.5,115.48,GRASS,78,91,73
5,82,635005.5,485082.5,115.12,GRASS,78,91,71
5,83,635005.5,485083.5,115.12,GRASS,78,89,72
5,84,635005.5,485084.5,114.86,ASPHALT,86,98,78
5,85,635005.5,485085.5,114.66,ASPHALT,87,102,83
5,86,635005.5,485086.5,114.59,ASPHALT,90,99,78
5,87,635005.5,485087.5,114.58,ASPHALT,107,115,91
5,88,635005.5,485088.5,114.58,ASPHALT,97,107,83
5,89,635005.5,485089.5,114.51,ASPHALT,110,118,94
5,90,635005.5,485090.5,114.46,ASPHALT,93,98,78
5,91,635005.5,485091.5,114.45,DIRT,109,107,84
5,92,635005.5,485092.5,114.37,ASPHALT,127,126,105
5,93,635005.5,485093.5,114.37,ASPHALT,107,111,86
5,94,635005.5,485094.5,114.35,ASPHALT,110,116,90
5,95,635005.5,485095.5,114.29,ASPHALT,105,115,91
5,96,635005.5,485096.5,114.28,ASPHALT,98,106,83
5,97,635005.5,485097.5,114.25,ASPHALT,90,99,80
5,98,635005.5,485098.5,114.25,ASPHALT,89,98,79
5,99,635005.5,485099.5,114.21,ASPHALT,129,126,107
6,0,635006.5,485000.5,123.25,ASPHALT,91,92,86
6,1,635006.5,485001.5,122.94,GRASS,25,34,31
6,2,635006.5,485002.5,122.94,ASPHALT,105,116,99
6,3,635006.5,485003.5,122.48,GRASS,27,38,32
6,4,635006.5,485004.5,121.8,ASPHALT,94,100,88
6,5,635006.5,485005.5,121.41,GRASS,68,73,69
6,6,635006.5,485006.5,120.91,GRASS,70,73,66
6,7,635006.5,485007.5,120.91,GRASS,39,39,39
6,8,635006.5,485008.5,121.08,ASPHALT,86,87,82
6,9,635006.5,485009.5,122.62,ASPHALT,79,83,84
6,10,635006.5,485010.5,122.86,ASPHALT,90,94,95
6,11,635006.5,485011.5,122.83,ASPHALT,101,101,103
6,12,635006.5,485012.5,122.83,ASPHALT,88,84,83
6,13,635006.5,485013.5,122.72,ASPHALT,117,108,103
6,14,635006.5,485014.5,122.54,ASPHALT,108,97,93
6,15,635006.5,485015.5,120.17,GRASS,77,87,62
6,16,635006.5,485016.5,120.08,GRASS,34,43,40
6,17,635006.5,485017.5,120.08,GRASS,34,45,47
6,18,635006.5,485018.5,120.01,ASPHALT,96,105,88
6,19,635006.5,485019.5,120.0,ASPHALT,87,99,79
6,20,635006.5,485020.5,119.96,ASPHALT,92,100,77
6,21,635006.5,485021.5,119.96,ASPHALT,125,126,110
6,22,635006.5,485022.5,119.92,ASPHALT,122,114,103
6,23,635006.5,485023.5,119.94,ASPHALT,101,102,86
6,24,635006.5,485024.5,119.93,GRASS,84,91,73
6,25,635006.5,485025.5,119.91,GRASS,66,84,58
6,26,635006.5,485026.5,119.91,GRASS,61,78,60
6,27,635006.5,485027.5,119.85,GRASS,70,88,64
6,28,635006.5,485028.5,119.8,GRASS,41,54,44
6,29,635006.5,485029.5,119.63,GRASS,63,72,67
6,30,635006.5,485030.5,119.63,GRASS,45,53,42
6,31,635006.5,485031.5,119.63,ASPHALT,111,113,92
6,32,635006.5,485032.5,119.62,GRASS,87,91,68
6,33,635006.5,485033.5,119.6,ASPHALT,110,112,90
6,34,635006.5,485034.5,119.54,ASPHALT,93,97,74
6,35,635006.5,485035.5,119.57,ASPHALT,117,121,98
6,36,635006.5,485036.5,119.57,GRASS,80,84,69
6,37,635006.5,485037.5,119.56,GRASS,79,83,66
6,38,635006.5,485038.5,119.46,CONCRETE,160,159,139
6,39,635006.5,485039.5,119.41,CONCRETE,160,154,138
6,40,635006.5,485040.5,119.41,ASPHALT,112,121,102
6,41,635006.5,485041.5,119.44,GRASS,79,90,73
6,42,635006.5,485042.5,119.4,ASPHALT,86,99,81
6,43,635006.5,485043.5,119.22,GRASS,62,73,67
6,44,635006.5,485044.5,119.06,GRASS,72,83,79
6,45,635006.5,485045.5,119.06,GRASS,23,32,39
6,46,635006.5,485046.5,118.69,GRASS,29,40,44
6,47,635006.5,485047.5,118.64,GRASS,24,33,40
6,48,635006.5,485048.5,118.65,GRASS,26,34,37
6,49,635006.5,485049.5,118.62,GRASS,52,55,48
6,50,635006.5,485050.5,118.62,ASPHALT,102,107,87
6,51,635006.5,485051.5,118.57,GRASS,84,87,66
6,52,635006.5,485052.5,118.55,GRASS,90,92,70
6,53,635006.5,485053.5,118.51,GRASS,89,86,67
6,54,635006.5,485054.5,118.48,ASPHALT,103,105,84
6,55,635006.5,485055.5,118.48,ASPHALT,109,108,88
6,56,635006.5,485056.5,118.5,DIRT,99,97,76
6,57,635006.5,485057.5,118.44,ASPHALT,112,107,87
6,58,635006.5,485058.5,118.2,ASPHALT,101,102,84
6,59,635006.5,485059.5,117.96,ASPHALT,110,111,93
6,60,635006.5,485060.5,117.96,GRASS,81,84,67
6,61,635006.5,485061.5,117.72,DIRT,100,99,78
6,62,635006.5,485062.5,117.44,ASPHALT,92,96,79
6,63,635006.5,485063.5,117.22,ASPHALT,106,108,87
6,64,635006.5,485064.5,117.22,ASPHALT,98,100,78
6,65,635006.5,485065.5,117.0,ASPHALT,107,106,85
6,66,635006.5,485066.5,116.87,ASPHALT,102,105,84
6,67,635006.5,485067.5,116.88,ASPHALT,94,96,75
6,68,635006.5,485068.5,116.96,ASPHALT,119,112,93
6,69,635006.5,485069.5,116.96,CONCRETE,178,168,156
6,70,635006.5,485070.5,117.02,CONCRETE,198,196,184
6,71,635006.5,485071.5,117.06,CONCRETE,199,193,179
6,72,635006.5,485072.5,117.14,CONCRETE,208,198,186
6,73,635006.5,485073.5,117.2,CONCRETE,206,198,185
6,74,635006.5,485074.5,117.2,CONCRETE,199,193,179
6,75,635006.5,485075.5,117.19,CONCRETE,186,177,160
6,76,635006.5,485076.5,116.65,ASPHALT,111,115,92
6,77,635006.5,485077.5,116.19,ASPHALT,94,102,81
6,78,635006.5,485078.5,115.83,GRASS,78,87,68
6,79,635006.5,485079.5,115.83,GRASS,84,98,73
6,80,635006.5,485080.5,115.51,GRASS,75,88,70
6,81,635006.5,485081.5,115.05,GRASS,68,83,64
6,82,635006.5,485082.5,114.75,GRASS,80,91,74
6,83,635006.5,485083.5,114.75,GRASS,72,83,66
6,84,635006.5,485084.5,114.65,GRASS,81,93,73
6,85,635006.5,485085.5,114.59,ASPHALT,94,99,79
6,86,635006.5,485086.5,114.55,ASPHALT,88,101,81
6,87,635006.5,485087.5,114.53,ASPHALT,85,98,80
6,88,635006.5,485088.5,114.53,ASPHALT,88,100,78
6,89,635006.5,485089.5,114.5,ASPHALT,108,114,88
6,90,635006.5,485090.5,114.46,ASPHALT,93,101,77
6,91,635006.5,485091.5,114.42,ASPHALT,124,124,100
6,92,635006.5,485092.5,114.39,ASPHALT,109,113,86
6,93,635006.5,485093.5,114.39,ASPHALT,115,119,94
6,94,635006.5,485094.5,114.35,ASPHALT,104,108,85
6,95,635006.5,485095.5,114.29,ASPHALT,103,111,87
6,96,635006.5,485096.5,114.26,ASPHALT,105,115,91
6,97,635006.5,485097.5,114.19,ASPHALT,97,105,82
6,98,635006.5,485098.5,114.19,ASPHALT,99,104,84
6,99,635006.5,485099.5,114.21,ASPHALT,130,125,106
7,0,635007.5,485000.5,122.99,GRASS,22,35,26
7,1,635007.5,485001.5,122.42,GRASS,70,88,72
7,2,635007.5,485002.5,122.42,GRASS,27,36,35
7,3,635007.5,485003.5,121.94,GRASS,81,93,73
7,4,635007.5,485004.5,121.27,GRASS,70,90,65
7,5,635007.5,485005.5,120.97,GRASS,28,39,31
7,6,635007.5,485006.5,120.63,GRASS,53,64,50
7,7,635007.5,485007.5,120.63,ASPHALT,87,87,79
7,8,635007.5,485008.5,120.69,ASPHALT,99,100,86
7,9,635007.5,485009.5,122.03,GRASS,60,65,69
7,10,635007.5,485010.5,122.81,GRASS,51,56,59
7,11,635007.5,485011.5,122.78,GRASS,66,70,71
7,12,635007.5,485012.5,122.78,ASPHALT,99,93,93
7,13,635007.5,485013.5,122.66,ASPHALT,95,93,81
7,14,635007.5,485014.5,120.34,GRASS,61,72,55
7,15,635007.5,485015.5,120.08,GRASS,55,66,60
7,16,635007.5,485016.5,120.05,GRASS,22,32,33
7,17,635007.5,485017.5,120.05,GRASS,64,78,63
7,18,635007.5,485018.5,120.04,ASPHALT,94,107,79
7,19,635007.5,485019.5,120.03,ASPHALT,110,109,88
7,20,635007.5,485020.5,119.92,ASPHALT,121,115,103
7,21,635007.5,485021.5,119.92,ASPHALT,117,113,102
7,22,635007.5,485022.5,119.94,ASPHALT,129,122,112
7,23,635007.5,485023.5,119.94,ASPHALT,122,113,104
7,24,635007.5,485024.5,119.95,CONCRETE,135,129,115
7,25,635007.5,485025.5,119.87,ASPHALT,87,99,75
7,26,635007.5,485026.5,119.87,ASPHALT,85,100,77
7,27,635007.5,485027.5,119.78,GRASS,85,99,74
7,28,635007.5,485028.5,119.7,GRASS,74,81,74
7,29,635007.5,485029.5,119.67,GRASS,45,47,46
7,30,635007.5,485030.5,119.68,ASPHALT,122,113,98
7,31,635007.5,485031.5,119.68,ASPHALT,103,105,83
7,32,635007.5,485032.5,119.61,DIRT,112,107,85
7,33,635007.5,485033.5,119.59,ASPHALT,117,117,93
7,34,635007.5,485034.5,119.56,ASPHALT,111,113,91
7,35,635007.5,485035.5,119.54,GRASS,70,77,61
7,36,635007.5,485036.5,119.54,ASPHALT,93,102,81
7,37,635007.5,485037.5,119.52,GRASS,67,70,51
7,38,635007.5,485038.5,119.48,GRASS,78,77,59
7,39,635007.5,485039.5,119.37,CONCRETE,155,148,130
7,40,635007.5,485040.5,119.37,ASPHALT,111,117,103
7,41,635007.5,485041.5,119.39,ASPHALT,102,111,94
7,42,635007.5,485042.5,119.38,ASPHALT,108,121,103
7,43,635007.5,485043.5,119.37,ASPHALT,101,114,97
7,44,635007.5,485044.5,119.02,ASPHALT,84,97,80
7,45,635007.5,485045.5,119.02,GRASS,70,82,72
7,46,635007.5,485046.5,118.75,GRASS,60,72,62
7,47,635007.5,485047.5,118.63,GRASS,23,33,35
7,48,635007.5,485048.5,118.59,GRASS,32,38,34
7,49,635007.5,485049.5,118.55,DIRT,96,95,75
7,50,635007.5,485050.5,118.55,ASPHALT,101,103,81
7,51,635007.5,485051.5,118.51,ASPHALT,100,103,82
7,52,635007.5,485052.5,118.55,ASPHALT,102,101,81
7,53,635007.5,485053.5,118.49,ASPHALT,104,102,81
7,54,635007.5,485054.5,118.46,ASPHALT,97,98,80
7,55,635007.5,485055.5,118.46,ASPHALT,115,110,90
7,56,635007.5,485056.5,118.41,ASPHALT,103,102,81
7,57,635007.5,485057.5,118.14,DIRT,97,96,75
7,58,635007.5,485058.5,117.86,GRASS,84,91,75
7,59,635007.5,485059.5,117.53,GRASS,83,88,68
7,60,635007.5,485060.5,117.53,GRASS,87,90,69
7,61,635007.5,485061.5,117.31,DIRT,100,99,78
7,62,635007.5,485062.5,117.05,ASPHALT,104,103,83
7,63,635007.5,485063.5,116.88,ASPHALT,107,106,85
7,64,635007.5,485064.5,116.88,ASPHALT,92,94,73
7,65,635007.5,485065.5,116.79,ASPHALT,105,107,86
7,66,635007.5,485066.5,116.77,ASPHALT,97,99,78
7,67,635007.5,485067.5,116.81,ASPHALT,125,118,99
7,68,635007.5,485068.5,116.88,CONCRETE,176,169,153
7,69,635007.5,485069.5,116.88,CONCRETE,200,196,185
7,70,635007.5,485070.5,116.95,CONCRETE,201,197,185
7,71,635007.5,485071.5,117.02,CONCRETE,207,199,186
7,72,635007.5,485072.5,117.08,CONCRETE,205,197,184
7,73,635007.5,485073.5,116.94,CONCRETE,201,195,181
7,74,635007.5,485074.5,116.94,CONCRETE,184,177,159
7,75,635007.5,485075.5,116.56,ASPHALT,111,113,91
7,76,635007.5,485076.5,116.09,GRASS,75,87,67
7,77,635007.5,485077.5,115.51,GRASS,79,90,73
7,78,635007.5,485078.5,115.25,ASPHALT,95,102,86
7,79,635007.5,485079.5,115.25,GRASS,82,96,73
7,80,635007.5,485080.5,115.03,GRASS,73,86,69
7,81,635007.5,485081.5,114.75,GRASS,74,87,69
7,82,635007.5,485082.5,114.59,ASPHALT,88,100,80
7,83,635007.5,485083.5,114.59,GRASS,74,85,68
7,84,635007.5,485084.5,114.58,ASPHALT,87,99,79
7,85,635007.5,485085.5,114.58,GRASS,80,95,76
7,86,635007.5,485086.5,114.54,GRASS,76,91,72
7,87,635007.5,485087.5,114.51,ASPHALT,95,106,89
7,88,635007.5,485088.5,114.51,GRASS,80,93,73
7,89,635007.5,485089.5,114.51,ASPHALT,98,108,84
7,90,635007.5,485090.5,114.44,ASPHALT,103,111,87
7,91,635007.5,485091.5,114.41,ASPHALT,105,111,85
7,92,635007.5,485092.5,114.39,DIRT,97,106,75
7,93,635007.5,485093.5,114.39,ASPHALT,99,104,81
7,94,635007.5,485094.5,114.34,ASPHALT,101,111,86
7,95,635007.5,485095.5,114.31,ASPHALT,101,111,86
7,96,635007.5,485096.5,114.25,ASPHALT,103,111,87
7,97,635007.5,485097.5,114.2,ASPHALT,100,103,82
7,98,635007.5,485098.5,114.2,ASPHALT,117,112,92
7,99,635007.5,485099.5,114.2,ASPHALT,130,125,105
8,0,635008.5,485000.5,122.47,GRASS,52,69,59
8,1,635008.5,485001.5,121.88,GRASS,32,38,34
8,2,635008.5,485002.5,121.88,ASPHALT,106,114,91
8,3,635008.5,485003.5,121.28,ASPHALT,96,122,85
8,4,635008.5,485004.5,120.75,GRASS,42,59,43
8,5,635008.5,485005.5,120.46,ASPHALT,84,90,76
8,6,635008.5,485006.5,120.42,GRASS,66,72,58
8,7,635008.5,485007.5,120.42,GRASS,47,52,45
8,8,635008.5,485008.5,120.52,ASPHALT,98,100,86
8,9,635008.5,485009.5,120.6,GRASS,35,45,47
8,10,635008.5,485010.5,122.77,GRASS,54,55,60
8,11,635008.5,485011.5,122.67,ASPHALT,98,94,95
8,12,635008.5,485012.5,122.67,ASPHALT,90,91,86
8,13,635008.5,485013.5,121.27,ASPHALT,109,97,85
8,14,635008.5,485014.5,120.27,GRASS,49,55,45
8,15,635008.5,485015.5,120.14,GRASS,24,33,32
8,16,635008.5,485016.5,120.08,GRASS,53,65,61
8,17,635008.5,485017.5,120.08,ASPHALT,85,98,78
8,18,635008.5,485018.5,120.03,ASPHALT,117,118,100
8,19,635008.5,485019.5,119.98,ASPHALT,117,111,99
8,20,635008.5,485020.5,120.0,ASPHALT,112,104,93
8,21,635008.5,485021.5,120.0,CONCRETE,134,127,119
8,22,635008.5,485022.5,119.92,ASPHALT,116,109,99
8,23,635008.5,485023.5,119.95,ASPHALT,124,120,111
8,24,635008.5,485024.5,119.89,ASPHALT,107,101,89
8,25,635008.5,485025.5,119.85,ASPHALT,98,106,85
8,26,635008.5,485026.5,119.85,GRASS,67,80,63
8,27,635008.5,485027.5,119.73,GRASS,82,85,74
8,28,635008.5,485028.5,119.72,GRASS,42,44,43
8,29,635008.5,485029.5,119.7,CONCRETE,145,137,118
8,30,635008.5,485030.5,119.69,DIRT,98,97,76
8,31,635008.5,485031.5,119.69,ASPHALT,117,116,95
8,32,635008.5,485032.5,119.65,ASPHALT,118,120,96
8,33,635008.5,485033.5,119.57,CONCRETE,133,132,112
8,34,635008.5,485034.5,119.53,GRASS,79,83,68
8,35,635008.5,485035.5,119.44,GRASS,72,81,64
8,36,635008.5,485036.5,119.44,GRASS,79,88,69
8,37,635008.5,485037.5,119.43,ASPHALT,90,95,75
8,38,635008.5,485038.5,119.45,ASPHALT,88,92,75
8,39,635008.5,485039.5,119.39,ASPHALT,94,108,134
8,40,635008.5,485040.5,119.39,GRASS,55,63,76
8,41,635008.5,485041.5,119.43,CONCRETE,135,130,111
8,42,635008.5,485042.5,119.41,ASPHALT,99,108,89
8,43,635008.5,485043.5,119.21,ASPHALT,94,109,86
8,44,635008.5,485044.5,118.9,GRASS,75,92,76
8,45,635008.5,485045.5,118.9,GRASS,59,73,60
8,46,635008.5,485046.5,118.73,GRASS,56,67,51
8,47,635008.5,485047.5,118.63,ASPHALT,98,101,84
8,48,635008.5,485048.5,118.51,ASPHALT,91,92,76
8,49,635008.5,485049.5,118.53,ASPHALT,95,96,78
8,50,635008.5,485050.5,118.53,ASPHALT,113,112,91
8,51,635008.5,485051.5,118.53,DIRT,94,96,74
8,52,635008.5,485052.5,118.47,ASPHALT,107,106,86
8,53,635008.5,485053.5,118.42,DIRT,99,97,76
8,54,635008.5,485054.5,118.26,ASPHALT,110,109,89
8,55,635008.5,485055.5,118.26,DIRT,94,93,73
8,56,635008.5,485056.5,117.99,ASPHALT,97,99,78
8,57,635008.5,485057.5,117.69,ASPHALT,90,93,74
8,58,635008.5,485058.5,117.38,ASPHALT,93,100,82
8,59,635008.5,485059.5,117.17,ASPHALT,101,105,88
8,60,635008.5,485060.5,117.17,ASPHALT,121,119,98
8,61,635008.5,485061.5,116.95,ASPHALT,119,114,95
8,62,635008.5,485062.5,116.72,ASPHALT,106,103,84
8,63,635008.5,485063.5,116.62,ASPHALT,112,109,90
8,64,635008.5,485064.5,116.62,ASPHALT,92,94,73
8,65,635008.5,485065.5,116.62,ASPHALT,100,102,81
8,66,635008.5,485066.5,116.68,ASPHALT,132,125,107
8,67,635008.5,485067.5,116.73,CONCRETE,188,182,168
8,68,635008.5,485068.5,116.8,CONCRETE,197,191,179
8,69,635008.5,485069.5,116.8,CONCRETE,197,191,179
8,70,635008.5,485070.5,116.88,CONCRETE,206,198,185
8,71,635008.5,485071.5,116.96,CONCRETE,206,198,185
8,72,635008.5,485072.5,116.77,CONCRETE,203,195,182
8,73,635008.5,485073.5,116.36,CONCRETE,187,180,162
8,74,635008.5,485074.5,116.36,ASPHALT,100,104,87
8,75,635008.5,485075.5,115.97,GRASS,84,93,74
8,76,635008.5,485076.5,115.6,GRASS,82,94,74
8,77,635008.5,485077.5,115.21,GRASS,70,83,63
8,78,635008.5,485078.5,114.9,ASPHALT,103,110,92
8,79,635008.5,485079.5,114.9,GRASS,77,90,70
8,80,635008.5,485080.5,114.76,ASPHALT,83,94,77
8,81,635008.5,485081.5,114.59,ASPHALT,89,98,77
8,82,635008.5,485082.5,114.57,GRASS,73,88,69
8,83,635008.5,485083.5,114.57,ASPHALT,101,109,86
8,84,635008.5,485084.5,114.58,ASPHALT,88,100,78
8,85,635008.5,485085.5,114.55,ASPHALT,81,98,79
8,86,635008.5,485086.5,114.53,GRASS,77,92,69
8,87,635008.5,485087.5,114.54,ASPHALT,88,102,79
8,88,635008.5,485088.5,114.54,ASPHALT,92,104,82
8,89,635008.5,485089.5,114.49,ASPHALT,99,111,89
8,90,635008.5,485090.5,114.45,GRASS,82,94,72
8,91,635008.5,485091.5,114.41,ASPHALT,92,102,78
8,92,635008.5,485092.5,114.35,ASPHALT,93,105,83
8,93,635008.5,485093.5,114.35,ASPHALT,98,106,82
8,94,635008.5,485094.5,114.34,ASPHALT,99,109,85
8,95,635008.5,485095.5,114.28,GRASS,83,96,76
8,96,635008.5,485096.5,114.2,ASPHALT,103,111,87
8,97,635008.5,485097.5,114.18,ASPHALT,118,120,99
8,98,635008.5,485098.5,114.18,CONCRETE,159,152,134
8,99,635008.5,485099.5,114.16,ASPHALT,119,117,96
9,0,635009.5,485000.5,121.85,GRASS,29,34,37
9,1,635009.5,485001.5,121.83,ASPHALT,98,106,91
9,2,635009.5,485002.5,121.83,GRASS,81,105,73
9,3,635009.5,485003.5,120.99,GRASS,42,61,41
9,4,635009.5,485004.5,120.48,GRASS,79,88,69
9,5,635009.5,485005.5,120.48,GRASS,74,87,67
9,6,635009.5,485006.5,120.41,ASPHALT,95,107,83
9,7,635009.5,485007.5,120.41,GRASS,78,87,70
9,8,635009.5,485008.5,120.39,GRASS,66,78,68
9,9,635009.5,485009.5,121.01,ASPHALT,81,88,98
9,10,635009.5,485010.5,122.76,ASPHALT,89,87,88
9,11,635009.5,485011.5,120.53,ASPHALT,92,92,92
9,12,635009.5,485012.5,120.53,ASPHALT,91,87,86
9,13,635009.5,485013.5,120.33,CONCRETE,140,136,127
9,14,635009.5,485014.5,120.26,GRASS,66,79,70
9,15,635009.5,485015.5,120.17,GRASS,56,68,54
9,16,635009.5,485016.5,120.09,GRASS,85,98,72
9,17,635009.5,485017.5,120.09,ASPHALT,95,100,80
9,18,635009.5,485018.5,120.03,ASPHALT,117,113,101
9,19,635009.5,485019.5,119.97,ASPHALT,134,125,108
9,20,635009.5,485020.5,119.96,CONCRETE,135,128,120
9,21,635009.5,485021.5,119.96,ASPHALT,109,111,98
9,22,635009.5,485022.5,119.97,ASPHALT,134,123,117
9,23,635009.5,485023.5,119.91,GRASS,84,80,71
9,24,635009.5,485024.5,119.89,ASPHALT,120,117,100
9,25,635009.5,485025.5,119.79,GRASS,74,88,65
9,26,635009.5,485026.5,119.79,GRASS,74,74,64
9,27,635009.5,485027.5,119.74,GRASS,44,45,47
9,28,635009.5,485028.5,119.75,ASPHALT,116,109,91
9,29,635009.5,485029.5,119.71,DIRT,94,96,74
9,30,635009.5,485030.5,119.7,ASPHALT,125,118,99
9,31,635009.5,485031.5,119.7,ASPHALT,101,103,82
9,32,635009.5,485032.5,119.67,ASPHALT,95,107,87
9,33,635009.5,485033.5,119.58,GRASS,84,88,73
9,34,635009.5,485034.5,119.43,GRASS,80,87,69
9,35,635009.5,485035.5,119.33,GRASS,70,79,60
9,36,635009.5,485036.5,119.33,GRASS,77,86,69
9,37,635009.5,485037.5,119.43,GRASS,86,95,74
9,38,635009.5,485038.5,119.46,GRASS,82,89,73
9,39,635009.5,485039.5,119.37,ASPHALT,84,98,83
9,40,635009.5,485040.5,119.37,ASPHALT,84,93,76
9,41,635009.5,485041.5,119.36,GRASS,83,84,68
9,42,635009.5,485042.5,119.28,GRASS,57,68,51
9,43,635009.5,485043.5,119.0,ASPHALT,100,109,92
9,44,635009.5,485044.5,118.67,GRASS,27,39,39
9,45,635009.5,485045.5,118.67,GRASS,37,44,37
9,46,635009.5,485046.5,118.67,GRASS,78,87,68
9,47,635009.5,485047.5,118.6,GRASS,82,86,71
9,48,635009.5,485048.5,118.54,ASPHALT,119,114,94
9,49,635009.5,485049.5,118.52,ASPHALT,103,104,86
9,50,635009.5,485050.5,118.52,ASPHALT,97,101,78
9,51,635009.5,485051.5,118.49,ASPHALT,110,109,89
9,52,635009.5,485052.5,118.33,ASPHALT,110,107,88
9,53,635009.5,485053.5,118.13,DIRT,98,93,73
9,54,635009.5,485054.5,117.9,ASPHALT,107,105,84
9,55,635009.5,485055.5,117.9,ASPHALT,92,95,78
9,56,635009.5,485056.5,117.58,GRASS,86,87,69
9,57,635009.5,485057.5,117.31,ASPHALT,89,92,75
9,58,635009.5,485058.5,117.05,GRASS,88,93,71
9,59,635009.5,485059.5,116.77,ASPHALT,99,102,83
9,60,635009.5,485060.5,116.77,ASPHALT,120,118,97
9,61,635009.5,485061.5,116.61,ASPHALT,100,97,80
9,62,635009.5,485062.5,116.54,ASPHALT,108,107,87
9,63,635009.5,485063.5,116.5,ASPHALT,107,106,85
9,64,635009.5,485064.5,116.5,ASPHALT,117,110,91
9,65,635009.5,485065.5,116.54,ASPHALT,134,127,108
9,66,635009.5,485066.5,116.6,CONCRETE,174,168,154
9,67,635009.5,485067.5,116.68,CONCRETE,203,196,186
9,68,635009.5,485068.5,116.75,CONCRETE,204,198,186
9,69,635009.5,485069.5,116.75,CONCRETE,201,195,183
9,70,635009.5,485070.5,116.85,CONCRETE,206,200,186
9,71,635009.5,485071.5,116.68,CONCRETE,198,190,177
9,72,635009.5,485072.5,116.27,CONCRETE,187,182,163
9,73,635009.5,485073.5,115.81,ASPHALT,110,115,93
9,74,635009.5,485074.5,115.81,ASPHALT,89,96,78
9,75,635009.5,485075.5,115.42,ASPHALT,87,96,77
9,76,635009.5,485076.5,115.16,ASPHALT,89,98,77
9,77,635009.5,485077.5,114.87,GRASS,76,87,70
9,78,635009.5,485078.5,114.69,GRASS,80,89,72
9,79,635009.5,485079.5,114.69,ASPHALT,85,98,78
9,80,635009.5,485080.5,114.62,GRASS,85,92,74
9,81,635009.5,485081.5,114.59,ASPHALT,88,101,83
9,82,635009.5,485082.5,114.6,ASPHALT,84,97,77
9,83,635009.5,485083.5,114.6,GRASS,85,98,72
9,84,635009.5,485084.5,114.58,ASPHALT,90,104,79
9,85,635009.5,485085.5,114.56,GRASS,71,86,65
9,86,635009.5,485086.5,114.56,GRASS,69,86,67
9,87,635009.5,485087.5,114.51,GRASS,79,94,75
9,88,635009.5,485088.5,114.51,GRASS,73,88,67
9,89,635009.5,485089.5,114.44,GRASS,77,90,72
9,90,635009.5,485090.5,114.42,GRASS,69,84,65
9,91,635009.5,485091.5,114.37,GRASS,82,95,75
9,92,635009.5,485092.5,114.34,ASPHALT,87,99,77
9,93,635009.5,485093.5,114.34,ASPHALT,102,107,85
9,94,635009.5,485094.5,114.26,ASPHALT,111,116,94
9,95,635009.5,485095.5,114.27,GRASS,70,79,58
9,96,635009.5,485096.5,114.19,ASPHALT,112,114,92
9,97,635009.5,485097.5,114.17,ASPHALT,110,107,90
9,98,635009.5,485098.5,114.17,ASPHALT,116,119,100
9,99,635009.5,485099.5,114.13,ASPHALT,96,105,86
10,0,635010.5,485000.5,121.85,GRASS,40,52,38
10,1,635010.5,485001.5,121.83,GRASS,66,90,66
10,2,635010.5,485002.5,121.83,GRASS,26,39,32
10,3,635010.5,485003.5,120.99,ASPHALT,86,98,78
10,4,635010.5,485004.5,120.48,GRASS,82,97,74
10,5,635010.5,485005.5,120.48,ASPHALT,92,104,84
10,6,635010.5,485006.5,120.41,GRASS,82,93,76
10,7,635010.5,485007.5,120.41,GRASS,61,72,55
10,8,635010.5,485008.5,120.39,GRASS,52,66,53
10,9,635010.5,485009.5,121.01,GRASS,54,60,58
10,10,635010.5,485010.5,122.76,GRASS,65,66,68
10,11,635010.5,485011.5,120.53,GRASS,76,77,71
10,12,635010.5,485012.5,120.53,GRASS,74,78,63
10,13,635010.5,485013.5,120.33,GRASS,36,46,45
10,14,635010.5,485014.5,120.26,GRASS,30,39,38
10,15,635010.5,485015.5,120.17,CONCRETE,129,128,123
10,16,635010.5,485016.5,120.09,ASPHALT,97,100,81
10,17,635010.5,485017.5,120.09,ASPHALT,100,94,80
10,18,635010.5,485018.5,120.03,CONCRETE,143,137,121
10,19,635010.5,485019.5,119.97,ASPHALT,121,117,105
10,20,635010.5,485020.5,119.96,ASPHALT,137,126,108
10,21,635010.5,485021.5,119.96,ASPHALT,95,111,85
10,22,635010.5,485022.5,119.97,GRASS,66,64,51
10,23,635010.5,485023.5,119.91,ASPHALT,103,112,93
10,24,635010.5,485024.5,119.89,GRASS,69,80,64
10,25,635010.5,485025.5,119.79,GRASS,78,78,68
10,26,635010.5,485026.5,119.79,GRASS,83,76,70
10,27,635010.5,485027.5,119.74,CONCRETE,150,141,124
10,28,635010.5,485028.5,119.75,ASPHALT,112,107,88
10,29,635010.5,485029.5,119.71,ASPHALT,121,114,95
10,30,635010.5,485030.5,119.7,ASPHALT,107,109,87
10,31,635010.5,485031.5,119.7,ASPHALT,94,104,80
10,32,635010.5,485032.5,119.67,GRASS,47,57,49
10,33,635010.5,485033.5,119.58,GRASS,43,49,45
10,34,635010.5,485034.5,119.43,GRASS,81,88,72
10,35,635010.5,485035.5,119.33,ASPHALT,89,98,79
10,36,635010.5,485036.5,119.33,ASPHALT,88,92,77
10,37,635010.5,485037.5,119.43,GRASS,82,94,74
10,38,635010.5,485038.5,119.46,ASPHALT,86,95,78
10,39,635010.5,485039.5,119.37,ASPHALT,94,102,81
10,40,635010.5,485040.5,119.37,GRASS,54,67,50
10,41,635010.5,485041.5,119.36,GRASS,71,84,66
10,42,635010.5,485042.5,119.28,ASPHALT,84,95,78
10,43,635010.5,485043.5,119.0,GRASS,62,78,67
10,44,635010.5,485044.5,118.67,GRASS,41,51,52
10,45,635010.5,485045.5,118.67,GRASS,56,61,54
10,46,635010.5,485046.5,118.67,ASPHALT,113,108,88
10,47,635010.5,485047.5,118.6,ASPHALT,113,108,89
10,48,635010.5,485048.5,118.54,ASPHALT,102,103,85
10,49,635010.5,485049.5,118.52,ASPHALT,96,98,77
10,50,635010.5,485050.5,118.52,ASPHALT,107,105,84
10,51,635010.5,485051.5,118.49,DIRT,96,89,70
10,52,635010.5,485052.5,118.33,DIRT,102,97,77
10,53,635010.5,485053.5,118.13,ASPHALT,116,111,91
10,54,635010.5,485054.5,117.9,ASPHALT,104,103,82
10,55,635010.5,485055.5,117.9,ASPHALT,97,100,81
10,56,635010.5,485056.5,117.58,ASPHALT,91,93,80
10,57,635010.5,485057.5,117.31,ASPHALT,102,105,88
10,58,635010.5,485058.5,117.05,ASPHALT,99,98,78
10,59,635010.5,485059.5,116.77,ASPHALT,100,99,79
10,60,635010.5,485060.5,116.77,ASPHALT,119,114,94
10,61,635010.5,485061.5,116.61,DIRT,103,98,79
10,62,635010.5,485062.5,116.54,ASPHALT,109,108,88
10,63,635010.5,485063.5,116.5,DIRT,99,97,76
10,64,635010.5,485064.5,116.5,CONCRETE,138,130,111
10,65,635010.5,485065.5,116.54,CONCRETE,189,183,169
10,66,635010.5,485066.5,116.6,CONCRETE,203,197,185
10,67,635010.5,485067.5,116.68,CONCRETE,211,203,190
10,68,635010.5,485068.5,116.75,CONCRETE,199,193,181
10,69,635010.5,485069.5,116.75,CONCRETE,207,201,187
10,70,635010.5,485070.5,116.85,CONCRETE,197,189,176
10,71,635010.5,485071.5,116.68,CONCRETE,188,183,164
10,72,635010.5,485072.5,116.27,ASPHALT,104,109,86
10,73,635010.5,485073.5,115.81,ASPHALT,91,99,78
10,74,635010.5,485074.5,115.81,GRASS,77,84,66
10,75,635010.5,485075.5,115.42,ASPHALT,96,105,84
10,76,635010.5,485076.5,115.16,ASPHALT,92,101,82
10,77,635010.5,485077.5,114.87,ASPHALT,89,98,81
10,78,635010.5,485078.5,114.69,ASPHALT,91,98,82
10,79,635010.5,485079.5,114.69,ASPHALT,88,102,79
10,80,635010.5,485080.5,114.62,ASPHALT,92,104,82
10,81,635010.5,485081.5,114.59,GRASS,77,90,70
10,82,635010.5,485082.5,114.6,ASPHALT,87,101,78
10,83,635010.5,485083.5,114.6,ASPHALT,89,103,77
10,84,635010.5,485084.5,114.58,ASPHALT,91,105,80
10,85,635010.5,485085.5,114.56,ASPHALT,90,104,81
10,86,635010.5,485086.5,114.56,GRASS,71,88,69
10,87,635010.5,485087.5,114.51,ASPHALT,92,107,86
10,88,635010.5,485088.5,114.51,GRASS,79,94,71
10,89,635010.5,485089.5,114.44,GRASS,76,91,72
10,90,635010.5,485090.5,114.42,GRASS,70,85,66
10,91,635010.5,485091.5,114.37,ASPHALT,97,113,87
10,92,635010.5,485092.5,114.34,ASPHALT,99,109,85
10,93,635010.5,485093.5,114.34,ASPHALT,91,96,73
10,94,635010.5,485094.5,114.26,ASPHALT,107,111,88
10,95,635010.5,485095.5,114.27,ASPHALT,100,105,83
10,96,635010.5,485096.5,114.19,ASPHALT,115,114,93
10,97,635010.5,485097.5,114.17,ASPHALT,111,114,95
10,98,635010.5,485098.5,114.17,GRASS,77,89,67
10,99,635010.5,485099.5,114.13,ASPHALT,99,111,89
11,0,635011.5,485000.5,121.8,GRASS,48,69,52
11,1,635011.5,485001.5,121.26,GRASS,42,53,47
11,2,635011.5,485002.5,121.26,GRASS,39,50,44
11,3,635011.5,485003.5,120.46,GRASS,60,75,54
11,4,635011.5,485004.5,120.49,GRASS,80,91,74
11,5,635011.5,485005.5,120.43,GRASS,69,77,66
11,6,635011.5,485006.5,120.4,GRASS,69,76,60
11,7,635011.5,485007.5,120.4,GRASS,79,87,72
11,8,635011.5,485008.5,120.34,ASPHALT,99,106,90
11,9,635011.5,485009.5,120.33,GRASS,74,88,75
11,10,635011.5,485010.5,121.34,GRASS,66,73,66
11,11,635011.5,485011.5,120.31,GRASS,76,78,64
11,12,635011.5,485012.5,120.31,GRASS,39,46,38
11,13,635011.5,485013.5,120.25,ASPHALT,98,96,81
11,14,635011.5,485014.5,120.21,ASPHALT,93,105,81
11,15,635011.5,485015.5,120.17,GRASS,62,74,60
11,16,635011.5,485016.5,120.07,CONCRETE,137,129,118
11,17,635011.5,485017.5,120.07,ASPHALT,115,107,96
11,18,635011.5,485018.5,120.01,ASPHALT,85,85,77
11,19,635011.5,485019.5,119.96,CONCRETE,136,135,115
11,20,635011.5,485020.5,119.96,ASPHALT,131,125,113
11,21,635011.5,485021.5,119.96,CONCRETE,142,135,119
11,22,635011.5,485022.5,119.96,ASPHALT,105,108,87
11,23,635011.5,485023.5,119.91,GRASS,57,69,55
11,24,635011.5,485024.5,119.82,GRASS,82,83,75
11,25,635011.5,485025.5,119.79,GRASS,49,49,47
11,26,635011.5,485026.5,119.79,CONCRETE,143,136,120
11,27,635011.5,485027.5,119.8,ASPHALT,102,101,83
11,28,635011.5,485028.5,119.73,ASPHALT,117,114,95
11,29,635011.5,485029.5,119.69,ASPHALT,111,115,92
11,30,635011.5,485030.5,119.72,ASPHALT,91,99,76
11,31,635011.5,485031.5,119.72,GRASS,69,80,63
11,32,635011.5,485032.5,119.68,ASPHALT,87,98,84
11,33,635011.5,485033.5,119.52,GRASS,68,77,58
11,34,635011.5,485034.5,119.5,GRASS,83,90,72
11,35,635011.5,485035.5,119.42,GRASS,82,91,74
11,36,635011.5,485036.5,119.42,GRASS,71,80,63
11,37,635011.5,485037.5,119.41,GRASS,66,74,59
11,38,635011.5,485038.5,119.38,GRASS,62,73,56
11,39,635011.5,485039.5,119.39,ASPHALT,105,108,87
11,40,635011.5,485040.5,119.39,GRASS,84,92,71
11,41,635011.5,485041.5,119.21,ASPHALT,87,98,82
11,42,635011.5,485042.5,119.08,ASPHALT,83,95,83
11,43,635011.5,485043.5,118.76,GRASS,25,40,33
11,44,635011.5,485044.5,118.6,GRASS,62,72,63
11,45,635011.5,485045.5,118.6,GRASS,49,52,41
11,46,635011.5,485046.5,118.58,GRASS,81,86,64
11,47,635011.5,485047.5,118.54,ASPHALT,99,103,80
11,48,635011.5,485048.5,118.52,ASPHALT,105,104,83
11,49,635011.5,485049.5,118.5,ASPHALT,112,110,87
11,50,635011.5,485050.5,118.5,ASPHALT,106,104,83
11,51,635011.5,485051.5,118.45,ASPHALT,101,98,79
11,52,635011.5,485052.5,118.06,DIRT,98,97,76
11,53,635011.5,485053.5,117.7,ASPHALT,99,98,78
11,54,635011.5,485054.5,117.44,ASPHALT,91,94,73
11,55,635011.5,485055.5,117.44,ASPHALT,94,95,77
11,56,635011.5,485056.5,117.13,ASPHALT,99,100,82
11,57,635011.5,485057.5,116.91,DIRT,100,97,78
11,58,635011.5,485058.5,116.61,ASPHALT,113,106,88
11,59,635011.5,485059.5,116.48,ASPHALT,103,100,83
11,60,635011.5,485060.5,116.48,ASPHALT,124,116,97
11,61,635011.5,485061.5,116.38,ASPHALT,121,113,94
11,62,635011.5,485062.5,116.36,DIRT,106,101,81
11,63,635011.5,485063.5,116.42,CONCRETE,137,128,111
11,64,635011.5,485064.5,116.42,CONCRETE,194,188,174
11,65,635011.5,485065.5,116.48,CONCRETE,203,197,185
11,66,635011.5,485066.5,116.54,CONCRETE,209,201,188
11,67,635011.5,485067.5,116.63,CONCRETE,199,193,179
11,68,635011.5,485068.5,116.74,CONCRETE,206,198,185
11,69,635011.5,485069.5,116.74,CONCRETE,198,190,177
11,70,635011.5,485070.5,116.53,CONCRETE,189,184,165
11,71,635011.5,485071.5,116.09,ASPHALT,101,106,84
11,72,635011.5,485072.5,115.77,ASPHALT,101,106,86
11,73,635011.5,485073.5,115.36,ASPHALT,90,99,82
11,74,635011.5,485074.5,115.36,ASPHALT,103,112,93
11,75,635011.5,485075.5,115.01,ASPHALT,112,119,101
11,76,635011.5,485076.5,114.81,ASPHALT,88,95,77
11,77,635011.5,485077.5,114.62,ASPHALT,107,111,94
11,78,635011.5,485078.5,114.59,ASPHALT,93,102,81
11,79,635011.5,485079.5,114.59,GRASS,83,97,72
11,80,635011.5,485080.5,114.59,GRASS,72,91,69
11,81,635011.5,485081.5,114.58,GRASS,72,87,68
11,82,635011.5,485082.5,114.56,GRASS,71,86,65
11,83,635011.5,485083.5,114.56,GRASS,77,92,69
11,84,635011.5,485084.5,114.6,ASPHALT,94,108,85
11,85,635011.5,485085.5,114.56,ASPHALT,95,109,84
11,86,635011.5,485086.5,114.55,GRASS,72,89,70
11,87,635011.5,485087.5,114.48,ASPHALT,91,105,80
11,88,635011.5,485088.5,114.48,GRASS,71,86,65
11,89,635011.5,485089.5,114.45,ASPHALT,95,108,82
11,90,635011.5,485090.5,114.4,ASPHALT,90,102,78
11,91,635011.5,485091.5,114.38,ASPHALT,97,109,85
11,92,635011.5,485092.5,114.33,ASPHALT,90,99,78
11,93,635011.5,485093.5,114.33,ASPHALT,91,99,78
11,94,635011.5,485094.5,114.27,ASPHALT,98,103,83
11,95,635011.5,485095.5,114.21,ASPHALT,112,114,92
11,96,635011.5,485096.5,114.18,CONCRETE,148,143,123
11,97,635011.5,485097.5,114.15,ASPHALT,95,105,81
11,98,635011.5,485098.5,114.15,GRASS,73,86,68
11,99,635011.5,485099.5,114.09,GRASS,77,89,69
12,0,635012.5,485000.5,121.63,ASPHALT,79,94,87
12,1,635012.5,485001.5,120.48,GRASS,50,67,51
12,2,635012.5,485002.5,120.48,GRASS,33,50,34
12,3,635012.5,485003.5,120.46,GRASS,55,68,51
12,4,635012.5,485004.5,120.43,ASPHALT,88,101,81
12,5,635012.5,485005.5,120.41,ASPHALT,107,112,92
12,6,635012.5,485006.5,120.36,ASPHALT,88,97,78
12,7,635012.5,485007.5,120.36,GRASS,71,82,66
12,8,635012.5,485008.5,120.34,GRASS,59,65,53
12,9,635012.5,485009.5,120.29,ASPHALT,86,90,76
12,10,635012.5,485010.5,120.25,GRASS,52,57,51
12,11,635012.5,485011.5,120.2,GRASS,52,59,52
12,12,635012.5,485012.5,120.2,ASPHALT,111,115,98
12,13,635012.5,485013.5,120.18,GRASS,81,89,76
12,14,635012.5,485014.5,120.17,ASPHALT,119,124,104
12,15,635012.5,485015.5,120.11,ASPHALT,95,108,80
12,16,635012.5,485016.5,120.11,ASPHALT,101,95,81
12,17,635012.5,485017.5,120.11,CONCRETE,141,139,124
12,18,635012.5,485018.5,120.02,ASPHALT,133,121,107
12,19,635012.5,485019.5,119.99,GRASS,88,81,71
12,20,635012.5,485020.5,119.99,CONCRETE,141,135,123
12,21,635012.5,485021.5,119.99,ASPHALT,90,104,81
12,22,635012.5,485022.5,119.96,ASPHALT,88,102,77
12,23,635012.5,485023.5,119.81,GRASS,68,72,58
12,24,635012.5,485024.5,119.81,GRASS,49,51,48
12,25,635012.5,485025.5,119.84,CONCRETE,146,136,124
12,26,635012.5,485026.5,119.84,ASPHALT,92,97,75
12,27,635012.5,485027.5,119.79,ASPHALT,117,114,95
12,28,635012.5,485028.5,119.74,ASPHALT,96,99,78
12,29,635012.5,485029.5,119.76,ASPHALT,99,107,84
12,30,635012.5,485030.5,119.72,GRASS,71,77,63
12,31,635012.5,485031.5,119.72,ASPHALT,102,116,83
12,32,635012.5,485032.5,119.68,GRASS,41,53,41
12,33,635012.5,485033.5,119.53,GRASS,74,85,69
12,34,635012.5,485034.5,119.48,GRASS,81,90,71
12,35,635012.5,485035.5,119.44,GRASS,86,88,67
12,36,635012.5,485036.5,119.44,GRASS,81,84,63
12,37,635012.5,485037.5,119.34,GRASS,67,71,57
12,38,635012.5,485038.5,119.34,GRASS,78,85,69
12,39,635012.5,485039.5,119.28,GRASS,90,93,72
12,40,635012.5,485040.5,119.28,GRASS,82,90,69
12,41,635012.5,485041.5,119.03,ASPHALT,103,112,91
12,42,635012.5,485042.5,118.82,GRASS,56,72,59
12,43,635012.5,485043.5,118.67,GRASS,28,35,41
12,44,635012.5,485044.5,118.56,ASPHALT,88,90,76
12,45,635012.5,485045.5,118.56,DIRT,94,89,70
12,46,635012.5,485046.5,118.55,ASPHALT,102,105,86
12,47,635012.5,485047.5,118.49,ASPHALT,113,115,93
12,48,635012.5,485048.5,118.48,ASPHALT,114,112,91
12,49,635012.5,485049.5,118.42,ASPHALT,112,110,89
12,50,635012.5,485050.5,118.42,DIRT,95,93,72
12,51,635012.5,485051.5,118.18,ASPHALT,113,112,94
12,52,635012.5,485052.5,117.63,ASPHALT,91,95,78
12,53,635012.5,485053.5,117.37,ASPHALT,102,103,85
12,54,635012.5,485054.5,117.08,ASPHALT,93,96,77
12,55,635012.5,485055.5,117.08,ASPHALT,92,91,73
12,56,635012.5,485056.5,116.8,ASPHALT,103,100,83
12,57,635012.5,485057.5,116.55,ASPHALT,103,100,83
12,58,635012.5,485058.5,116.3,ASPHALT,113,106,90
12,59,635012.5,485059.5,116.26,ASPHALT,108,101,85
12,60,635012.5,485060.5,116.26,ASPHALT,120,113,94
12,61,635012.5,485061.5,116.25,ASPHALT,128,121,102
12,62,635012.5,485062.5,116.31,CONCRETE,136,129,110
12,63,635012.5,485063.5,116.35,CONCRETE,200,196,184
12,64,635012.5,485064.5,116.35,CONCRETE,200,194,182
12,65,635012.5,485065.5,116.43,CONCRETE,207,201,189
12,66,635012.5,485066.5,116.5,CONCRETE,197,191,179
12,67,635012.5,485067.5,116.62,CONCRETE,205,199,185
12,68,635012.5,485068.5,116.42,CONCRETE,192,183,168
12,69,635012.5,485069.5,116.42,CONCRETE,193,185,166
12,70,635012.5,485070.5,116.04,ASPHALT,105,107,85
12,71,635012.5,485071.5,115.67,ASPHALT,90,98,77
12,72,635012.5,485072.5,115.24,ASPHALT,86,98,76
12,73,635012.5,485073.5,114.95,GRASS,80,91,74
12,74,635012.5,485074.5,114.95,ASPHALT,87,100,80
12,75,635012.5,485075.5,114.7,GRASS,82,93,76
12,76,635012.5,485076.5,114.63,GRASS,80,91,74
12,77,635012.5,485077.5,114.63,GRASS,80,93,75
12,78,635012.5,485078.5,114.58,GRASS,78,93,70
12,79,635012.5,485079.5,114.58,GRASS,73,86,66
12,80,635012.5,485080.5,114.56,ASPHALT,91,106,87
12,81,635012.5,485081.5,114.6,GRASS,74,89,70
12,82,635012.5,485082.5,114.57,GRASS,79,94,73
12,83,635012.5,485083.5,114.57,GRASS,81,96,75
12,84,635012.5,485084.5,114.56,GRASS,79,94,73
12,85,635012.5,485085.5,114.55,ASPHALT,88,103,84
12,86,635012.5,485086.5,114.53,GRASS,71,89,67
12,87,635012.5,485087.5,114.46,ASPHALT,89,104,85
12,88,635012.5,485088.5,114.46,GRASS,81,96,75
12,89,635012.5,485089.5,114.42,ASPHALT,91,103,79
12,90,635012.5,485090.5,114.39,ASPHALT,90,103,77
12,91,635012.5,485091.5,114.36,ASPHALT,90,104,79
12,92,635012.5,485092.5,114.29,ASPHALT,87,101,78
12,93,635012.5,485093.5,114.29,ASPHALT,85,99,76
12,94,635012.5,485094.5,114.25,ASPHALT,96,104,81
12,95,635012.5,485095.5,114.2,ASPHALT,113,110,91
12,96,635012.5,485096.5,114.15,ASPHALT,104,107,86
12,97,635012.5,485097.5,114.13,ASPHALT,92,102,78
12,98,635012.5,485098.5,114.13,GRASS,81,95,72
12,99,635012.5,485099.5,113.93,ASPHALT,122,120,107
13,0,635013.5,485000.5,120.54,GRASS,27,42,39
13,1,635013.5,485001.5,120.48,GRASS,45,61,50
13,2,635013.5,485002.5,120.48,GRASS,52,69,53
13,3,635013.5,485003.5,120.45,GRASS,28,37,34
13,4,635013.5,485004.5,120.39,GRASS,46,53,45
13,5,635013.5,485005.5,120.35,ASPHALT,104,117,91
13,6,635013.5,485006.5,120.35,ASPHALT,103,111,88
13,7,635013.5,485007.5,120.35,ASPHALT,90,92,79
13,8,635013.5,485008.5,120.32,GRASS,76,84,73
13,9,635013.5,485009.5,120.26,ASPHALT,107,105,92
13,10,635013.5,485010.5,120.23,GRASS,85,83,70
13,11,635013.5,485011.5,120.21,ASPHALT,85,92,76
13,12,635013.5,485012.5,120.21,ASPHALT,120,125,102
13,13,635013.5,485013.5,120.17,GRASS,76,80,65
13,14,635013.5,485014.5,120.13,ASPHALT,113,111,98
13,15,635013.5,485015.5,120.17,CONCRETE,138,132,116
13,16,635013.5,485016.5,120.1,ASPHALT,116,118,96
13,17,635013.5,485017.5,120.1,GRASS,76,75,71
13,18,635013.5,485018.5,119.99,CONCRETE,165,157,146
13,19,635013.5,485019.5,119.95,ASPHALT,126,118,105
13,20,635013.5,485020.5,119.95,GRASS,53,63,52
13,21,635013.5,485021.5,119.95,ASPHALT,91,110,78
13,22,635013.5,485022.5,119.87,GRASS,51,65,48
13,23,635013.5,485023.5,119.87,GRASS,43,45,44
13,24,635013.5,485024.5,119.87,ASPHALT,125,116,109
13,25,635013.5,485025.5,119.84,ASPHALT,104,101,84
13,26,635013.5,485026.5,119.84,ASPHALT,111,110,89
13,27,635013.5,485027.5,119.76,ASPHALT,91,96,73
13,28,635013.5,485028.5,119.8,ASPHALT,103,106,89
13,29,635013.5,485029.5,119.72,GRASS,78,87,66
13,30,635013.5,485030.5,119.6,GRASS,70,84,59
13,31,635013.5,485031.5,119.6,GRASS,69,80,63
13,32,635013.5,485032.5,119.55,GRASS,72,79,61
13,33,635013.5,485033.5,119.45,GRASS,84,87,66
13,34,635013.5,485034.5,119.47,GRASS,84,89,69
13,35,635013.5,485035.5,119.42,GRASS,88,87,69
13,36,635013.5,485036.5,119.42,ASPHALT,95,96,78
13,37,635013.5,485037.5,119.34,ASPHALT,101,104,87
13,38,635013.5,485038.5,119.33,GRASS,68,77,60
13,39,635013.5,485039.5,119.29,GRASS,80,83,64
13,40,635013.5,485040.5,119.29,GRASS,68,69,51
13,41,635013.5,485041.5,119.01,GRASS,72,83,66
13,42,635013.5,485042.5,118.71,GRASS,31,41,40
13,43,635013.5,485043.5,118.6,GRASS,81,66,59
13,44,635013.5,485044.5,118.55,ASPHALT,128,119,102
13,45,635013.5,485045.5,118.55,DIRT,100,97,78
13,46,635013.5,485046.5,118.51,ASPHALT,93,98,78
13,47,635013.5,485047.5,118.46,ASPHALT,99,102,81
13,48,635013.5,485048.5,118.35,ASPHALT,128,128,102
13,49,635013.5,485049.5,118.14,ASPHALT,92,93,75
13,50,635013.5,485050.5,118.14,ASPHALT,95,98,81
13,51,635013.5,485051.5,117.85,ASPHALT,92,95,78
13,52,635013.5,485052.5,117.23,ASPHALT,93,97,80
13,53,635013.5,485053.5,116.97,ASPHALT,96,99,80
13,54,635013.5,485054.5,116.71,ASPHALT,102,101,83
13,55,635013.5,485055.5,116.71,ASPHALT,104,103,85
13,56,635013.5,485056.5,116.41,ASPHALT,98,99,81
13,57,635013.5,485057.5,116.19,ASPHALT,113,110,93
13,58,635013.5,485058.5,116.09,ASPHALT,109,101,88
13,59,635013.5,485059.5,116.15,ASPHALT,119,112,93
13,60,635013.5,485060.5,116.15,CONCRETE,142,134,115
13,61,635013.5,485061.5,116.17,ASPHALT,128,121,105
13,62,635013.5,485062.5,116.22,CONCRETE,194,186,175
13,63,635013.5,485063.5,116.3,CONCRETE,200,194,182
13,64,635013.5,485064.5,116.3,CONCRETE,207,199,188
13,65,635013.5,485065.5,116.37,CONCRETE,191,187,175
13,66,635013.5,485066.5,116.44,CONCRETE,207,197,185
13,67,635013.5,485067.5,116.31,CONCRETE,198,191,175
13,68,635013.5,485068.5,115.88,CONCRETE,183,176,157
13,69,635013.5,485069.5,115.88,CONCRETE,135,130,110
13,70,635013.5,485070.5,115.58,ASPHALT,97,100,81
13,71,635013.5,485071.5,115.18,ASPHALT,89,97,76
13,72,635013.5,485072.5,114.8,GRASS,83,95,75
13,73,635013.5,485073.5,114.66,ASPHALT,85,96,79
13,74,635013.5,485074.5,114.66,ASPHALT,83,98,79
13,75,635013.5,485075.5,114.65,ASPHALT,92,101,82
13,76,635013.5,485076.5,114.62,ASPHALT,103,112,91
13,77,635013.5,485077.5,114.59,GRASS,82,97,76
13,78,635013.5,485078.5,114.59,GRASS,69,84,61
13,79,635013.5,485079.5,114.59,GRASS,70,87,68
13,80,635013.5,485080.5,114.58,GRASS,78,87,68
13,81,635013.5,485081.5,114.56,ASPHALT,95,109,84
13,82,635013.5,485082.5,114.55,GRASS,81,97,71
13,83,635013.5,485083.5,114.55,GRASS,74,89,66
13,84,635013.5,485084.5,114.54,GRASS,77,90,72
13,85,635013.5,485085.5,114.51,GRASS,84,98,75
13,86,635013.5,485086.5,114.47,GRASS,82,97,76
13,87,635013.5,485087.5,114.45,GRASS,80,95,72
13,88,635013.5,485088.5,114.45,GRASS,82,97,74
13,89,635013.5,485089.5,114.42,GRASS,79,93,70
13,90,635013.5,485090.5,114.36,ASPHALT,93,106,80
13,91,635013.5,485091.5,114.34,ASPHALT,98,110,86
13,92,635013.5,485092.5,114.27,ASPHALT,92,106,83
13,93,635013.5,485093.5,114.27,GRASS,80,94,71
13,94,635013.5,485094.5,114.21,ASPHALT,112,116,93
13,95,635013.5,485095.5,114.18,ASPHALT,128,125,106
13,96,635013.5,485096.5,114.15,ASPHALT,95,103,80
13,97,635013.5,485097.5,114.09,ASPHALT,87,101,76
13,98,635013.5,485098.5,114.09,ASPHALT,99,101,80
13,99,635013.5,485099.5,113.76,CONCRETE,172,170,158
14,0,635014.5,485000.5,120.51,GRASS,23,34,36
14,1,635014.5,485001.5,120.47,GRASS,24,39,32
14,2,635014.5,485002.5,120.47,GRASS,64,82,60
14,3,635014.5,485003.5,120.44,GRASS,64,77,59
14,4,635014.5,485004.5,120.39,GRASS,78,84,74
14,5,635014.5,485005.5,120.32,ASPHALT,91,97,83
14,6,635014.5,485006.5,120.32,GRASS,74,82,67
14,7,635014.5,485007.5,120.32,ASPHALT,85,96,79
14,8,635014.5,485008.5,120.27,GRASS,45,50,46
14,9,635014.5,485009.5,120.22,ASPHALT,111,105,91
14,10,635014.5,485010.5,120.21,GRASS,83,78,59
14,11,635014.5,485011.5,120.17,ASPHALT,102,107,85
14,12,635014.5,485012.5,120.17,ASPHALT,101,104,83
14,13,635014.5,485013.5,120.15,CONCRETE,219,220,212
14,14,635014.5,485014.5,120.15,ASPHALT,110,114,97
14,15,635014.5,485015.5,120.2,GRASS,82,85,64
14,16,635014.5,485016.5,120.05,CONCRETE,141,138,119
14,17,635014.5,485017.5,120.05,CONCRETE,149,148,130
14,18,635014.5,485018.5,119.96,GRASS,57,58,44
14,19,635014.5,485019.5,120.0,CONCRETE,157,149,136
14,20,635014.5,485020.5,119.98,ASPHALT,99,107,83
14,21,635014.5,485021.5,119.98,GRASS,75,91,65
14,22,635014.5,485022.5,119.89,GRASS,69,66,59
14,23,635014.5,485023.5,119.9,CONCRETE,152,140,126
14,24,635014.5,485024.5,119.87,ASPHALT,96,97,79
14,25,635014.5,485025.5,119.81,CONCRETE,136,130,116
14,26,635014.5,485026.5,119.81,ASPHALT,104,101,82
14,27,635014.5,485027.5,119.82,ASPHALT,95,99,82
14,28,635014.5,485028.5,119.72,GRASS,63,74,58
14,29,635014.5,485029.5,119.63,GRASS,75,84,67
14,30,635014.5,485030.5,119.55,GRASS,80,92,70
14,31,635014.5,485031.5,119.55,GRASS,75,84,67
14,32,635014.5,485032.5,119.5,GRASS,83,92,71
14,33,635014.5,485033.5,119.45,GRASS,73,77,60
14,34,635014.5,485034.5,119.41,ASPHALT,94,93,75
14,35,635014.5,485035.5,119.39,GRASS,76,78,57
14,36,635014.5,485036.5,119.39,GRASS,81,82,64
14,37,635014.5,485037.5,119.35,GRASS,74,75,59
14,38,635014.5,485038.5,119.32,GRASS,76,79,60
14,39,635014.5,485039.5,119.06,GRASS,85,93,72
14,40,635014.5,485040.5,119.06,GRASS,51,57,45
14,41,635014.5,485041.5,118.84,GRASS,28,40,36
14,42,635014.5,485042.5,118.64,GRASS,57,64,57
14,43,635014.5,485043.5,118.57,DIRT,128,110,96
14,44,635014.5,485044.5,118.53,ASPHALT,114,107,89
14,45,635014.5,485045.5,118.53,ASPHALT,91,96,74
14,46,635014.5,485046.5,118.46,ASPHALT,89,94,74
14,47,635014.5,485047.5,118.29,ASPHALT,101,100,82
14,48,635014.5,485048.5,118.01,ASPHALT,90,97,79
14,49,635014.5,485049.5,117.71,GRASS,83,90,72
14,50,635014.5,485050.5,117.71,GRASS,73,84,67
14,51,635014.5,485051.5,117.44,GRASS,85,89,72
14,52,635014.5,485052.5,116.85,ASPHALT,101,103,82
14,53,635014.5,485053.5,116.53,ASPHALT,96,99,80
14,54,635014.5,485054.5,116.25,ASPHALT,100,99,81
14,55,635014.5,485055.5,116.25,ASPHALT,109,106,91
14,56,635014.5,485056.5,116.09,ASPHALT,104,100,88
14,57,635014.5,485057.5,115.99,ASPHALT,105,102,85
14,58,635014.5,485058.5,116.0,ASPHALT,110,107,88
14,59,635014.5,485059.5,116.04,ASPHALT,121,114,95
14,60,635014.5,485060.5,116.04,CONCRETE,148,141,123
14,61,635014.5,485061.5,116.06,CONCRETE,198,192,180
14,62,635014.5,485062.5,116.18,CONCRETE,199,193,179
14,63,635014.5,485063.5,116.25,CONCRETE,199,196,181
14,64,635014.5,485064.5,116.25,CONCRETE,193,185,172
14,65,635014.5,485065.5,116.34,CONCRETE,206,198,187
14,66,635014.5,485066.5,116.15,CONCRETE,194,187,171
14,67,635014.5,485067.5,115.77,CONCRETE,164,157,138
14,68,635014.5,485068.5,115.42,ASPHALT,101,100,80
14,69,635014.5,485069.5,115.42,ASPHALT,100,101,83
14,70,635014.5,485070.5,115.06,ASPHALT,94,102,81
14,71,635014.5,485071.5,114.78,ASPHALT,87,96,77
14,72,635014.5,485072.5,114.66,ASPHALT,88,101,81
14,73,635014.5,485073.5,114.63,GRASS,78,90,70
14,74,635014.5,485074.5,114.63,GRASS,85,99,74
14,75,635014.5,485075.5,114.62,ASPHALT,84,97,79
14,76,635014.5,485076.5,114.59,ASPHALT,87,102,79
14,77,635014.5,485077.5,114.55,GRASS,80,94,69
14,78,635014.5,485078.5,114.57,GRASS,78,92,75
14,79,635014.5,485079.5,114.57,GRASS,80,93,73
14,80,635014.5,485080.5,114.56,ASPHALT,88,100,80
14,81,635014.5,485081.5,114.53,GRASS,74,89,70
14,82,635014.5,485082.5,114.51,GRASS,66,83,64
14,83,635014.5,485083.5,114.51,GRASS,77,95,73
14,84,635014.5,485084.5,114.52,ASPHALT,86,101,82
14,85,635014.5,485085.5,114.46,GRASS,80,92,72
14,86,635014.5,485086.5,114.45,GRASS,82,96,73
14,87,635014.5,485087.5,114.39,GRASS,77,92,71
14,88,635014.5,485088.5,114.39,GRASS,82,97,76
14,89,635014.5,485089.5,114.41,GRASS,83,97,74
14,90,635014.5,485090.5,114.35,ASPHALT,93,106,80
14,91,635014.5,485091.5,114.29,GRASS,80,96,70
14,92,635014.5,485092.5,114.25,GRASS,86,98,74
14,93,635014.5,485093.5,114.25,ASPHALT,102,110,87
14,94,635014.5,485094.5,114.25,CONCRETE,141,138,119
14,95,635014.5,485095.5,114.19,ASPHALT,90,102,78
14,96,635014.5,485096.5,114.15,ASPHALT,101,111,86
14,97,635014.5,485097.5,113.96,ASPHALT,106,116,89
14,98,635014.5,485098.5,113.96,CONCRETE,147,144,129
14,99,635014.5,485099.5,113.6,CONCRETE,139,137,125
15,0,635015.5,485000.5,120.53,GRASS,64,88,66
15,1,635015.5,485001.5,120.45,GRASS,48,67,48
15,2,635015.5,485002.5,120.45,GRASS,68,79,65
15,3,635015.5,485003.5,120.45,GRASS,57,70,52
15,4,635015.5,485004.5,120.36,GRASS,71,83,59
15,5,635015.5,485005.5,120.31,ASPHALT,88,97,78
15,6,635015.5,485006.5,120.28,GRASS,64,73,56
15,7,635015.5,485007.5,120.28,GRASS,46,53,46
15,8,635015.5,485008.5,120.31,ASPHALT,94,95,81
15,9,635015.5,485009.5,120.25,GRASS,44,44,46
15,10,635015.5,485010.5,120.21,ASPHALT,100,100,90
15,11,635015.5,485011.5,120.17,ASPHALT,91,96,73
15,12,635015.5,485012.5,120.17,ASPHALT,91,96,74
15,13,635015.5,485013.5,120.17,ASPHALT,102,107,85
15,14,635015.5,485014.5,120.17,ASPHALT,109,108,90
15,15,635015.5,485015.5,120.18,GRASS,70,70,58
15,16,635015.5,485016.5,120.13,GRASS,55,61,51
15,17,635015.5,485017.5,120.13,ASPHALT,115,116,100
15,18,635015.5,485018.5,120.07,ASPHALT,100,107,89
15,19,635015.5,485019.5,119.95,GRASS,80,87,71
15,20,635015.5,485020.5,119.94,GRASS,85,86,68
15,21,635015.5,485021.5,119.94,GRASS,54,49,46
15,22,635015.5,485022.5,119.92,CONCRETE,147,139,128
15,23,635015.5,485023.5,119.87,CONCRETE,136,129,113
15,24,635015.5,485024.5,119.85,ASPHALT,116,115,97
15,25,635015.5,485025.5,119.83,ASPHALT,120,118,93
15,26,635015.5,485026.5,119.83,ASPHALT,110,112,98
15,27,635015.5,485027.5,119.81,GRASS,67,78,62
15,28,635015.5,485028.5,119.64,GRASS,66,84,60
15,29,635015.5,485029.5,119.54,GRASS,61,74,57
15,30,635015.5,485030.5,119.53,GRASS,74,86,66
15,31,635015.5,485031.5,119.53,GRASS,60,77,58
15,32,635015.5,485032.5,119.5,ASPHALT,98,102,87
15,33,635015.5,485033.5,119.41,GRASS,71,76,56
15,34,635015.5,485034.5,119.38,ASPHALT,109,109,85
15,35,635015.5,485035.5,119.34,ASPHALT,94,96,75
15,36,635015.5,485036.5,119.34,GRASS,85,86,68
15,37,635015.5,485037.5,119.33,GRASS,87,89,67
15,38,635015.5,485038.5,119.29,ASPHALT,93,97,80
15,39,635015.5,485039.5,118.9,ASPHALT,96,107,90
15,40,635015.5,485040.5,118.9,GRASS,33,44,38
15,41,635015.5,485041.5,118.61,GRASS,30,39,38
15,42,635015.5,485042.5,118.57,ASPHALT,88,91,74
15,43,635015.5,485043.5,118.54,ASPHALT,88,90,76
15,44,635015.5,485044.5,118.44,ASPHALT,128,126,105
15,45,635015.5,485045.5,118.44,GRASS,82,96,71
15,46,635015.5,485046.5,118.32,ASPHALT,103,105,84
15,47,635015.5,485047.5,117.92,ASPHALT,96,97,81
15,48,635015.5,485048.5,117.57,ASPHALT,97,100,83
15,49,635015.5,485049.5,117.22,ASPHALT,91,100,81
15,50,635015.5,485050.5,117.22,ASPHALT,91,98,80
15,51,635015.5,485051.5,117.03,GRASS,88,91,72
15,52,635015.5,485052.5,116.45,ASPHALT,99,100,82
15,53,635015.5,485053.5,116.11,ASPHALT,93,94,76
15,54,635015.5,485054.5,115.93,ASPHALT,106,103,84
15,55,635015.5,485055.5,115.93,DIRT,101,96,77
15,56,635015.5,485056.5,115.86,ASPHALT,105,99,85
15,57,635015.5,485057.5,115.88,ASPHALT,115,110,91
15,58,635015.5,485058.5,115.92,ASPHALT,119,119,95
15,59,635015.5,485059.5,115.95,CONCRETE,147,140,122
15,60,635015.5,485060.5,115.95,CONCRETE,198,191,181
15,61,635015.5,485061.5,116.07,CONCRETE,199,193,181
15,62,635015.5,485062.5,116.11,CONCRETE,196,190,178
15,63,635015.5,485063.5,116.2,CONCRETE,190,182,169
15,64,635015.5,485064.5,116.2,CONCRETE,198,191,175
15,65,635015.5,485065.5,116.02,CONCRETE,190,181,166
15,66,635015.5,485066.5,115.64,CONCRETE,137,129,110
15,67,635015.5,485067.5,115.29,ASPHALT,118,113,94
15,68,635015.5,485068.5,114.96,ASPHALT,100,98,83
15,69,635015.5,485069.5,114.96,GRASS,81,88,70
15,70,635015.5,485070.5,114.66,ASPHALT,88,97,80
15,71,635015.5,485071.5,114.63,ASPHALT,94,102,81
15,72,635015.5,485072.5,114.64,GRASS,70,82,62
15,73,635015.5,485073.5,114.63,ASPHALT,89,101,77
15,74,635015.5,485074.5,114.63,ASPHALT,99,109,85
15,75,635015.5,485075.5,114.59,GRASS,81,94,74
15,76,635015.5,485076.5,114.52,GRASS,79,91,69
15,77,635015.5,485077.5,114.55,ASPHALT,84,96,76
15,78,635015.5,485078.5,114.52,GRASS,73,86,68
15,79,635015.5,485079.5,114.52,GRASS,84,98,75
15,80,635015.5,485080.5,114.52,ASPHALT,86,95,76
15,81,635015.5,485081.5,114.47,GRASS,79,92,72
15,82,635015.5,485082.5,114.53,GRASS,79,97,73
15,83,635015.5,485083.5,114.53,GRASS,80,94,71
15,84,635015.5,485084.5,114.46,ASPHALT,88,103,80
15,85,635015.5,485085.5,114.48,ASPHALT,83,98,77
15,86,635015.5,485086.5,114.41,GRASS,80,95,72
15,87,635015.5,485087.5,114.36,ASPHALT,98,112,87
15,88,635015.5,485088.5,114.36,GRASS,76,89,69
15,89,635015.5,485089.5,114.36,GRASS,78,90,68
15,90,635015.5,485090.5,114.3,ASPHALT,89,101,77
15,91,635015.5,485091.5,114.26,GRASS,74,89,68
15,92,635015.5,485092.5,114.24,ASPHALT,87,101,76
15,93,635015.5,485093.5,114.24,ASPHALT,106,109,88
15,94,635015.5,485094.5,114.21,ASPHALT,96,108,84
15,95,635015.5,485095.5,114.16,GRASS,80,94,71
15,96,635015.5,485096.5,114.15,ASPHALT,90,104,79
15,97,635015.5,485097.5,113.74,ASPHALT,92,100,79
15,98,635015.5,485098.5,113.74,CONCRETE,175,171,162
15,99,635015.5,485099.5,113.55,CONCRETE,147,144,135
16,0,635016.5,485000.5,120.53,GRASS,40,56,45
16,1,635016.5,485001.5,120.48,GRASS,46,60,45
16,2,635016.5,485002.5,120.48,GRASS,35,47,37
16,3,635016.5,485003.5,120.39,ASPHALT,98,110,90
16,4,635016.5,485004.5,120.41,GRASS,72,76,61
16,5,635016.5,485005.5,120.33,ASPHALT,92,94,73
16,6,635016.5,485006.5,120.31,GRASS,75,84,67
16,7,635016.5,485007.5,120.31,ASPHALT,82,95,77
16,8,635016.5,485008.5,120.26,ASPHALT,84,99,76
16,9,635016.5,485009.5,120.23,GRASS,25,39,39
16,10,635016.5,485010.5,120.21,GRASS,30,41,37
16,11,635016.5,485011.5,120.2,ASPHALT,88,97,78
16,12,635016.5,485012.5,120.2,ASPHALT,100,110,83
16,13,635016.5,485013.5,120.19,ASPHALT,95,104,83
16,14,635016.5,485014.5,120.17,ASPHALT,103,111,87
16,15,635016.5,485015.5,120.14,ASPHALT,92,100,79
16,16,635016.5,485016.5,120.16,GRASS,77,88,71
16,17,635016.5,485017.5,120.16,ASPHALT,91,99,84
16,18,635016.5,485018.5,120.03,GRASS,43,53,42
16,19,635016.5,485019.5,119.96,GRASS,67,75,60
16,20,635016.5,485020.5,119.96,CONCRETE,155,143,131
16,21,635016.5,485021.5,119.96,DIRT,95,94,73
16,22,635016.5,485022.5,119.91,ASPHALT,107,104,85
16,23,635016.5,485023.5,119.88,ASPHALT,115,108,89
16,24,635016.5,485024.5,119.78,ASPHALT,122,115,97
16,25,635016.5,485025.5,119.68,ASPHALT,90,93,76
16,26,635016.5,485026.5,119.68,GRASS,68,72,57
16,27,635016.5,485027.5,119.69,ASPHALT,91,98,80
16,28,635016.5,485028.5,119.58,GRASS,71,86,65
16,29,635016.5,485029.5,119.55,GRASS,55,68,51
16,30,635016.5,485030.5,119.47,GRASS,77,89,67
16,31,635016.5,485031.5,119.47,GRASS,77,84,66
16,32,635016.5,485032.5,119.38,GRASS,56,67,50
16,33,635016.5,485033.5,119.35,GRASS,87,90,71
16,34,635016.5,485034.5,119.3,ASPHALT,102,104,82
16,35,635016.5,485035.5,119.33,GRASS,89,92,71
16,36,635016.5,485036.5,119.33,ASPHALT,92,100,77
16,37,635016.5,485037.5,119.22,GRASS,71,80,59
16,38,635016.5,485038.5,119.02,GRASS,82,97,74
16,39,635016.5,485039.5,118.67,GRASS,56,70,55
16,40,635016.5,485040.5,118.67,GRASS,26,37,41
16,41,635016.5,485041.5,118.5,CONCRETE,136,132,121
16,42,635016.5,485042.5,118.56,ASPHALT,130,119,99
16,43,635016.5,485043.5,118.39,ASPHALT,91,92,74
16,44,635016.5,485044.5,118.17,CONCRETE,148,141,122
16,45,635016.5,485045.5,118.17,ASPHALT,117,110,94
16,46,635016.5,485046.5,117.81,ASPHALT,107,105,90
16,47,635016.5,485047.5,117.51,ASPHALT,89,93,78
16,48,635016.5,485048.5,117.13,ASPHALT,98,103,83
16,49,635016.5,485049.5,116.82,ASPHALT,103,108,86
16,50,635016.5,485050.5,116.82,ASPHALT,94,97,78
16,51,635016.5,485051.5,116.59,GRASS,88,89,73
16,52,635016.5,485052.5,116.01,ASPHALT,102,101,81
16,53,635016.5,485053.5,115.8,ASPHALT,101,103,82
16,54,635016.5,485054.5,115.76,ASPHALT,94,93,75
16,55,635016.5,485055.5,115.76,DIRT,98,93,74
16,56,635016.5,485056.5,115.78,ASPHALT,113,108,89
16,57,635016.5,485057.5,115.79,ASPHALT,117,112,92
16,58,635016.5,485058.5,115.84,CONCRETE,146,141,122
16,59,635016.5,485059.5,115.9,CONCRETE,196,190,176
16,60,635016.5,485060.5,115.9,CONCRETE,202,196,184
16,61,635016.5,485061.5,115.99,CONCRETE,194,188,174
16,62,635016.5,485062.5,116.08,CONCRETE,193,185,172
16,63,635016.5,485063.5,115.93,CONCRETE,193,185,172
16,64,635016.5,485064.5,115.93,CONCRETE,182,173,158
16,65,635016.5,485065.5,115.42,ASPHALT,134,128,112
16,66,635016.5,485066.5,115.13,CONCRETE,161,152,135
16,67,635016.5,485067.5,114.83,ASPHALT,115,113,98
16,68,635016.5,485068.5,114.66,GRASS,69,76,58
16,69,635016.5,485069.5,114.66,GRASS,79,92,74
16,70,635016.5,485070.5,114.63,GRASS,78,90,70
16,71,635016.5,485071.5,114.62,ASPHALT,101,110,89
16,72,635016.5,485072.5,114.63,GRASS,82,95,75
16,73,635016.5,485073.5,114.61,ASPHALT,86,100,75
16,74,635016.5,485074.5,114.61,GRASS,84,96,74
16,75,635016.5,485075.5,114.56,ASPHALT,93,105,83
16,76,635016.5,485076.5,114.54,GRASS,72,84,62
16,77,635016.5,485077.5,114.53,ASPHALT,89,98,77
16,78,635016.5,485078.5,114.5,ASPHALT,89,98,77
16,79,635016.5,485079.5,114.5,GRASS,82,96,73
16,80,635016.5,485080.5,114.51,ASPHALT,87,99,79
16,81,635016.5,485081.5,114.5,ASPHALT,100,110,86
16,82,635016.5,485082.5,114.48,ASPHALT,93,105,81
16,83,635016.5,485083.5,114.48,GRASS,75,89,66
16,84,635016.5,485084.5,114.48,ASPHALT,86,100,75
16,85,635016.5,485085.5,114.42,ASPHALT,91,105,82
16,86,635016.5,485086.5,114.39,ASPHALT,95,108,90
16,87,635016.5,485087.5,114.37,GRASS,72,87,64
16,88,635016.5,485088.5,114.37,ASPHALT,102,112,88
16,89,635016.5,485089.5,114.32,GRASS,85,97,73
16,90,635016.5,485090.5,114.28,ASPHALT,100,113,87
16,91,635016.5,485091.5,114.23,ASPHALT,90,104,79
16,92,635016.5,485092.5,114.2,ASPHALT,103,108,86
16,93,635016.5,485093.5,114.2,ASPHALT,106,114,91
16,94,635016.5,485094.5,114.17,GRASS,74,89,68
16,95,635016.5,485095.5,114.14,ASPHALT,83,98,79
16,96,635016.5,485096.5,113.92,ASPHALT,91,105,80
16,97,635016.5,485097.5,113.56,CONCRETE,149,145,134
16,98,635016.5,485098.5,113.56,CONCRETE,149,146,137
16,99,635016.5,485099.5,113.51,ASPHALT,118,118,106
17,0,635017.5,485000.5,120.53,GRASS,23,35,31
17,1,635017.5,485001.5,120.48,GRASS,22,32,33
17,2,635017.5,485002.5,120.48,GRASS,61,75,62
17,3,635017.5,485003.5,120.39,ASPHALT,91,99,78
17,4,635017.5,485004.5,120.41,GRASS,81,89,66
17,5,635017.5,485005.5,120.33,GRASS,74,78,64
17,6,635017.5,485006.5,120.31,GRASS,71,80,59
17,7,635017.5,485007.5,120.31,GRASS,47,59,49
17,8,635017.5,485008.5,120.26,GRASS,69,83,60
17,9,635017.5,485009.5,120.23,GRASS,46,59,50
17,10,635017.5,485010.5,120.21,GRASS,81,95,72
17,11,635017.5,485011.5,120.2,ASPHALT,102,112,88
17,12,635017.5,485012.5,120.2,ASPHALT,116,122,96
17,13,635017.5,485013.5,120.19,GRASS,67,62,56
17,14,635017.5,485014.5,120.17,GRASS,52,54,41
17,15,635017.5,485015.5,120.14,ASPHALT,104,109,87
17,16,635017.5,485016.5,120.16,ASPHALT,102,103,89
17,17,635017.5,485017.5,120.16,GRASS,52,64,50
17,18,635017.5,485018.5,120.03,GRASS,50,51,45
17,19,635017.5,485019.5,119.96,CONCRETE,149,141,130
17,20,635017.5,485020.5,119.96,ASPHALT,131,119,107
17,21,635017.5,485021.5,119.96,ASPHALT,111,106,86
17,22,635017.5,485022.5,119.91,ASPHALT,132,125,107
17,23,635017.5,485023.5,119.88,ASPHALT,126,119,100
17,24,635017.5,485024.5,119.78,GRASS,83,79,67
17,25,635017.5,485025.5,119.68,GRASS,83,84,68
17,26,635017.5,485026.5,119.68,ASPHALT,108,107,86
17,27,635017.5,485027.5,119.69,GRASS,75,84,63
17,28,635017.5,485028.5,119.58,GRASS,62,77,58
17,29,635017.5,485029.5,119.55,GRASS,78,90,68
17,30,635017.5,485030.5,119.47,GRASS,83,95,75
17,31,635017.5,485031.5,119.47,GRASS,74,82,61
17,32,635017.5,485032.5,119.38,ASPHALT,87,95,74
17,33,635017.5,485033.5,119.35,DIRT,91,93,71
17,34,635017.5,485034.5,119.3,GRASS,73,78,58
17,35,635017.5,485035.5,119.33,GRASS,77,84,66
17,36,635017.5,485036.5,119.33,GRASS,76,85,64
17,37,635017.5,485037.5,119.22,GRASS,81,90,69
17,38,635017.5,485038.5,119.02,GRASS,84,98,75
17,39,635017.5,485039.5,118.67,GRASS,64,78,65
17,40,635017.5,485040.5,118.67,GRASS,28,38,39
17,41,635017.5,485041.5,118.5,ASPHALT,101,98,83
17,42,635017.5,485042.5,118.56,CONCRETE,137,128,111
17,43,635017.5,485043.5,118.39,ASPHALT,115,110,90
17,44,635017.5,485044.5,118.17,ASPHALT,107,106,88
17,45,635017.5,485045.5,118.17,ASPHALT,115,108,92
17,46,635017.5,485046.5,117.81,GRASS,78,80,66
17,47,635017.5,485047.5,117.51,GRASS,77,85,70
17,48,635017.5,485048.5,117.13,ASPHALT,91,96,76
17,49,635017.5,485049.5,116.82,ASPHALT,101,104,83
17,50,635017.5,485050.5,116.82,GRASS,82,86,69
17,51,635017.5,485051.5,116.59,GRASS,87,88,72
17,52,635017.5,485052.5,116.01,ASPHALT,106,105,85
17,53,635017.5,485053.5,115.8,ASPHALT,99,98,78
17,54,635017.5,485054.5,115.76,ASPHALT,99,96,79
17,55,635017.5,485055.5,115.76,ASPHALT,130,123,104
17,56,635017.5,485056.5,115.78,ASPHALT,105,102,83
17,57,635017.5,485057.5,115.79,CONCRETE,151,150,130
17,58,635017.5,485058.5,115.84,CONCRETE,198,192,180
17,59,635017.5,485059.5,115.9,CONCRETE,199,193,181
17,60,635017.5,485060.5,115.9,CONCRETE,192,186,174
17,61,635017.5,485061.5,115.99,CONCRETE,194,186,173
17,62,635017.5,485062.5,116.08,CONCRETE,189,181,168
17,63,635017.5,485063.5,115.93,CONCRETE,177,168,151
17,64,635017.5,485064.5,115.93,ASPHALT,108,106,85
17,65,635017.5,485065.5,115.42,ASPHALT,121,120,102
17,66,635017.5,485066.5,115.13,ASPHALT,132,126,110
17,67,635017.5,485067.5,114.83,ASPHALT,98,95,80
17,68,635017.5,485068.5,114.66,ASPHALT,92,99,81
17,69,635017.5,485069.5,114.66,GRASS,74,87,67
17,70,635017.5,485070.5,114.63,GRASS,84,91,73
17,71,635017.5,485071.5,114.62,GRASS,81,93,73
17,72,635017.5,485072.5,114.63,ASPHALT,89,98,79
17,73,635017.5,485073.5,114.61,GRASS,83,99,73
17,74,635017.5,485074.5,114.61,GRASS,85,97,75
17,75,635017.5,485075.5,114.56,GRASS,75,88,68
17,76,635017.5,485076.5,114.54,ASPHALT,86,100,75
17,77,635017.5,485077.5,114.53,GRASS,85,94,73
17,78,635017.5,485078.5,114.5,GRASS,82,90,69
17,79,635017.5,485079.5,114.5,GRASS,79,91,71
17,80,635017.5,485080.5,114.51,ASPHALT,99,108,87
17,81,635017.5,485081.5,114.5,GRASS,85,99,74
17,82,635017.5,485082.5,114.48,GRASS,81,95,69
17,83,635017.5,485083.5,114.48,GRASS,81,95,70
17,84,635017.5,485084.5,114.48,GRASS,77,90,70
17,85,635017.5,485085.5,114.42,ASPHALT,95,109,83
17,86,635017.5,485086.5,114.39,ASPHALT,89,103,80
17,87,635017.5,485087.5,114.37,ASPHALT,96,104,81
17,88,635017.5,485088.5,114.37,ASPHALT,86,100,77
17,89,635017.5,485089.5,114.32,ASPHALT,92,105,79
17,90,635017.5,485090.5,114.28,ASPHALT,96,109,83
17,91,635017.5,485091.5,114.23,ASPHALT,87,99,75
17,92,635017.5,485092.5,114.2,ASPHALT,126,131,108
17,93,635017.5,485093.5,114.2,ASPHALT,98,111,85
17,94,635017.5,485094.5,114.17,ASPHALT,93,105,83
17,95,635017.5,485095.5,114.14,ASPHALT,103,115,91
17,96,635017.5,485096.5,113.92,GRASS,75,79,62
17,97,635017.5,485097.5,113.56,CONCRETE,163,160,151
17,98,635017.5,485098.5,113.56,CONCRETE,139,140,134
17,99,635017.5,485099.5,113.51,GRASS,60,60,52
18,0,635018.5,485000.5,120.48,GRASS,49,62,44
18,1,635018.5,485001.5,120.49,GRASS,50,64,47
18,2,635018.5,485002.5,120.49,ASPHALT,100,102,99
18,3,635018.5,485003.5,120.45,GRASS,50,59,54
18,4,635018.5,485004.5,120.37,ASPHALT,99,107,86
18,5,635018.5,485005.5,120.35,GRASS,60,72,52
18,6,635018.5,485006.5,120.28,GRASS,76,86,62
18,7,635018.5,485007.5,120.28,GRASS,56,64,51
18,8,635018.5,485008.5,120.26,GRASS,71,80,63
18,9,635018.5,485009.5,120.23,ASPHALT,106,113,97
18,10,635018.5,485010.5,120.21,ASPHALT,126,132,106
18,11,635018.5,485011.5,120.21,ASPHALT,104,113,86
18,12,635018.5,485012.5,120.21,ASPHALT,108,112,87
18,13,635018.5,485013.5,120.18,ASPHALT,95,97,84
18,14,635018.5,485014.5,120.18,GRASS,78,80,69
18,15,635018.5,485015.5,120.15,ASPHALT,118,117,97
18,16,635018.5,485016.5,120.03,GRASS,39,49,38
18,17,635018.5,485017.5,120.03,GRASS,29,40,44
18,18,635018.5,485018.5,119.99,CONCRETE,133,131,118
18,19,635018.5,485019.5,120.03,CONCRETE,158,145,129
18,20,635018.5,485020.5,119.97,DIRT,100,99,78
18,21,635018.5,485021.5,119.97,ASPHALT,130,127,108
18,22,635018.5,485022.5,119.9,ASPHALT,127,124,105
18,23,635018.5,485023.5,119.89,GRASS,82,91,70
18,24,635018.5,485024.5,119.76,GRASS,54,65,51
18,25,635018.5,485025.5,119.62,GRASS,72,78,66
18,26,635018.5,485026.5,119.62,GRASS,81,85,68
18,27,635018.5,485027.5,119.62,GRASS,85,90,68
18,28,635018.5,485028.5,119.54,GRASS,65,77,55
18,29,635018.5,485029.5,119.49,GRASS,85,97,75
18,30,635018.5,485030.5,119.43,GRASS,74,86,66
18,31,635018.5,485031.5,119.43,GRASS,84,89,69
18,32,635018.5,485032.5,119.31,GRASS,79,87,66
18,33,635018.5,485033.5,119.25,GRASS,85,90,70
18,34,635018.5,485034.5,119.27,GRASS,60,73,55
18,35,635018.5,485035.5,119.29,GRASS,79,90,74
18,36,635018.5,485036.5,119.29,GRASS,58,73,52
18,37,635018.5,485037.5,119.16,ASPHALT,86,98,78
18,38,635018.5,485038.5,118.87,GRASS,35,47,37
18,39,635018.5,485039.5,118.55,GRASS,25,34,39
18,40,635018.5,485040.5,118.55,GRASS,77,91,66
18,41,635018.5,485041.5,118.48,GRASS,80,88,73
18,42,635018.5,485042.5,118.4,ASPHALT,96,94,79
18,43,635018.5,485043.5,118.13,DIRT,107,100,82
18,44,635018.5,485044.5,117.77,ASPHALT,105,103,90
18,45,635018.5,485045.5,117.77,ASPHALT,95,93,78
18,46,635018.5,485046.5,117.35,ASPHALT,87,91,74
18,47,635018.5,485047.5,117.02,ASPHALT,94,98,81
18,48,635018.5,485048.5,116.69,ASPHALT,103,105,84
18,49,635018.5,485049.5,116.47,GRASS,85,90,70
18,50,635018.5,485050.5,116.47,ASPHALT,98,101,80
18,51,635018.5,485051.5,116.21,GRASS,91,90,70
18,52,635018.5,485052.5,115.69,DIRT,100,97,78
18,53,635018.5,485053.5,115.61,ASPHALT,108,102,86
18,54,635018.5,485054.5,115.63,ASPHALT,129,126,107
18,55,635018.5,485055.5,115.63,ASPHALT,97,98,82
18,56,635018.5,485056.5,115.68,CONCRETE,151,149,134
18,57,635018.5,485057.5,115.72,CONCRETE,185,178,168
18,58,635018.5,485058.5,115.78,CONCRETE,174,170,159
18,59,635018.5,485059.5,115.87,CONCRETE,198,190,177
18,60,635018.5,485060.5,115.87,CONCRETE,195,187,174
18,61,635018.5,485061.5,115.94,CONCRETE,196,188,175
18,62,635018.5,485062.5,115.72,CONCRETE,182,173,158
18,63,635018.5,485063.5,115.41,ASPHALT,121,116,97
18,64,635018.5,485064.5,115.41,ASPHALT,103,104,88
18,65,635018.5,485065.5,115.05,ASPHALT,95,98,81
18,66,635018.5,485066.5,114.8,GRASS,82,91,74
18,67,635018.5,485067.5,114.62,ASPHALT,112,119,101
18,68,635018.5,485068.5,114.6,ASPHALT,91,99,78
18,69,635018.5,485069.5,114.6,ASPHALT,93,101,78
18,70,635018.5,485070.5,114.6,ASPHALT,97,105,82
18,71,635018.5,485071.5,114.6,GRASS,75,87,67
18,72,635018.5,485072.5,114.58,ASPHALT,88,97,76
18,73,635018.5,485073.5,114.59,ASPHALT,89,99,75
18,74,635018.5,485074.5,114.59,GRASS,80,92,70
18,75,635018.5,485075.5,114.56,GRASS,81,94,74
18,76,635018.5,485076.5,114.53,GRASS,80,94,69
18,77,635018.5,485077.5,114.51,ASPHALT,90,98,77
18,78,635018.5,485078.5,114.49,ASPHALT,99,106,88
18,79,635018.5,485079.5,114.49,ASPHALT,88,97,76
18,80,635018.5,485080.5,114.49,GRASS,81,93,71
18,81,635018.5,485081.5,114.49,GRASS,77,89,67
18,82,635018.5,485082.5,114.48,ASPHALT,97,109,87
18,83,635018.5,485083.5,114.48,GRASS,77,91,68
18,84,635018.5,485084.5,114.45,ASPHALT,89,103,78
18,85,635018.5,485085.5,114.44,GRASS,80,94,69
18,86,635018.5,485086.5,114.37,GRASS,84,98,73
18,87,635018.5,485087.5,114.34,GRASS,84,98,75
18,88,635018.5,485088.5,114.34,ASPHALT,89,101,79
18,89,635018.5,485089.5,114.29,ASPHALT,89,101,77
18,90,635018.5,485090.5,114.27,ASPHALT,92,104,80
18,91,635018.5,485091.5,114.21,ASPHALT,102,104,83
18,92,635018.5,485092.5,114.17,ASPHALT,98,108,84
18,93,635018.5,485093.5,114.17,GRASS,79,92,72
18,94,635018.5,485094.5,114.15,GRASS,84,98,73
18,95,635018.5,485095.5,114.08,GRASS,77,92,71
18,96,635018.5,485096.5,113.75,CONCRETE,168,161,151
18,97,635018.5,485097.5,113.51,CONCRETE,148,145,138
18,98,635018.5,485098.5,113.51,ASPHALT,108,108,100
18,99,635018.5,485099.5,113.54,GRASS,49,54,48
19,0,635019.5,485000.5,120.51,GRASS,67,79,59
19,1,635019.5,485001.5,120.46,GRASS,68,83,60
19,2,635019.5,485002.5,120.46,ASPHALT,84,90,78
19,3,635019.5,485003.5,120.47,GRASS,68,74,64
19,4,635019.5,485004.5,120.38,GRASS,66,76,65
19,5,635019.5,485005.5,120.33,ASPHALT,114,116,94
19,6,635019.5,485006.5,120.27,GRASS,79,90,60
19,7,635019.5,485007.5,120.27,GRASS,78,86,62
19,8,635019.5,485008.5,120.25,GRASS,62,63,55
19,9,635019.5,485009.5,120.26,GRASS,67,78,61
19,10,635019.5,485010.5,120.24,ASPHALT,98,103,80
19,11,635019.5,485011.5,120.24,ASPHALT,114,119,97
19,12,635019.5,485012.5,120.24,GRASS,81,93,69
19,13,635019.5,485013.5,120.2,ASPHALT,111,119,98
19,14,635019.5,485014.5,120.21,ASPHALT,113,111,98
19,15,635019.5,485015.5,120.12,ASPHALT,111,113,99
19,16,635019.5,485016.5,120.01,GRASS,31,36,39
19,17,635019.5,485017.5,120.01,ASPHALT,113,114,106
19,18,635019.5,485018.5,120.01,ASPHALT,121,114,96
19,19,635019.5,485019.5,119.97,ASPHALT,120,114,98
19,20,635019.5,485020.5,119.91,CONCRETE,144,135,120
19,21,635019.5,485021.5,119.91,ASPHALT,115,111,99
19,22,635019.5,485022.5,119.84,GRASS,76,80,65
19,23,635019.5,485023.5,119.81,GRASS,54,63,46
19,24,635019.5,485024.5,119.7,ASPHALT,98,107,86
19,25,635019.5,485025.5,119.58,GRASS,42,53,37
19,26,635019.5,485026.5,119.58,GRASS,60,71,55
19,27,635019.5,485027.5,119.56,GRASS,84,89,69
19,28,635019.5,485028.5,119.47,ASPHALT,100,105,83
19,29,635019.5,485029.5,119.45,GRASS,56,65,48
19,30,635019.5,485030.5,119.29,GRASS,83,93,69
19,31,635019.5,485031.5,119.29,ASPHALT,87,96,77
19,32,635019.5,485032.5,119.26,GRASS,86,94,73
19,33,635019.5,485033.5,119.24,GRASS,69,78,57
19,34,635019.5,485034.5,119.18,GRASS,78,86,63
19,35,635019.5,485035.5,119.14,GRASS,80,89,70
19,36,635019.5,485036.5,119.14,GRASS,68,81,64
19,37,635019.5,485037.5,119.0,ASPHALT,80,92,82
19,38,635019.5,485038.5,118.64,GRASS,26,36,37
19,39,635019.5,485039.5,118.55,GRASS,61,73,61
19,40,635019.5,485040.5,118.55,ASPHALT,89,99,75
19,41,635019.5,485041.5,118.38,GRASS,80,87,69
19,42,635019.5,485042.5,118.12,ASPHALT,98,96,81
19,43,635019.5,485043.5,117.72,ASPHALT,121,114,95
19,44,635019.5,485044.5,117.32,ASPHALT,109,105,93
19,45,635019.5,485045.5,117.32,GRASS,87,90,73
19,46,635019.5,485046.5,116.98,ASPHALT,97,102,82
19,47,635019.5,485047.5,116.64,ASPHALT,94,99,77
19,48,635019.5,485048.5,116.34,ASPHALT,99,102,81
19,49,635019.5,485049.5,116.02,GRASS,85,88,67
19,50,635019.5,485050.5,116.02,ASPHALT,92,94,73
19,51,635019.5,485051.5,115.75,ASPHALT,103,104,86
19,52,635019.5,485052.5,115.43,ASPHALT,105,102,85
19,53,635019.5,485053.5,115.48,ASPHALT,131,124,105
19,54,635019.5,485054.5,115.51,ASPHALT,96,99,80
19,55,635019.5,485055.5,115.51,CONCRETE,171,173,159
19,56,635019.5,485056.5,115.6,CONCRETE,195,191,179
19,57,635019.5,485057.5,115.65,CONCRETE,200,194,182
19,58,635019.5,485058.5,115.75,CONCRETE,193,185,172
19,59,635019.5,485059.5,115.82,CONCRETE,199,191,180
19,60,635019.5,485060.5,115.82,CONCRETE,198,190,177
19,61,635019.5,485061.5,115.56,CONCRETE,189,176,160
19,62,635019.5,485062.5,115.22,ASPHALT,126,120,104
19,63,635019.5,485063.5,114.93,ASPHALT,97,100,81
19,64,635019.5,485064.5,114.93,ASPHALT,105,106,88
19,65,635019.5,485065.5,114.67,ASPHALT,89,92,73
19,66,635019.5,485066.5,114.63,ASPHALT,92,101,84
19,67,635019.5,485067.5,114.6,ASPHALT,94,106,84
19,68,635019.5,485068.5,114.6,ASPHALT,106,114,90
19,69,635019.5,485069.5,114.6,GRASS,88,96,73
19,70,635019.5,485070.5,114.6,ASPHALT,95,103,80
19,71,635019.5,485071.5,114.56,ASPHALT,92,101,80
19,72,635019.5,485072.5,114.57,ASPHALT,88,97,76
19,73,635019.5,485073.5,114.59,GRASS,79,91,69
19,74,635019.5,485074.5,114.59,ASPHALT,98,110,90
19,75,635019.5,485075.5,114.54,GRASS,76,90,67
19,76,635019.5,485076.5,114.53,ASPHALT,87,101,78
19,77,635019.5,485077.5,114.49,GRASS,81,93,71
19,78,635019.5,485078.5,114.5,GRASS,79,91,69
19,79,635019.5,485079.5,114.5,ASPHALT,96,104,81
19,80,635019.5,485080.5,114.47,GRASS,80,94,71
19,81,635019.5,485081.5,114.47,GRASS,75,87,67
19,82,635019.5,485082.5,114.46,GRASS,82,96,73
19,83,635019.5,485083.5,114.46,GRASS,82,96,73
19,84,635019.5,485084.5,114.42,ASPHALT,95,109,84
19,85,635019.5,485085.5,114.39,ASPHALT,90,102,78
19,86,635019.5,485086.5,114.36,GRASS,78,92,69
19,87,635019.5,485087.5,114.33,ASPHALT,89,102,82
19,88,635019.5,485088.5,114.33,GRASS,77,89,67
19,89,635019.5,485089.5,114.26,GRASS,80,90,66
19,90,635019.5,485090.5,114.23,ASPHALT,94,102,79
19,91,635019.5,485091.5,114.19,ASPHALT,101,109,86
19,92,635019.5,485092.5,114.17,ASPHALT,93,107,84
19,93,635019.5,485093.5,114.17,GRASS,81,94,74
19,94,635019.5,485094.5,114.12,ASPHALT,97,110,84
19,95,635019.5,485095.5,113.92,ASPHALT,93,97,82
19,96,635019.5,485096.5,113.53,CONCRETE,147,147,135
19,97,635019.5,485097.5,113.54,ASPHALT,122,123,117
19,98,635019.5,485098.5,113.54,GRASS,58,59,53
19,99,635019.5,485099.5,113.54,GRASS,48,53,47
20,0,635020.5,485000.5,120.5,GRASS,70,86,60
20,1,635020.5,485001.5,120.48,GRASS,61,72,56
20,2,635020.5,485002.5,120.48,GRASS,69,73,58
20,3,635020.5,485003.5,120.48,CONCRETE,157,150,134
20,4,635020.5,485004.5,120.43,ASPHALT,112,114,93
20,5,635020.5,485005.5,120.29,ASPHALT,103,117,91
20,6,635020.5,485006.5,120.3,GRASS,51,55,41
20,7,635020.5,485007.5,120.3,ASPHALT,127,129,107
20,8,635020.5,485008.5,120.28,ASPHALT,92,102,77
20,9,635020.5,485009.5,120.3,ASPHALT,87,100,74
20,10,635020.5,485010.5,120.28,GRASS,33,43,35
20,11,635020.5,485011.5,120.24,GRASS,38,43,47
20,12,635020.5,485012.5,120.24,GRASS,58,64,50
20,13,635020.5,485013.5,120.23,ASPHALT,100,96,84
20,14,635020.5,485014.5,120.12,ASPHALT,89,92,81
20,15,635020.5,485015.5,120.04,GRASS,29,37,40
20,16,635020.5,485016.5,120.03,CONCRETE,134,136,122
20,17,635020.5,485017.5,120.03,CONCRETE,141,134,116
20,18,635020.5,485018.5,120.02,GRASS,87,92,69
20,19,635020.5,485019.5,119.93,GRASS,66,69,52
20,20,635020.5,485020.5,119.79,ASPHALT,101,106,84
20,21,635020.5,485021.5,119.79,GRASS,62,73,56
20,22,635020.5,485022.5,119.75,GRASS,63,77,52
20,23,635020.5,485023.5,119.69,GRASS,63,75,55
20,24,635020.5,485024.5,119.65,GRASS,43,57,44
20,25,635020.5,485025.5,119.56,GRASS,33,46,37
20,26,635020.5,485026.5,119.56,GRASS,35,47,37
20,27,635020.5,485027.5,119.49,GRASS,33,41,43
20,28,635020.5,485028.5,119.39,GRASS,40,48,50
20,29,635020.5,485029.5,119.34,GRASS,38,47,44
20,30,635020.5,485030.5,119.3,GRASS,71,80,63
20,31,635020.5,485031.5,119.3,ASPHALT,86,95,78
20,32,635020.5,485032.5,119.26,GRASS,74,83,64
20,33,635020.5,485033.5,119.14,ASPHALT,91,99,78
20,34,635020.5,485034.5,119.13,ASPHALT,96,102,88
20,35,635020.5,485035.5,118.93,GRASS,53,63,55
20,36,635020.5,485036.5,118.93,GRASS,22,32,34
20,37,635020.5,485037.5,118.68,GRASS,46,56,55
20,38,635020.5,485038.5,118.48,GRASS,24,33,40
20,39,635020.5,485039.5,118.36,GRASS,56,68,54
20,40,635020.5,485040.5,118.36,GRASS,78,90,68
20,41,635020.5,485041.5,118.05,GRASS,83,85,72
20,42,635020.5,485042.5,117.71,ASPHALT,106,100,84
20,43,635020.5,485043.5,117.25,GRASS,83,84,68
20,44,635020.5,485044.5,116.86,ASPHALT,84,93,76
20,45,635020.5,485045.5,116.86,GRASS,85,88,67
20,46,635020.5,485046.5,116.61,GRASS,83,90,72
20,47,635020.5,485047.5,116.25,ASPHALT,90,99,78
20,48,635020.5,485048.5,115.92,ASPHALT,92,97,75
20,49,635020.5,485049.5,115.57,GRASS,85,90,68
20,50,635020.5,485050.5,115.57,ASPHALT,90,93,74
20,51,635020.5,485051.5,115.32,GRASS,90,92,71
20,52,635020.5,485052.5,115.37,ASPHALT,124,117,98
20,53,635020.5,485053.5,115.38,ASPHALT,123,118,99
20,54,635020.5,485054.5,115.46,CONCRETE,168,165,150
20,55,635020.5,485055.5,115.46,CONCRETE,190,186,174
20,56,635020.5,485056.5,115.52,CONCRETE,202,194,183
20,57,635020.5,485057.5,115.63,CONCRETE,191,183,170
20,58,635020.5,485058.5,115.58,CONCRETE,201,193,180
20,59,635020.5,485059.5,115.44,CONCRETE,197,189,176
20,60,635020.5,485060.5,115.44,CONCRETE,185,176,161
20,61,635020.5,485061.5,115.05,ASPHALT,106,103,86
20,62,635020.5,485062.5,114.82,ASPHALT,114,117,100
20,63,635020.5,485063.5,114.63,ASPHALT,96,103,85
20,64,635020.5,485064.5,114.63,ASPHALT,92,104,84
20,65,635020.5,485065.5,114.61,ASPHALT,95,107,87
20,66,635020.5,485066.5,114.61,ASPHALT,95,104,83
20,67,635020.5,485067.5,114.59,ASPHALT,102,110,89
20,68,635020.5,485068.5,114.56,ASPHALT,93,101,80
20,69,635020.5,485069.5,114.56,GRASS,85,93,70
20,70,635020.5,485070.5,114.55,ASPHALT,92,101,80
20,71,635020.5,485071.5,114.55,ASPHALT,88,96,75
20,72,635020.5,485072.5,114.55,GRASS,82,91,70
20,73,635020.5,485073.5,114.53,ASPHALT,89,101,77
20,74,635020.5,485074.5,114.53,GRASS,81,93,73
20,75,635020.5,485075.5,114.52,GRASS,77,89,69
20,76,635020.5,485076.5,114.49,GRASS,83,96,76
20,77,635020.5,485077.5,114.44,ASPHALT,90,104,81
20,78,635020.5,485078.5,114.44,GRASS,78,89,72
20,79,635020.5,485079.5,114.44,ASPHALT,87,101,78
20,80,635020.5,485080.5,114.44,ASPHALT,93,103,79
20,81,635020.5,485081.5,114.43,GRASS,86,96,72
20,82,635020.5,485082.5,114.4,GRASS,82,94,70
20,83,635020.5,485083.5,114.4,GRASS,76,88,66
20,84,635020.5,485084.5,114.4,ASPHALT,94,108,83
20,85,635020.5,485085.5,114.33,GRASS,76,91,68
20,86,635020.5,485086.5,114.32,ASPHALT,98,110,86
20,87,635020.5,485087.5,114.27,GRASS,80,92,70
20,88,635020.5,485088.5,114.27,ASPHALT,99,111,89
20,89,635020.5,485089.5,114.27,GRASS,77,91,68
20,90,635020.5,485090.5,114.23,CONCRETE,138,141,120
20,91,635020.5,485091.5,114.18,ASPHALT,95,109,84
20,92,635020.5,485092.5,114.15,ASPHALT,88,100,80
20,93,635020.5,485093.5,114.15,ASPHALT,90,104,78
20,94,635020.5,485094.5,114.09,GRASS,82,92,68
20,95,635020.5,485095.5,113.7,CONCRETE,167,161,149
20,96,635020.5,485096.5,113.51,CONCRETE,139,136,127
20,97,635020.5,485097.5,113.54,ASPHALT,111,112,104
20,98,635020.5,485098.5,113.54,GRASS,50,55,51
20,99,635020.5,485099.5,113.54,GRASS,48,54,52
21,0,635021.5,485000.5,120.5,GRASS,88,102,67
21,1,635021.5,485001.5,120.48,GRASS,81,91,64
21,2,635021.5,485002.5,120.48,GRASS,87,91,68
21,3,635021.5,485003.5,120.43,CONCRETE,137,131,117
21,4,635021.5,485004.5,120.41,CONCRETE,139,132,116
21,5,635021.5,485005.5,120.39,GRASS,78,80,59
21,6,635021.5,485006.5,120.29,GRASS,73,80,64
21,7,635021.5,485007.5,120.29,ASPHALT,111,113,89
21,8,635021.5,485008.5,120.29,GRASS,72,91,63
21,9,635021.5,485009.5,120.31,GRASS,78,94,68
21,10,635021.5,485010.5,120.27,GRASS,72,91,63
21,11,635021.5,485011.5,120.25,GRASS,23,32,37
21,12,635021.5,485012.5,120.25,GRASS,40,49,48
21,13,635021.5,485013.5,120.2,GRASS,69,70,64
21,14,635021.5,485014.5,120.1,GRASS,30,33,38
21,15,635021.5,485015.5,120.05,ASPHALT,87,90,81
21,16,635021.5,485016.5,120.07,ASPHALT,122,115,97
21,17,635021.5,485017.5,120.07,ASPHALT,103,107,84
21,18,635021.5,485018.5,120.0,GRASS,81,91,67
21,19,635021.5,485019.5,119.91,GRASS,66,78,54
21,20,635021.5,485020.5,119.73,GRASS,78,90,70
21,21,635021.5,485021.5,119.73,GRASS,63,77,52
21,22,635021.5,485022.5,119.69,GRASS,53,66,48
21,23,635021.5,485023.5,119.68,GRASS,51,64,44
21,24,635021.5,485024.5,119.6,GRASS,33,45,35
21,25,635021.5,485025.5,119.5,GRASS,29,44,37
21,26,635021.5,485026.5,119.5,GRASS,21,30,35
21,27,635021.5,485027.5,119.38,GRASS,24,33,42
21,28,635021.5,485028.5,119.41,GRASS,38,48,50
21,29,635021.5,485029.5,119.33,GRASS,40,49,48
21,30,635021.5,485030.5,119.13,GRASS,35,42,35
21,31,635021.5,485031.5,119.13,ASPHALT,96,104,81
21,32,635021.5,485032.5,119.19,GRASS,71,80,63
21,33,635021.5,485033.5,119.15,ASPHALT,86,95,78
21,34,635021.5,485034.5,119.05,GRASS,71,82,68
21,35,635021.5,485035.5,118.78,GRASS,76,87,79
21,36,635021.5,485036.5,118.78,GRASS,24,34,36
21,37,635021.5,485037.5,118.48,GRASS,24,35,41
21,38,635021.5,485038.5,118.24,GRASS,24,35,41
21,39,635021.5,485039.5,117.87,GRASS,33,38,42
21,40,635021.5,485040.5,117.87,GRASS,50,62,52
21,41,635021.5,485041.5,117.63,ASPHALT,89,91,80
21,42,635021.5,485042.5,117.21,ASPHALT,93,94,80
21,43,635021.5,485043.5,116.78,GRASS,82,89,73
21,44,635021.5,485044.5,116.41,ASPHALT,97,102,79
21,45,635021.5,485045.5,116.41,ASPHALT,92,95,78
21,46,635021.5,485046.5,116.12,ASPHALT,92,97,77
21,47,635021.5,485047.5,115.74,GRASS,79,88,67
21,48,635021.5,485048.5,115.4,ASPHALT,96,105,86
21,49,635021.5,485049.5,115.18,ASPHALT,90,94,77
21,50,635021.5,485050.5,115.18,GRASS,85,88,67
21,51,635021.5,485051.5,115.17,ASPHALT,117,116,95
21,52,635021.5,485052.5,115.27,ASPHALT,110,108,87
21,53,635021.5,485053.5,115.34,CONCRETE,181,178,161
21,54,635021.5,485054.5,115.41,CONCRETE,190,186,174
21,55,635021.5,485055.5,115.41,CONCRETE,201,193,182
21,56,635021.5,485056.5,115.47,CONCRETE,191,183,172
21,57,635021.5,485057.5,115.53,CONCRETE,197,190,174
21,58,635021.5,485058.5,115.27,CONCRETE,194,186,173
21,59,635021.5,485059.5,114.97,CONCRETE,181,169,153
21,60,635021.5,485060.5,114.97,ASPHALT,99,96,79
21,61,635021.5,485061.5,114.75,ASPHALT,101,102,84
21,62,635021.5,485062.5,114.57,ASPHALT,98,106,85
21,63,635021.5,485063.5,114.58,ASPHALT,88,100,80
21,64,635021.5,485064.5,114.58,ASPHALT,90,102,82
21,65,635021.5,485065.5,114.56,ASPHALT,94,103,82
21,66,635021.5,485066.5,114.54,ASPHALT,101,109,88
21,67,635021.5,485067.5,114.57,ASPHALT,102,107,87
21,68,635021.5,485068.5,114.52,ASPHALT,96,101,81
21,69,635021.5,485069.5,114.52,ASPHALT,110,113,94
21,70,635021.5,485070.5,114.52,ASPHALT,97,100,81
21,71,635021.5,485071.5,114.49,GRASS,82,96,73
21,72,635021.5,485072.5,114.52,ASPHALT,87,101,78
21,73,635021.5,485073.5,114.48,GRASS,75,89,66
21,74,635021.5,485074.5,114.48,GRASS,76,90,67
21,75,635021.5,485075.5,114.5,GRASS,71,86,65
21,76,635021.5,485076.5,114.45,GRASS,76,90,67
21,77,635021.5,485077.5,114.43,GRASS,80,92,70
21,78,635021.5,485078.5,114.4,ASPHALT,89,101,81
21,79,635021.5,485079.5,114.4,GRASS,77,89,69
21,80,635021.5,485080.5,114.4,ASPHALT,97,105,82
21,81,635021.5,485081.5,114.39,GRASS,82,96,73
21,82,635021.5,485082.5,114.39,GRASS,75,89,66
21,83,635021.5,485083.5,114.39,GRASS,76,94,70
21,84,635021.5,485084.5,114.38,GRASS,81,93,73
21,85,635021.5,485085.5,114.33,GRASS,78,90,70
21,86,635021.5,485086.5,114.31,ASPHALT,97,109,85
21,87,635021.5,485087.5,114.27,ASPHALT,87,103,77
21,88,635021.5,485088.5,114.27,GRASS,74,92,70
21,89,635021.5,485089.5,114.24,ASPHALT,96,101,79
21,90,635021.5,485090.5,114.19,ASPHALT,98,106,82
21,91,635021.5,485091.5,114.17,GRASS,81,95,72
21,92,635021.5,485092.5,114.16,ASPHALT,87,99,75
21,93,635021.5,485093.5,114.16,ASPHALT,100,113,87
21,94,635021.5,485094.5,113.93,ASPHALT,93,94,76
21,95,635021.5,485095.5,113.55,CONCRETE,151,149,137
21,96,635021.5,485096.5,113.53,ASPHALT,120,121,113
21,97,635021.5,485097.5,113.54,GRASS,53,55,50
21,98,635021.5,485098.5,113.54,GRASS,50,55,51
21,99,635021.5,485099.5,113.54,GRASS,48,54,54
22,0,635022.5,485000.5,120.52,GRASS,57,68,52
22,1,635022.5,485001.5,120.46,GRASS,81,91,66
22,2,635022.5,485002.5,120.46,GRASS,73,85,63
22,3,635022.5,485003.5,120.47,ASPHALT,94,102,78
22,4,635022.5,485004.5,120.45,ASPHALT,95,96,78
22,5,635022.5,485005.5,120.4,GRASS,89,94,71
22,6,635022.5,485006.5,120.39,GRASS,70,74,59
22,7,635022.5,485007.5,120.39,GRASS,63,76,50
22,8,635022.5,485008.5,120.28,ASPHALT,103,108,86
22,9,635022.5,485009.5,120.32,GRASS,63,78,49
22,10,635022.5,485010.5,120.28,GRASS,70,85,64
22,11,635022.5,485011.5,120.24,ASPHALT,94,108,82
22,12,635022.5,485012.5,120.24,GRASS,26,34,37
22,13,635022.5,485013.5,120.11,GRASS,27,32,36
22,14,635022.5,485014.5,120.13,ASPHALT,99,105,91
22,15,635022.5,485015.5,120.08,ASPHALT,111,109,86
22,16,635022.5,485016.5,120.0,GRASS,66,74,51
22,17,635022.5,485017.5,120.0,GRASS,82,90,66
22,18,635022.5,485018.5,119.98,GRASS,59,73,47
22,19,635022.5,485019.5,119.8,GRASS,54,69,50
22,20,635022.5,485020.5,119.77,GRASS,57,72,51
22,21,635022.5,485021.5,119.77,GRASS,72,84,64
22,22,635022.5,485022.5,119.64,GRASS,63,78,59
22,23,635022.5,485023.5,119.58,GRASS,55,70,51
22,24,635022.5,485024.5,119.6,GRASS,29,40,34
22,25,635022.5,485025.5,119.45,GRASS,29,43,43
22,26,635022.5,485026.5,119.45,GRASS,25,37,37
22,27,635022.5,485027.5,119.43,GRASS,38,47,56
22,28,635022.5,485028.5,119.41,ASPHALT,79,84,90
22,29,635022.5,485029.5,119.39,GRASS,23,30,38
22,30,635022.5,485030.5,119.22,GRASS,25,32,38
22,31,635022.5,485031.5,119.22,GRASS,53,64,47
22,32,635022.5,485032.5,119.1,ASPHALT,84,96,76
22,33,635022.5,485033.5,119.03,GRASS,81,90,71
22,34,635022.5,485034.5,118.8,ASPHALT,84,92,77
22,35,635022.5,485035.5,118.54,GRASS,53,62,57
22,36,635022.5,485036.5,118.54,GRASS,28,42,42
22,37,635022.5,485037.5,118.24,GRASS,24,35,41
22,38,635022.5,485038.5,117.84,GRASS,38,48,50
22,39,635022.5,485039.5,117.37,GRASS,46,47,51
22,40,635022.5,485040.5,117.37,GRASS,55,62,55
22,41,635022.5,485041.5,117.05,GRASS,53,58,54
22,42,635022.5,485042.5,116.62,GRASS,77,81,66
22,43,635022.5,485043.5,116.34,ASPHALT,100,105,85
22,44,635022.5,485044.5,115.94,GRASS,86,91,69
22,45,635022.5,485045.5,115.94,ASPHALT,97,100,83
22,46,635022.5,485046.5,115.72,ASPHALT,89,93,76
22,47,635022.5,485047.5,115.33,GRASS,83,88,68
22,48,635022.5,485048.5,115.07,ASPHALT,91,96,76
22,49,635022.5,485049.5,115.04,ASPHALT,92,95,76
22,50,635022.5,485050.5,115.04,ASPHALT,104,109,86
22,51,635022.5,485051.5,115.07,CONCRETE,136,135,114
22,52,635022.5,485052.5,115.2,CONCRETE,194,188,174
22,53,635022.5,485053.5,115.24,CONCRETE,186,182,170
22,54,635022.5,485054.5,115.34,CONCRETE,192,186,174
22,55,635022.5,485055.5,115.34,CONCRETE,190,182,169
22,56,635022.5,485056.5,115.39,CONCRETE,194,187,171
22,57,635022.5,485057.5,115.08,CONCRETE,191,181,169
22,58,635022.5,485058.5,114.89,CONCRETE,182,169,152
22,59,635022.5,485059.5,114.67,DIRT,91,93,72
22,60,635022.5,485060.5,114.67,ASPHALT,88,92,75
22,61,635022.5,485061.5,114.61,GRASS,81,90,73
22,62,635022.5,485062.5,114.57,ASPHALT,92,101,84
22,63,635022.5,485063.5,114.54,ASPHALT,98,110,88
22,64,635022.5,485064.5,114.54,ASPHALT,93,102,83
22,65,635022.5,485065.5,114.53,ASPHALT,90,99,78
22,66,635022.5,485066.5,114.54,ASPHALT,87,96,75
22,67,635022.5,485067.5,114.52,ASPHALT,87,96,75
22,68,635022.5,485068.5,114.49,ASPHALT,88,97,78
22,69,635022.5,485069.5,114.49,GRASS,78,87,68
22,70,635022.5,485070.5,114.48,ASPHALT,94,103,82
22,71,635022.5,485071.5,114.48,ASPHALT,96,108,86
22,72,635022.5,485072.5,114.43,ASPHALT,96,101,79
22,73,635022.5,485073.5,114.45,ASPHALT,93,101,78
22,74,635022.5,485074.5,114.45,GRASS,77,92,71
22,75,635022.5,485075.5,114.43,GRASS,71,86,65
22,76,635022.5,485076.5,114.44,GRASS,75,88,70
22,77,635022.5,485077.5,114.39,ASPHALT,91,100,79
22,78,635022.5,485078.5,114.39,GRASS,86,96,72
22,79,635022.5,485079.5,114.39,GRASS,78,87,70
22,80,635022.5,485080.5,114.37,ASPHALT,96,106,82
22,81,635022.5,485081.5,114.35,GRASS,82,94,72
22,82,635022.5,485082.5,114.31,ASPHALT,91,107,81
22,83,635022.5,485083.5,114.31,GRASS,82,96,73
22,84,635022.5,485084.5,114.32,ASPHALT,86,99,79
22,85,635022.5,485085.5,114.31,GRASS,82,94,72
22,86,635022.5,485086.5,114.27,ASPHALT,87,101,76
22,87,635022.5,485087.5,114.25,GRASS,72,89,70
22,88,635022.5,485088.5,114.25,GRASS,84,96,74
22,89,635022.5,485089.5,114.21,ASPHALT,101,113,91
22,90,635022.5,485090.5,114.17,ASPHALT,98,108,83
22,91,635022.5,485091.5,114.16,ASPHALT,113,118,95
22,92,635022.5,485092.5,114.13,ASPHALT,93,106,80
22,93,635022.5,485093.5,114.13,ASPHALT,100,110,86
22,94,635022.5,485094.5,113.75,CONCRETE,182,178,167
22,95,635022.5,485095.5,113.48,CONCRETE,132,129,122
22,96,635022.5,485096.5,113.53,ASPHALT,85,86,78
22,97,635022.5,485097.5,113.54,GRASS,49,51,48
22,98,635022.5,485098.5,113.54,GRASS,48,54,52
22,99,635022.5,485099.5,113.53,GRASS,55,59,62
23,0,635023.5,485000.5,120.52,GRASS,36,46,37
23,1,635023.5,485001.5,120.46,GRASS,76,84,63
23,2,635023.5,485002.5,120.46,GRASS,85,101,74
23,3,635023.5,485003.5,120.47,ASPHALT,90,106,79
23,4,635023.5,485004.5,120.45,ASPHALT,106,110,87
23,5,635023.5,485005.5,120.4,DIRT,99,98,77
23,6,635023.5,485006.5,120.39,CONCRETE,154,151,134
23,7,635023.5,485007.5,120.39,GRASS,82,86,63
23,8,635023.5,485008.5,120.28,GRASS,53,56,35
23,9,635023.5,485009.5,120.32,ASPHALT,107,106,85
23,10,635023.5,485010.5,120.28,GRASS,80,85,65
23,11,635023.5,485011.5,120.24,ASPHALT,112,110,98
23,12,635023.5,485012.5,120.24,GRASS,24,32,35
23,13,635023.5,485013.5,120.11,GRASS,64,77,60
23,14,635023.5,485014.5,120.13,GRASS,88,93,70
23,15,635023.5,485015.5,120.08,GRASS,63,73,46
23,16,635023.5,485016.5,120.0,GRASS,51,65,40
23,17,635023.5,485017.5,120.0,GRASS,58,70,50
23,18,635023.5,485018.5,119.98,GRASS,69,81,61
23,19,635023.5,485019.5,119.8,GRASS,48,59,42
23,20,635023.5,485020.5,119.77,GRASS,69,82,62
23,21,635023.5,485021.5,119.77,GRASS,66,80,57
23,22,635023.5,485022.5,119.64,GRASS,41,54,34
23,23,635023.5,485023.5,119.58,GRASS,48,62,45
23,24,635023.5,485024.5,119.6,GRASS,31,47,37
23,25,635023.5,485025.5,119.45,GRASS,34,49,46
23,26,635023.5,485026.5,119.45,GRASS,34,48,51
23,27,635023.5,485027.5,119.43,GRASS,26,36,45
23,28,635023.5,485028.5,119.41,GRASS,28,36,47
23,29,635023.5,485029.5,119.39,GRASS,25,33,44
23,30,635023.5,485030.5,119.22,GRASS,18,25,31
23,31,635023.5,485031.5,119.22,GRASS,77,85,70
23,32,635023.5,485032.5,119.1,GRASS,73,84,68
23,33,635023.5,485033.5,119.03,GRASS,69,75,61
23,34,635023.5,485034.5,118.8,GRASS,71,75,61
23,35,635023.5,485035.5,118.54,GRASS,56,62,60
23,36,635023.5,485036.5,118.54,GRASS,27,37,39
23,37,635023.5,485037.5,118.24,GRASS,24,33,40
23,38,635023.5,485038.5,117.84,GRASS,30,39,46
23,39,635023.5,485039.5,117.37,GRASS,31,40,47
23,40,635023.5,485040.5,117.37,GRASS,36,45,44
23,41,635023.5,485041.5,117.05,GRASS,78,84,72
23,42,635023.5,485042.5,116.62,GRASS,78,85,67
23,43,635023.5,485043.5,116.34,GRASS,88,93,71
23,44,635023.5,485044.5,115.94,GRASS,83,88,68
23,45,635023.5,485045.5,115.94,ASPHALT,97,100,81
23,46,635023.5,485046.5,115.72,ASPHALT,101,109,88
23,47,635023.5,485047.5,115.33,ASPHALT,95,98,79
23,48,635023.5,485048.5,115.07,GRASS,74,81,63
23,49,635023.5,485049.5,115.04,ASPHALT,102,106,83
23,50,635023.5,485050.5,115.04,CONCRETE,135,137,116
23,51,635023.5,485051.5,115.07,CONCRETE,191,185,173
23,52,635023.5,485052.5,115.2,CONCRETE,189,185,173
23,53,635023.5,485053.5,115.24,CONCRETE,190,184,170
23,54,635023.5,485054.5,115.34,CONCRETE,195,187,174
23,55,635023.5,485055.5,115.34,CONCRETE,191,183,170
23,56,635023.5,485056.5,115.39,CONCRETE,190,181,166
23,57,635023.5,485057.5,115.08,CONCRETE,182,169,152
23,58,635023.5,485058.5,114.89,ASPHALT,113,112,94
23,59,635023.5,485059.5,114.67,ASPHALT,95,102,84
23,60,635023.5,485060.5,114.67,GRASS,83,95,75
23,61,635023.5,485061.5,114.61,ASPHALT,84,96,76
23,62,635023.5,485062.5,114.57,ASPHALT,97,106,87
23,63,635023.5,485063.5,114.54,GRASS,85,94,75
23,64,635023.5,485064.5,114.54,GRASS,78,91,71
23,65,635023.5,485065.5,114.53,ASPHALT,87,96,75
23,66,635023.5,485066.5,114.54,GRASS,86,94,71
23,67,635023.5,485067.5,114.52,GRASS,85,94,75
23,68,635023.5,485068.5,114.49,GRASS,82,95,75
23,69,635023.5,485069.5,114.49,GRASS,78,91,73
23,70,635023.5,485070.5,114.48,ASPHALT,89,103,77
23,71,635023.5,485071.5,114.48,GRASS,77,89,69
23,72,635023.5,485072.5,114.43,ASPHALT,101,109,86
23,73,635023.5,485073.5,114.45,GRASS,86,96,71
23,74,635023.5,485074.5,114.45,GRASS,81,95,70
23,75,635023.5,485075.5,114.43,ASPHALT,86,101,80
23,76,635023.5,485076.5,114.44,GRASS,85,97,75
23,77,635023.5,485077.5,114.39,ASPHALT,88,100,80
23,78,635023.5,485078.5,114.39,GRASS,79,92,72
23,79,635023.5,485079.5,114.39,GRASS,73,86,68
23,80,635023.5,485080.5,114.37,ASPHALT,90,99,80
23,81,635023.5,485081.5,114.35,GRASS,85,99,74
23,82,635023.5,485082.5,114.31,GRASS,65,82,63
23,83,635023.5,485083.5,114.31,GRASS,80,94,71
23,84,635023.5,485084.5,114.32,GRASS,77,91,68
23,85,635023.5,485085.5,114.31,ASPHALT,98,108,84
23,86,635023.5,485086.5,114.27,ASPHALT,92,106,83
23,87,635023.5,485087.5,114.25,ASPHALT,91,104,84
23,88,635023.5,485088.5,114.25,CONCRETE,134,139,119
23,89,635023.5,485089.5,114.21,ASPHALT,101,110,89
23,90,635023.5,485090.5,114.17,ASPHALT,100,110,85
23,91,635023.5,485091.5,114.16,ASPHALT,118,122,97
23,92,635023.5,485092.5,114.13,ASPHALT,98,111,85
23,93,635023.5,485093.5,114.13,ASPHALT,104,105,89
23,94,635023.5,485094.5,113.75,CONCRETE,159,155,146
23,95,635023.5,485095.5,113.48,CONCRETE,129,130,124
23,96,635023.5,485096.5,113.53,GRASS,54,55,49
23,97,635023.5,485097.5,113.54,GRASS,50,55,49
23,98,635023.5,485098.5,113.54,GRASS,47,51,50
23,99,635023.5,485099.5,113.53,GRASS,67,71,72
24,0,635024.5,485000.5,120.51,GRASS,29,34,37
24,1,635024.5,485001.5,120.5,GRASS,57,67,56
24,2,635024.5,485002.5,120.5,GRASS,77,87,63
24,3,635024.5,485003.5,120.47,ASPHALT,102,112,87
24,4,635024.5,485004.5,120.45,GRASS,89,94,72
24,5,635024.5,485005.5,120.46,ASPHALT,95,98,77
24,6,635024.5,485006.5,120.4,ASPHALT,109,106,91
24,7,635024.5,485007.5,120.4,CONCRETE,171,163,152
24,8,635024.5,485008.5,120.31,GRASS,85,87,73
24,9,635024.5,485009.5,120.3,ASPHALT,115,114,93
24,10,635024.5,485010.5,120.29,GRASS,36,42,40
24,11,635024.5,485011.5,120.18,GRASS,26,33,39
24,12,635024.5,485012.5,120.18,ASPHALT,104,103,98
24,13,635024.5,485013.5,120.19,CONCRETE,147,142,120
24,14,635024.5,485014.5,120.16,ASPHALT,90,100,73
24,15,635024.5,485015.5,120.05,GRASS,75,85,58
24,16,635024.5,485016.5,120.0,GRASS,77,91,65
24,17,635024.5,485017.5,120.0,GRASS,75,90,61
24,18,635024.5,485018.5,119.79,GRASS,82,96,71
24,19,635024.5,485019.5,119.75,GRASS,62,73,57
24,20,635024.5,485020.5,119.73,GRASS,55,68,48
24,21,635024.5,485021.5,119.73,GRASS,38,48,37
24,22,635024.5,485022.5,119.65,GRASS,51,62,46
24,23,635024.5,485023.5,119.51,GRASS,67,79,57
24,24,635024.5,485024.5,119.48,GRASS,43,55,41
24,25,635024.5,485025.5,119.42,GRASS,45,56,42
24,26,635024.5,485026.5,119.42,GRASS,52,65,55
24,27,635024.5,485027.5,119.35,GRASS,30,40,42
24,28,635024.5,485028.5,119.32,GRASS,26,34,45
24,29,635024.5,485029.5,119.29,GRASS,45,52,60
24,30,635024.5,485030.5,119.19,GRASS,35,39,51
24,31,635024.5,485031.5,119.19,GRASS,49,54,48
24,32,635024.5,485032.5,118.93,GRASS,74,82,71
24,33,635024.5,485033.5,118.72,ASPHALT,92,100,85
24,34,635024.5,485034.5,118.53,GRASS,76,80,66
24,35,635024.5,485035.5,118.2,GRASS,67,75,62
24,36,635024.5,485036.5,118.2,GRASS,32,42,44
24,37,635024.5,485037.5,117.87,GRASS,27,38,40
24,38,635024.5,485038.5,117.45,GRASS,34,43,48
24,39,635024.5,485039.5,117.02,GRASS,27,41,42
24,40,635024.5,485040.5,117.02,GRASS,29,38,43
24,41,635024.5,485041.5,116.52,GRASS,43,49,47
24,42,635024.5,485042.5,116.21,GRASS,64,70,58
24,43,635024.5,485043.5,115.93,ASPHALT,96,100,85
24,44,635024.5,485044.5,115.56,GRASS,77,84,68
24,45,635024.5,485045.5,115.56,GRASS,82,91,70
24,46,635024.5,485046.5,115.26,GRASS,81,93,73
24,47,635024.5,485047.5,114.95,GRASS,79,88,71
24,48,635024.5,485048.5,114.93,ASPHALT,107,115,92
24,49,635024.5,485049.5,114.96,CONCRETE,154,153,135
24,50,635024.5,485050.5,114.96,CONCRETE,196,192,181
24,51,635024.5,485051.5,115.03,CONCRETE,193,187,173
24,52,635024.5,485052.5,115.14,CONCRETE,191,185,171
24,53,635024.5,485053.5,115.22,CONCRETE,191,183,170
24,54,635024.5,485054.5,115.26,CONCRETE,189,181,168
24,55,635024.5,485055.5,115.26,CONCRETE,184,175,160
24,56,635024.5,485056.5,115.03,CONCRETE,185,169,153
24,57,635024.5,485057.5,114.76,ASPHALT,102,99,80
24,58,635024.5,485058.5,114.62,ASPHALT,102,106,89
24,59,635024.5,485059.5,114.54,ASPHALT,90,103,85
24,60,635024.5,485060.5,114.54,GRASS,73,88,69
24,61,635024.5,485061.5,114.56,GRASS,82,95,75
24,62,635024.5,485062.5,114.54,GRASS,79,92,72
24,63,635024.5,485063.5,114.54,GRASS,72,84,62
24,64,635024.5,485064.5,114.54,ASPHALT,88,100,80
24,65,635024.5,485065.5,114.5,GRASS,79,91,71
24,66,635024.5,485066.5,114.49,ASPHALT,89,101,79
24,67,635024.5,485067.5,114.49,GRASS,76,88,68
24,68,635024.5,485068.5,114.48,GRASS,75,90,71
24,69,635024.5,485069.5,114.48,GRASS,84,98,75
24,70,635024.5,485070.5,114.44,GRASS,85,95,70
24,71,635024.5,485071.5,114.45,GRASS,81,96,75
24,72,635024.5,485072.5,114.42,GRASS,79,93,70
24,73,635024.5,485073.5,114.41,GRASS,85,94,73
24,74,635024.5,485074.5,114.41,GRASS,74,88,63
24,75,635024.5,485075.5,114.41,ASPHALT,92,106,83
24,76,635024.5,485076.5,114.4,GRASS,82,96,73
24,77,635024.5,485077.5,114.37,GRASS,85,97,75
24,78,635024.5,485078.5,114.34,GRASS,81,95,72
24,79,635024.5,485079.5,114.34,GRASS,77,90,70
24,80,635024.5,485080.5,114.35,GRASS,77,90,72
24,81,635024.5,485081.5,114.31,GRASS,78,91,73
24,82,635024.5,485082.5,114.29,GRASS,74,91,72
24,83,635024.5,485083.5,114.29,GRASS,81,95,72
24,84,635024.5,485084.5,114.31,GRASS,84,98,73
24,85,635024.5,485085.5,114.3,ASPHALT,98,108,84
24,86,635024.5,485086.5,114.27,GRASS,84,98,73
24,87,635024.5,485087.5,114.25,ASPHALT,90,100,76
24,88,635024.5,485088.5,114.25,ASPHALT,96,108,84
24,89,635024.5,485089.5,114.16,ASPHALT,89,98,77
24,90,635024.5,485090.5,114.18,ASPHALT,110,114,87
24,91,635024.5,485091.5,114.15,ASPHALT,115,121,95
24,92,635024.5,485092.5,113.95,ASPHALT,112,114,92
24,93,635024.5,485093.5,113.95,CONCRETE,181,177,168
24,94,635024.5,485094.5,113.52,CONCRETE,130,130,122
24,95,635024.5,485095.5,113.51,GRASS,66,66,58
24,96,635024.5,485096.5,113.54,GRASS,45,49,48
24,97,635024.5,485097.5,113.54,GRASS,47,53,51
24,98,635024.5,485098.5,113.54,GRASS,56,60,59
24,99,635024.5,485099.5,113.53,GRASS,38,46,48
25,0,635025.5,485000.5,120.52,GRASS,39,51,39
25,1,635025.5,485001.5,120.48,GRASS,70,80,79
25,2,635025.5,485002.5,120.48,GRASS,30,40,31
25,3,635025.5,485003.5,120.49,GRASS,91,95,70
25,4,635025.5,485004.5,120.48,GRASS,90,95,72
25,5,635025.5,485005.5,120.48,ASPHALT,90,98,74
25,6,635025.5,485006.5,120.43,ASPHALT,100,103,82
25,7,635025.5,485007.5,120.43,ASPHALT,111,110,90
25,8,635025.5,485008.5,120.38,ASPHALT,127,123,114
25,9,635025.5,485009.5,120.34,GRASS,44,51,44
25,10,635025.5,485010.5,120.22,GRASS,27,36,41
25,11,635025.5,485011.5,120.23,CONCRETE,141,137,126
25,12,635025.5,485012.5,120.23,CONCRETE,146,137,120
25,13,635025.5,485013.5,120.21,ASPHALT,111,114,93
25,14,635025.5,485014.5,120.12,GRASS,78,93,64
25,15,635025.5,485015.5,120.04,GRASS,64,77,57
25,16,635025.5,485016.5,119.82,GRASS,62,76,53
25,17,635025.5,485017.5,119.82,GRASS,64,79,48
25,18,635025.5,485018.5,119.76,GRASS,69,81,57
25,19,635025.5,485019.5,119.72,GRASS,82,94,70
25,20,635025.5,485020.5,119.69,GRASS,76,85,66
25,21,635025.5,485021.5,119.69,GRASS,47,60,42
25,22,635025.5,485022.5,119.62,GRASS,74,85,68
25,23,635025.5,485023.5,119.51,GRASS,60,71,54
25,24,635025.5,485024.5,119.43,GRASS,58,69,53
25,25,635025.5,485025.5,119.33,GRASS,54,66,54
25,26,635025.5,485026.5,119.33,GRASS,48,58,47
25,27,635025.5,485027.5,119.23,GRASS,25,34,39
25,28,635025.5,485028.5,119.2,GRASS,33,42,51
25,29,635025.5,485029.5,119.17,GRASS,63,68,74
25,30,635025.5,485030.5,119.1,GRASS,39,46,56
25,31,635025.5,485031.5,119.1,GRASS,50,55,58
25,32,635025.5,485032.5,118.75,GRASS,47,57,48
25,33,635025.5,485033.5,118.49,GRASS,68,79,65
25,34,635025.5,485034.5,118.24,ASPHALT,84,90,78
25,35,635025.5,485035.5,117.83,GRASS,77,85,70
25,36,635025.5,485036.5,117.83,GRASS,66,78,66
25,37,635025.5,485037.5,117.35,GRASS,71,79,66
25,38,635025.5,485038.5,116.94,GRASS,68,79,63
25,39,635025.5,485039.5,116.63,GRASS,66,78,64
25,40,635025.5,485040.5,116.63,GRASS,57,69,55
25,41,635025.5,485041.5,116.15,GRASS,67,77,66
25,42,635025.5,485042.5,115.82,GRASS,77,88,71
25,43,635025.5,485043.5,115.5,GRASS,70,82,62
25,44,635025.5,485044.5,115.23,GRASS,76,89,71
25,45,635025.5,485045.5,115.23,GRASS,74,85,68
25,46,635025.5,485046.5,114.88,GRASS,67,79,65
25,47,635025.5,485047.5,114.81,ASPHALT,103,111,88
25,48,635025.5,485048.5,114.83,CONCRETE,178,175,158
25,49,635025.5,485049.5,114.92,CONCRETE,193,189,177
25,50,635025.5,485050.5,114.92,CONCRETE,191,185,173
25,51,635025.5,485051.5,114.96,CONCRETE,187,181,167
25,52,635025.5,485052.5,115.07,CONCRETE,189,183,169
25,53,635025.5,485053.5,115.14,CONCRETE,186,178,167
25,54,635025.5,485054.5,114.97,CONCRETE,184,175,160
25,55,635025.5,485055.5,114.97,CONCRETE,179,168,150
25,56,635025.5,485056.5,114.75,ASPHALT,105,104,83
25,57,635025.5,485057.5,114.63,ASPHALT,97,106,85
25,58,635025.5,485058.5,114.59,GRASS,79,93,70
25,59,635025.5,485059.5,114.56,GRASS,81,96,75
25,60,635025.5,485060.5,114.56,GRASS,67,84,65
25,61,635025.5,485061.5,114.54,ASPHALT,82,97,78
25,62,635025.5,485062.5,114.54,GRASS,82,94,74
25,63,635025.5,485063.5,114.52,GRASS,71,83,63
25,64,635025.5,485064.5,114.52,GRASS,72,85,67
25,65,635025.5,485065.5,114.5,GRASS,67,84,65
25,66,635025.5,485066.5,114.47,ASPHALT,82,97,78
25,67,635025.5,485067.5,114.44,GRASS,75,88,70
25,68,635025.5,485068.5,114.43,ASPHALT,87,101,78
25,69,635025.5,485069.5,114.43,GRASS,79,91,69
25,70,635025.5,485070.5,114.41,GRASS,84,97,71
25,71,635025.5,485071.5,114.39,GRASS,77,90,70
25,72,635025.5,485072.5,114.38,GRASS,76,90,67
25,73,635025.5,485073.5,114.36,GRASS,79,91,69
25,74,635025.5,485074.5,114.36,ASPHALT,85,99,76
25,75,635025.5,485075.5,114.36,ASPHALT,101,113,91
25,76,635025.5,485076.5,114.34,ASPHALT,87,99,77
25,77,635025.5,485077.5,114.33,ASPHALT,87,99,75
25,78,635025.5,485078.5,114.31,ASPHALT,86,100,75
25,79,635025.5,485079.5,114.31,GRASS,69,82,64
25,80,635025.5,485080.5,114.3,GRASS,77,92,71
25,81,635025.5,485081.5,114.3,GRASS,78,90,70
25,82,635025.5,485082.5,114.29,ASPHALT,86,100,77
25,83,635025.5,485083.5,114.29,ASPHALT,92,104,82
25,84,635025.5,485084.5,114.28,ASPHALT,91,105,80
25,85,635025.5,485085.5,114.29,ASPHALT,88,102,77
25,86,635025.5,485086.5,114.25,ASPHALT,94,108,83
25,87,635025.5,485087.5,114.17,ASPHALT,97,105,84
25,88,635025.5,485088.5,114.17,ASPHALT,93,107,84
25,89,635025.5,485089.5,114.16,ASPHALT,95,105,80
25,90,635025.5,485090.5,114.16,ASPHALT,121,125,100
25,91,635025.5,485091.5,114.12,ASPHALT,105,111,85
25,92,635025.5,485092.5,113.71,ASPHALT,130,129,111
25,93,635025.5,485093.5,113.71,CONCRETE,146,144,132
25,94,635025.5,485094.5,113.51,ASPHALT,125,124,119
25,95,635025.5,485095.5,113.52,GRASS,54,57,50
25,96,635025.5,485096.5,113.53,GRASS,46,52,48
25,97,635025.5,485097.5,113.54,GRASS,43,49,49
25,98,635025.5,485098.5,113.54,GRASS,42,46,47
25,99,635025.5,485099.5,113.53,GRASS,41,47,47
26,0,635026.5,485000.5,120.54,GRASS,37,48,44
26,1,635026.5,485001.5,120.49,GRASS,42,53,59
26,2,635026.5,485002.5,120.49,ASPHALT,103,116,122
26,3,635026.5,485003.5,120.48,ASPHALT,90,96,82
26,4,635026.5,485004.5,120.5,GRASS,87,90,69
26,5,635026.5,485005.5,120.48,ASPHALT,98,103,81
26,6,635026.5,485006.5,120.45,ASPHALT,97,100,81
26,7,635026.5,485007.5,120.45,ASPHALT,104,110,84
26,8,635026.5,485008.5,120.38,ASPHALT,107,108,94
26,9,635026.5,485009.5,120.35,GRASS,80,81,76
26,10,635026.5,485010.5,120.3,ASPHALT,123,120,103
26,11,635026.5,485011.5,120.26,CONCRETE,149,137,125
26,12,635026.5,485012.5,120.26,CONCRETE,140,132,121
26,13,635026.5,485013.5,120.16,CONCRETE,136,129,113
26,14,635026.5,485014.5,120.17,GRASS,80,93,65
26,15,635026.5,485015.5,119.98,GRASS,79,93,68
26,16,635026.5,485016.5,119.81,GRASS,71,84,58
26,17,635026.5,485017.5,119.81,GRASS,69,82,56
26,18,635026.5,485018.5,119.76,GRASS,63,75,53
26,19,635026.5,485019.5,119.63,GRASS,67,79,57
26,20,635026.5,485020.5,119.49,GRASS,53,64,50
26,21,635026.5,485021.5,119.49,GRASS,86,96,72
26,22,635026.5,485022.5,119.56,GRASS,56,65,48
26,23,635026.5,485023.5,119.45,GRASS,40,50,39
26,24,635026.5,485024.5,119.36,GRASS,36,46,37
26,25,635026.5,485025.5,119.32,GRASS,53,66,48
26,26,635026.5,485026.5,119.32,GRASS,78,89,73
26,27,635026.5,485027.5,119.21,GRASS,38,47,52
26,28,635026.5,485028.5,119.11,GRASS,26,34,45
26,29,635026.5,485029.5,119.05,GRASS,34,37,46
26,30,635026.5,485030.5,118.97,ASPHALT,104,113,112
26,31,635026.5,485031.5,118.97,GRASS,23,32,39
26,32,635026.5,485032.5,118.56,GRASS,57,68,54
26,33,635026.5,485033.5,118.17,GRASS,27,39,37
26,34,635026.5,485034.5,117.85,GRASS,25,33,36
26,35,635026.5,485035.5,117.37,GRASS,68,67,63
26,36,635026.5,485036.5,117.37,GRASS,54,60,48
26,37,635026.5,485037.5,116.9,GRASS,71,84,66
26,38,635026.5,485038.5,116.57,GRASS,79,88,69
26,39,635026.5,485039.5,116.12,GRASS,76,85,68
26,40,635026.5,485040.5,116.12,GRASS,73,84,67
26,41,635026.5,485041.5,115.76,ASPHALT,84,93,76
26,42,635026.5,485042.5,115.46,GRASS,73,84,68
26,43,635026.5,485043.5,115.1,GRASS,70,83,66
26,44,635026.5,485044.5,114.83,GRASS,70,84,67
26,45,635026.5,485045.5,114.83,GRASS,64,78,61
26,46,635026.5,485046.5,114.7,ASPHALT,123,132,111
26,47,635026.5,485047.5,114.76,CONCRETE,189,186,171
26,48,635026.5,485048.5,114.8,CONCRETE,194,190,178
26,49,635026.5,485049.5,114.87,CONCRETE,191,185,173
26,50,635026.5,485050.5,114.87,CONCRETE,189,183,171
26,51,635026.5,485051.5,114.9,CONCRETE,188,182,168
26,52,635026.5,485052.5,114.98,CONCRETE,184,178,164
26,53,635026.5,485053.5,114.88,CONCRETE,182,175,159
26,54,635026.5,485054.5,114.72,CONCRETE,176,163,146
26,55,635026.5,485055.5,114.72,ASPHALT,117,114,95
26,56,635026.5,485056.5,114.59,ASPHALT,100,104,89
26,57,635026.5,485057.5,114.6,ASPHALT,113,125,101
26,58,635026.5,485058.5,114.55,GRASS,79,94,73
26,59,635026.5,485059.5,114.52,ASPHALT,83,98,79
26,60,635026.5,485060.5,114.52,GRASS,77,94,75
26,61,635026.5,485061.5,114.51,GRASS,78,91,71
26,62,635026.5,485062.5,114.52,GRASS,72,87,68
26,63,635026.5,485063.5,114.51,ASPHALT,90,104,81
26,64,635026.5,485064.5,114.51,GRASS,67,84,65
26,65,635026.5,485065.5,114.47,ASPHALT,93,106,88
26,66,635026.5,485066.5,114.44,GRASS,81,94,76
26,67,635026.5,485067.5,114.39,GRASS,70,83,63
26,68,635026.5,485068.5,114.4,GRASS,74,89,68
26,69,635026.5,485069.5,114.4,GRASS,81,95,72
26,70,635026.5,485070.5,114.4,GRASS,84,98,73
26,71,635026.5,485071.5,114.38,ASPHALT,83,98,79
26,72,635026.5,485072.5,114.35,ASPHALT,83,98,77
26,73,635026.5,485073.5,114.35,GRASS,73,87,64
26,74,635026.5,485074.5,114.35,GRASS,81,93,71
26,75,635026.5,485075.5,114.3,ASPHALT,91,103,79
26,76,635026.5,485076.5,114.3,ASPHALT,88,100,76
26,77,635026.5,485077.5,114.31,ASPHALT,91,100,81
26,78,635026.5,485078.5,114.32,GRASS,83,95,75
26,79,635026.5,485079.5,114.32,ASPHALT,90,100,76
26,80,635026.5,485080.5,114.29,GRASS,79,91,71
26,81,635026.5,485081.5,114.27,GRASS,75,88,70
26,82,635026.5,485082.5,114.27,ASPHALT,87,99,77
26,83,635026.5,485083.5,114.27,ASPHALT,99,111,87
26,84,635026.5,485084.5,114.27,ASPHALT,91,105,82
26,85,635026.5,485085.5,114.25,GRASS,81,95,72
26,86,635026.5,485086.5,114.23,ASPHALT,117,122,100
26,87,635026.5,485087.5,114.17,ASPHALT,96,106,81
26,88,635026.5,485088.5,114.17,ASPHALT,103,113,88
26,89,635026.5,485089.5,114.18,ASPHALT,103,109,83
26,90,635026.5,485090.5,114.15,ASPHALT,101,110,83
26,91,635026.5,485091.5,113.94,ASPHALT,108,110,88
26,92,635026.5,485092.5,113.53,CONCRETE,170,166,154
26,93,635026.5,485093.5,113.53,CONCRETE,143,140,131
26,94,635026.5,485094.5,113.53,GRASS,72,73,65
26,95,635026.5,485095.5,113.51,GRASS,50,55,51
26,96,635026.5,485096.5,113.51,GRASS,45,49,50
26,97,635026.5,485097.5,113.53,GRASS,63,67,66
26,98,635026.5,485098.5,113.53,GRASS,37,45,47
26,99,635026.5,485099.5,113.52,GRASS,37,46,45
27,0,635027.5,485000.5,120.59,GRASS,24,35,41
27,1,635027.5,485001.5,120.53,GRASS,39,51,51
27,2,635027.5,485002.5,120.53,GRASS,62,72,63
27,3,635027.5,485003.5,120.51,GRASS,84,89,69
27,4,635027.5,485004.5,120.47,ASPHALT,95,103,79
27,5,635027.5,485005.5,120.5,ASPHALT,92,100,76
27,6,635027.5,485006.5,120.41,GRASS,85,94,73
27,7,635027.5,485007.5,120.41,ASPHALT,97,99,78
27,8,635027.5,485008.5,120.42,GRASS,70,69,64
27,9,635027.5,485009.5,120.33,ASPHALT,111,109,97
27,10,635027.5,485010.5,120.32,DIRT,105,98,79
27,11,635027.5,485011.5,120.19,ASPHALT,126,117,102
27,12,635027.5,485012.5,120.19,ASPHALT,125,119,103
27,13,635027.5,485013.5,120.2,ASPHALT,118,126,103
27,14,635027.5,485014.5,120.2,GRASS,63,77,52
27,15,635027.5,485015.5,119.98,GRASS,72,83,51
27,16,635027.5,485016.5,119.86,GRASS,82,97,66
27,17,635027.5,485017.5,119.86,GRASS,70,82,60
27,18,635027.5,485018.5,119.77,GRASS,72,82,58
27,19,635027.5,485019.5,119.68,GRASS,45,54,35
27,20,635027.5,485020.5,119.55,GRASS,54,65,49
27,21,635027.5,485021.5,119.55,GRASS,58,70,48
27,22,635027.5,485022.5,119.45,GRASS,69,83,58
27,23,635027.5,485023.5,119.44,GRASS,42,55,35
27,24,635027.5,485024.5,119.38,GRASS,41,53,39
27,25,635027.5,485025.5,119.3,GRASS,53,62,59
27,26,635027.5,485026.5,119.3,GRASS,48,59,53
27,27,635027.5,485027.5,119.19,GRASS,52,61,58
27,28,635027.5,485028.5,119.09,GRASS,34,41,51
27,29,635027.5,485029.5,118.95,ASPHALT,79,84,87
27,30,635027.5,485030.5,118.54,GRASS,32,35,40
27,31,635027.5,485031.5,118.54,ASPHALT,101,109,98
27,32,635027.5,485032.5,118.17,GRASS,34,46,34
27,33,635027.5,485033.5,117.74,GRASS,33,42,41
27,34,635027.5,485034.5,117.37,GRASS,55,60,56
27,35,635027.5,485035.5,116.94,GRASS,54,62,51
27,36,635027.5,485036.5,116.94,GRASS,77,81,66
27,37,635027.5,485037.5,116.47,GRASS,77,86,69
27,38,635027.5,485038.5,116.23,GRASS,68,80,60
27,39,635027.5,485039.5,115.74,GRASS,67,75,60
27,40,635027.5,485040.5,115.74,GRASS,69,77,62
27,41,635027.5,485041.5,115.39,GRASS,75,83,68
27,42,635027.5,485042.5,115.0,GRASS,78,89,72
27,43,635027.5,485043.5,114.71,GRASS,58,70,58
27,44,635027.5,485044.5,114.66,GRASS,76,86,75
27,45,635027.5,485045.5,114.66,CONCRETE,178,179,163
27,46,635027.5,485046.5,114.68,CONCRETE,192,186,174
27,47,635027.5,485047.5,114.71,CONCRETE,194,188,176
27,48,635027.5,485048.5,114.75,CONCRETE,193,189,177
27,49,635027.5,485049.5,114.81,CONCRETE,189,183,171
27,50,635027.5,485050.5,114.81,CONCRETE,193,187,175
27,51,635027.5,485051.5,114.85,CONCRETE,186,180,166
27,52,635027.5,485052.5,114.77,CONCRETE,158,148,136
27,53,635027.5,485053.5,114.59,CONCRETE,176,163,144
27,54,635027.5,485054.5,114.59,CONCRETE,171,158,142
27,55,635027.5,485055.5,114.59,ASPHALT,103,108,85
27,56,635027.5,485056.5,114.55,GRASS,79,93,70
27,57,635027.5,485057.5,114.56,ASPHALT,98,110,86
27,58,635027.5,485058.5,114.5,ASPHALT,87,102,79
27,59,635027.5,485059.5,114.53,GRASS,80,95,74
27,60,635027.5,485060.5,114.53,GRASS,72,89,70
27,61,635027.5,485061.5,114.53,ASPHALT,82,95,77
27,62,635027.5,485062.5,114.51,ASPHALT,84,97,77
27,63,635027.5,485063.5,114.47,GRASS,79,92,72
27,64,635027.5,485064.5,114.47,GRASS,72,87,68
27,65,635027.5,485065.5,114.43,GRASS,81,94,76
27,66,635027.5,485066.5,114.4,GRASS,74,87,67
27,67,635027.5,485067.5,114.39,GRASS,77,92,73
27,68,635027.5,485068.5,114.37,GRASS,77,90,70
27,69,635027.5,485069.5,114.37,GRASS,69,82,62
27,70,635027.5,485070.5,114.37,GRASS,78,96,74
27,71,635027.5,485071.5,114.33,GRASS,69,84,65
27,72,635027.5,485072.5,114.33,GRASS,84,98,73
27,73,635027.5,485073.5,114.28,ASPHALT,91,103,79
27,74,635027.5,485074.5,114.28,GRASS,70,83,66
27,75,635027.5,485075.5,114.3,GRASS,81,94,76
27,76,635027.5,485076.5,114.32,ASPHALT,88,100,78
27,77,635027.5,485077.5,114.29,ASPHALT,87,99,75
27,78,635027.5,485078.5,114.28,GRASS,85,99,74
27,79,635027.5,485079.5,114.28,GRASS,80,93,73
27,80,635027.5,485080.5,114.29,GRASS,74,87,69
27,81,635027.5,485081.5,114.27,GRASS,71,86,63
27,82,635027.5,485082.5,114.25,ASPHALT,90,102,82
27,83,635027.5,485083.5,114.25,GRASS,79,92,74
27,84,635027.5,485084.5,114.2,GRASS,73,88,67
27,85,635027.5,485085.5,114.21,ASPHALT,99,107,83
27,86,635027.5,485086.5,114.16,ASPHALT,104,106,84
27,87,635027.5,485087.5,114.13,GRASS,85,97,75
27,88,635027.5,485088.5,114.13,ASPHALT,86,100,77
27,89,635027.5,485089.5,114.14,DIRT,98,100,76
27,90,635027.5,485090.5,114.11,ASPHALT,117,119,95
27,91,635027.5,485091.5,113.72,CONCRETE,153,152,134
27,92,635027.5,485092.5,113.53,CONCRETE,150,146,137
27,93,635027.5,485093.5,113.53,CONCRETE,133,133,123
27,94,635027.5,485094.5,113.56,GRASS,58,61,54
27,95,635027.5,485095.5,113.53,GRASS,45,49,48
27,96,635027.5,485096.5,113.51,GRASS,45,49,50
27,97,635027.5,485097.5,113.52,GRASS,40,44,47
27,98,635027.5,485098.5,113.52,GRASS,37,45,47
27,99,635027.5,485099.5,113.51,GRASS,38,47,46
28,0,635028.5,485000.5,120.58,GRASS,33,43,45
28,1,635028.5,485001.5,120.56,GRASS,39,48,47
28,2,635028.5,485002.5,120.56,GRASS,63,69,55
28,3,635028.5,485003.5,120.56,GRASS,79,83,68
28,4,635028.5,485004.5,120.55,GRASS,80,92,72
28,5,635028.5,485005.5,120.43,ASPHALT,97,105,82
28,6,635028.5,485006.5,120.38,ASPHALT,92,98,84
28,7,635028.5,485007.5,120.38,GRASS,45,45,45
28,8,635028.5,485008.5,120.39,GRASS,88,84,72
28,9,635028.5,485009.5,120.37,ASPHALT,122,117,97
28,10,635028.5,485010.5,120.27,ASPHALT,138,126,110
28,11,635028.5,485011.5,120.24,ASPHALT,115,113,92
28,12,635028.5,485012.5,120.24,ASPHALT,115,127,103
28,13,635028.5,485013.5,120.14,GRASS,50,61,45
28,14,635028.5,485014.5,120.06,GRASS,29,40,32
28,15,635028.5,485015.5,120.04,GRASS,75,86,72
28,16,635028.5,485016.5,119.96,GRASS,82,97,64
28,17,635028.5,485017.5,119.96,GRASS,68,81,55
28,18,635028.5,485018.5,119.83,GRASS,47,61,44
28,19,635028.5,485019.5,119.71,ASPHALT,94,111,79
28,20,635028.5,485020.5,119.59,GRASS,61,74,57
28,21,635028.5,485021.5,119.59,GRASS,62,72,61
28,22,635028.5,485022.5,119.48,GRASS,55,69,52
28,23,635028.5,485023.5,119.38,GRASS,35,49,34
28,24,635028.5,485024.5,119.29,GRASS,59,72,55
28,25,635028.5,485025.5,119.25,GRASS,32,42,43
28,26,635028.5,485026.5,119.25,GRASS,60,67,59
28,27,635028.5,485027.5,119.15,CONCRETE,132,142,143
28,28,635028.5,485028.5,118.97,ASPHALT,112,119,112
28,29,635028.5,485029.5,118.5,GRASS,41,42,44
28,30,635028.5,485030.5,118.13,GRASS,54,66,56
28,31,635028.5,485031.5,118.13,GRASS,29,38,35
28,32,635028.5,485032.5,117.8,GRASS,53,55,54
28,33,635028.5,485033.5,117.41,GRASS,58,60,57
28,34,635028.5,485034.5,117.01,GRASS,70,78,67
28,35,635028.5,485035.5,116.54,GRASS,57,68,54
28,36,635028.5,485036.5,116.54,GRASS,72,83,66
28,37,635028.5,485037.5,116.06,GRASS,69,82,65
28,38,635028.5,485038.5,115.78,GRASS,72,83,66
28,39,635028.5,485039.5,115.34,ASPHALT,82,93,77
28,40,635028.5,485040.5,115.34,GRASS,77,88,71
28,41,635028.5,485041.5,114.95,GRASS,60,73,56
28,42,635028.5,485042.5,114.63,GRASS,66,78,68
28,43,635028.5,485043.5,114.61,GRASS,69,80,66
28,44,635028.5,485044.5,114.63,CONCRETE,182,180,167
28,45,635028.5,485045.5,114.63,CONCRETE,188,184,172
28,46,635028.5,485046.5,114.67,CONCRETE,192,188,176
28,47,635028.5,485047.5,114.72,CONCRETE,196,192,180
28,48,635028.5,485048.5,114.75,CONCRETE,192,188,176
28,49,635028.5,485049.5,114.74,CONCRETE,188,184,172
28,50,635028.5,485050.5,114.74,CONCRETE,186,178,167
28,51,635028.5,485051.5,114.72,CONCRETE,157,150,134
28,52,635028.5,485052.5,114.54,CONCRETE,161,152,135
28,53,635028.5,485053.5,114.57,CONCRETE,173,160,144
28,54,635028.5,485054.5,114.58,CONCRETE,166,154,138
28,55,635028.5,485055.5,114.58,ASPHALT,123,125,104
28,56,635028.5,485056.5,114.54,ASPHALT,97,107,83
28,57,635028.5,485057.5,114.51,GRASS,84,98,72
28,58,635028.5,485058.5,114.55,GRASS,81,96,75
28,59,635028.5,485059.5,114.53,GRASS,82,95,75
28,60,635028.5,485060.5,114.53,ASPHALT,83,102,80
28,61,635028.5,485061.5,114.48,GRASS,67,81,64
28,62,635028.5,485062.5,114.48,ASPHALT,86,101,80
28,63,635028.5,485063.5,114.45,GRASS,76,91,72
28,64,635028.5,485064.5,114.45,GRASS,70,85,66
28,65,635028.5,485065.5,114.4,GRASS,66,83,64
28,66,635028.5,485066.5,114.36,GRASS,62,79,60
28,67,635028.5,485067.5,114.34,GRASS,78,94,68
28,68,635028.5,485068.5,114.34,GRASS,81,95,72
28,69,635028.5,485069.5,114.34,GRASS,75,93,71
28,70,635028.5,485070.5,114.32,GRASS,72,89,70
28,71,635028.5,485071.5,114.31,GRASS,68,85,66
28,72,635028.5,485072.5,114.29,GRASS,80,92,72
28,73,635028.5,485073.5,114.3,GRASS,81,96,75
28,74,635028.5,485074.5,114.3,GRASS,67,84,66
28,75,635028.5,485075.5,114.28,GRASS,68,81,63
28,76,635028.5,485076.5,114.26,ASPHALT,89,97,76
28,77,635028.5,485077.5,114.24,GRASS,82,96,73
28,78,635028.5,485078.5,114.28,ASPHALT,89,101,77
28,79,635028.5,485079.5,114.28,ASPHALT,88,98,74
28,80,635028.5,485080.5,114.25,GRASS,70,83,65
28,81,635028.5,485081.5,114.27,GRASS,75,92,74
28,82,635028.5,485082.5,114.23,GRASS,80,92,72
28,83,635028.5,485083.5,114.23,GRASS,81,92,75
28,84,635028.5,485084.5,114.18,ASPHALT,93,103,78
28,85,635028.5,485085.5,114.16,ASPHALT,116,120,97
28,86,635028.5,485086.5,114.16,ASPHALT,94,104,80
28,87,635028.5,485087.5,114.13,ASPHALT,101,114,88
28,88,635028.5,485088.5,114.13,ASPHALT,96,108,86
28,89,635028.5,485089.5,114.17,ASPHALT,108,116,92
28,90,635028.5,485090.5,113.96,ASPHALT,120,123,102
28,91,635028.5,485091.5,113.57,CONCRETE,169,165,154
28,92,635028.5,485092.5,113.51,CONCRETE,129,129,121
28,93,635028.5,485093.5,113.51,GRASS,66,66,58
28,94,635028.5,485094.5,113.5,GRASS,48,52,51
28,95,635028.5,485095.5,113.52,GRASS,41,47,47
28,96,635028.5,485096.5,113.51,GRASS,61,61,59
28,97,635028.5,485097.5,113.5,GRASS,38,43,46
28,98,635028.5,485098.5,113.5,GRASS,38,47,44
28,99,635028.5,485099.5,113.49,GRASS,37,45,47
29,0,635029.5,485000.5,120.6,ASPHALT,101,111,102
29,1,635029.5,485001.5,120.51,GRASS,80,81,73
29,2,635029.5,485002.5,120.51,ASPHALT,104,102,87
29,3,635029.5,485003.5,120.52,ASPHALT,127,121,105
29,4,635029.5,485004.5,120.49,ASPHALT,95,98,79
29,5,635029.5,485005.5,120.47,GRASS,86,91,71
29,6,635029.5,485006.5,120.42,GRASS,78,79,71
29,7,635029.5,485007.5,120.42,CONCRETE,136,130,116
29,8,635029.5,485008.5,120.4,DIRT,94,91,72
29,9,635029.5,485009.5,120.35,ASPHALT,99,101,80
29,10,635029.5,485010.5,120.25,ASPHALT,103,102,82
29,11,635029.5,485011.5,120.18,ASPHALT,93,107,81
29,12,635029.5,485012.5,120.18,GRASS,54,70,44
29,13,635029.5,485013.5,120.11,GRASS,57,75,51
29,14,635029.5,485014.5,120.01,GRASS,29,39,38
29,15,635029.5,485015.5,119.98,GRASS,52,65,47
29,16,635029.5,485016.5,120.01,GRASS,84,98,72
29,17,635029.5,485017.5,120.01,GRASS,77,91,68
29,18,635029.5,485018.5,119.96,GRASS,77,91,66
29,19,635029.5,485019.5,119.76,GRASS,54,68,45
29,20,635029.5,485020.5,119.54,ASPHALT,85,99,76
29,21,635029.5,485021.5,119.54,GRASS,81,96,77
29,22,635029.5,485022.5,119.45,GRASS,46,57,51
29,23,635029.5,485023.5,119.32,GRASS,36,47,41
29,24,635029.5,485024.5,119.18,GRASS,47,64,46
29,25,635029.5,485025.5,119.08,GRASS,24,34,36
29,26,635029.5,485026.5,119.08,GRASS,25,30,33
29,27,635029.5,485027.5,119.03,CONCRETE,183,180,187
29,28,635029.5,485028.5,118.56,GRASS,43,42,40
29,29,635029.5,485029.5,118.13,GRASS,45,49,50
29,30,635029.5,485030.5,117.87,GRASS,27,36,33
29,31,635029.5,485031.5,117.87,GRASS,39,49,40
29,32,635029.5,485032.5,117.35,GRASS,83,89,75
29,33,635029.5,485033.5,116.95,GRASS,70,78,63
29,34,635029.5,485034.5,116.53,GRASS,72,85,67
29,35,635029.5,485035.5,116.11,GRASS,70,83,65
29,36,635029.5,485036.5,116.11,GRASS,60,71,54
29,37,635029.5,485037.5,115.72,GRASS,76,85,68
29,38,635029.5,485038.5,115.39,GRASS,78,87,68
29,39,635029.5,485039.5,115.01,GRASS,62,75,57
29,40,635029.5,485040.5,115.01,GRASS,61,76,57
29,41,635029.5,485041.5,114.65,GRASS,67,81,66
29,42,635029.5,485042.5,114.56,ASPHALT,103,111,96
29,43,635029.5,485043.5,114.58,CONCRETE,187,181,169
29,44,635029.5,485044.5,114.57,CONCRETE,189,183,171
29,45,635029.5,485045.5,114.57,CONCRETE,154,146,133
29,46,635029.5,485046.5,114.63,CONCRETE,147,144,127
29,47,635029.5,485047.5,114.65,CONCRETE,196,192,181
29,48,635029.5,485048.5,114.63,CONCRETE,196,190,178
29,49,635029.5,485049.5,114.68,CONCRETE,185,179,167
29,50,635029.5,485050.5,114.68,CONCRETE,185,179,167
29,51,635029.5,485051.5,114.63,CONCRETE,177,171,155
29,52,635029.5,485052.5,114.6,CONCRETE,142,139,122
29,53,635029.5,485053.5,114.54,CONCRETE,179,167,155
29,54,635029.5,485054.5,114.53,CONCRETE,167,158,143
29,55,635029.5,485055.5,114.53,CONCRETE,136,135,115
29,56,635029.5,485056.5,114.52,ASPHALT,88,100,76
29,57,635029.5,485057.5,114.54,ASPHALT,98,112,87
29,58,635029.5,485058.5,114.5,ASPHALT,87,100,80
29,59,635029.5,485059.5,114.51,GRASS,72,87,68
29,60,635029.5,485060.5,114.51,ASPHALT,84,102,78
29,61,635029.5,485061.5,114.51,GRASS,78,92,75
29,62,635029.5,485062.5,114.45,GRASS,76,94,72
29,63,635029.5,485063.5,114.42,GRASS,66,84,62
29,64,635029.5,485064.5,114.42,GRASS,76,93,74
29,65,635029.5,485065.5,114.34,GRASS,72,87,68
29,66,635029.5,485066.5,114.36,GRASS,70,85,66
29,67,635029.5,485067.5,114.36,GRASS,72,87,68
29,68,635029.5,485068.5,114.31,GRASS,76,91,70
29,69,635029.5,485069.5,114.31,GRASS,80,95,72
29,70,635029.5,485070.5,114.32,GRASS,80,95,72
29,71,635029.5,485071.5,114.28,GRASS,79,94,71
29,72,635029.5,485072.5,114.29,GRASS,69,84,65
29,73,635029.5,485073.5,114.29,GRASS,63,82,63
29,74,635029.5,485074.5,114.29,GRASS,68,87,67
29,75,635029.5,485075.5,114.29,GRASS,62,81,62
29,76,635029.5,485076.5,114.24,GRASS,73,86,66
29,77,635029.5,485077.5,114.25,GRASS,76,91,70
29,78,635029.5,485078.5,114.23,ASPHALT,87,102,79
29,79,635029.5,485079.5,114.23,ASPHALT,90,104,79
29,80,635029.5,485080.5,114.28,GRASS,80,95,74
29,81,635029.5,485081.5,114.24,GRASS,84,98,73
29,82,635029.5,485082.5,114.22,ASPHALT,85,97,77
29,83,635029.5,485083.5,114.22,ASPHALT,92,101,82
29,84,635029.5,485084.5,114.19,ASPHALT,117,119,97
29,85,635029.5,485085.5,114.15,ASPHALT,106,111,88
29,86,635029.5,485086.5,114.11,ASPHALT,83,94,78
29,87,635029.5,485087.5,114.13,ASPHALT,97,108,91
29,88,635029.5,485088.5,114.13,ASPHALT,97,100,79
29,89,635029.5,485089.5,114.14,ASPHALT,110,117,99
29,90,635029.5,485090.5,113.74,ASPHALT,83,84,78
29,91,635029.5,485091.5,113.54,CONCRETE,152,149,142
29,92,635029.5,485092.5,113.54,ASPHALT,114,113,108
29,93,635029.5,485093.5,113.54,GRASS,51,54,47
29,94,635029.5,485094.5,113.56,GRASS,43,47,46
29,95,635029.5,485095.5,113.52,GRASS,42,46,47
29,96,635029.5,485096.5,113.51,GRASS,43,47,48
29,97,635029.5,485097.5,113.5,GRASS,38,46,48
29,98,635029.5,485098.5,113.5,GRASS,37,46,45
29,99,635029.5,485099.5,113.49,GRASS,42,48,48
30,0,635030.5,485000.5,120.6,CONCRETE,134,138,141
30,1,635030.5,485001.5,120.51,GRASS,75,78,71
30,2,635030.5,485002.5,120.51,DIRT,129,114,95
30,3,635030.5,485003.5,120.52,ASPHALT,102,104,83
30,4,635030.5,485004.5,120.49,ASPHALT,104,109,87
30,5,635030.5,485005.5,120.47,GRASS,75,86,69
30,6,635030.5,485006.5,120.42,ASPHALT,117,110,94
30,7,635030.5,485007.5,120.42,DIRT,93,88,69
30,8,635030.5,485008.5,120.4,DIRT,102,100,77
30,9,635030.5,485009.5,120.35,ASPHALT,128,126,105
30,10,635030.5,485010.5,120.25,ASPHALT,96,105,78
30,11,635030.5,485011.5,120.18,GRASS,67,86,58
30,12,635030.5,485012.5,120.18,GRASS,71,85,60
30,13,635030.5,485013.5,120.11,GRASS,60,77,59
30,14,635030.5,485014.5,120.01,GRASS,24,32,34
30,15,635030.5,485015.5,119.98,GRASS,43,54,50
30,16,635030.5,485016.5,120.01,GRASS,27,36,33
30,17,635030.5,485017.5,120.01,GRASS,79,89,65
30,18,635030.5,485018.5,119.96,GRASS,73,87,62
30,19,635030.5,485019.5,119.76,GRASS,80,94,68
30,20,635030.5,485020.5,119.54,ASPHALT,92,106,83
30,21,635030.5,485021.5,119.54,GRASS,71,83,59
30,22,635030.5,485022.5,119.45,GRASS,74,85,68
30,23,635030.5,485023.5,119.32,GRASS,34,44,35
30,24,635030.5,485024.5,119.18,GRASS,37,48,44
30,25,635030.5,485025.5,119.08,GRASS,44,54,55
30,26,635030.5,485026.5,119.08,GRASS,24,31,39
30,27,635030.5,485027.5,119.03,GRASS,33,38,42
30,28,635030.5,485028.5,118.56,GRASS,83,78,72
30,29,635030.5,485029.5,118.13,GRASS,46,59,50
30,30,635030.5,485030.5,117.87,GRASS,42,55,46
30,31,635030.5,485031.5,117.87,GRASS,45,50,43
30,32,635030.5,485032.5,117.35,GRASS,60,68,57
30,33,635030.5,485033.5,116.95,GRASS,65,71,57
30,34,635030.5,485034.5,116.53,GRASS,68,79,62
30,35,635030.5,485035.5,116.11,GRASS,63,74,58
30,36,635030.5,485036.5,116.11,GRASS,77,88,72
30,37,635030.5,485037.5,115.72,GRASS,71,82,65
30,38,635030.5,485038.5,115.39,GRASS,78,89,72
30,39,635030.5,485039.5,115.01,GRASS,77,90,72
30,40,635030.5,485040.5,115.01,GRASS,70,81,65
30,41,635030.5,485041.5,114.65,CONCRETE,172,170,155
30,42,635030.5,485042.5,114.56,CONCRETE,187,179,168
30,43,635030.5,485043.5,114.58,CONCRETE,164,157,141
30,44,635030.5,485044.5,114.57,CONCRETE,145,140,120
30,45,635030.5,485045.5,114.57,ASPHALT,102,107,84
30,46,635030.5,485046.5,114.63,ASPHALT,97,105,82
30,47,635030.5,485047.5,114.65,CONCRETE,185,183,170
30,48,635030.5,485048.5,114.63,CONCRETE,188,184,173
30,49,635030.5,485049.5,114.68,CONCRETE,182,176,164
30,50,635030.5,485050.5,114.68,CONCRETE,167,158,143
30,51,635030.5,485051.5,114.63,CONCRETE,166,163,148
30,52,635030.5,485052.5,114.6,ASPHALT,110,115,93
30,53,635030.5,485053.5,114.54,CONCRETE,153,150,133
30,54,635030.5,485054.5,114.53,CONCRETE,175,168,152
30,55,635030.5,485055.5,114.53,CONCRETE,163,160,143
30,56,635030.5,485056.5,114.52,ASPHALT,116,121,101
30,57,635030.5,485057.5,114.54,ASPHALT,100,108,84
30,58,635030.5,485058.5,114.5,GRASS,83,101,75
30,59,635030.5,485059.5,114.51,GRASS,81,96,75
30,60,635030.5,485060.5,114.51,GRASS,73,90,71
30,61,635030.5,485061.5,114.51,GRASS,72,89,70
30,62,635030.5,485062.5,114.45,GRASS,74,89,70
30,63,635030.5,485063.5,114.42,GRASS,79,95,69
30,64,635030.5,485064.5,114.42,ASPHALT,87,102,81
30,65,635030.5,485065.5,114.34,GRASS,72,90,68
30,66,635030.5,485066.5,114.36,GRASS,69,88,68
30,67,635030.5,485067.5,114.36,GRASS,66,83,64
30,68,635030.5,485068.5,114.31,GRASS,76,90,67
30,69,635030.5,485069.5,114.31,GRASS,83,97,74
30,70,635030.5,485070.5,114.32,GRASS,82,94,70
30,71,635030.5,485071.5,114.28,GRASS,84,96,72
30,72,635030.5,485072.5,114.29,ASPHALT,86,101,80
30,73,635030.5,485073.5,114.29,GRASS,79,97,75
30,74,635030.5,485074.5,114.29,GRASS,65,82,63
30,75,635030.5,485075.5,114.29,GRASS,65,83,61
30,76,635030.5,485076.5,114.24,GRASS,73,92,73
30,77,635030.5,485077.5,114.25,GRASS,77,94,75
30,78,635030.5,485078.5,114.23,GRASS,79,94,73
30,79,635030.5,485079.5,114.23,ASPHALT,89,103,80
30,80,635030.5,485080.5,114.28,GRASS,78,93,72
30,81,635030.5,485081.5,114.24,GRASS,78,90,70
30,82,635030.5,485082.5,114.22,ASPHALT,89,98,79
30,83,635030.5,485083.5,114.22,ASPHALT,96,101,78
30,84,635030.5,485084.5,114.19,ASPHALT,118,118,94
30,85,635030.5,485085.5,114.15,GRASS,85,97,75
30,86,635030.5,485086.5,114.11,GRASS,79,94,75
30,87,635030.5,485087.5,114.13,ASPHALT,90,104,81
30,88,635030.5,485088.5,114.13,ASPHALT,107,111,86
30,89,635030.5,485089.5,114.14,ASPHALT,98,99,81
30,90,635030.5,485090.5,113.74,CONCRETE,159,157,145
30,91,635030.5,485091.5,113.54,CONCRETE,134,131,126
30,92,635030.5,485092.5,113.54,GRASS,61,60,55
30,93,635030.5,485093.5,113.54,GRASS,46,51,45
30,94,635030.5,485094.5,113.56,GRASS,40,44,45
30,95,635030.5,485095.5,113.52,GRASS,42,46,45
30,96,635030.5,485096.5,113.51,GRASS,35,43,45
30,97,635030.5,485097.5,113.5,GRASS,38,46,48
30,98,635030.5,485098.5,113.5,GRASS,36,45,44
30,99,635030.5,485099.5,113.49,GRASS,39,45,45
31,0,635031.5,485000.5,120.56,GRASS,67,80,60
31,1,635031.5,485001.5,120.57,ASPHALT,92,97,77
31,2,635031.5,485002.5,120.57,ASPHALT,101,98,79
31,3,635031.5,485003.5,120.56,ASPHALT,120,112,101
31,4,635031.5,485004.5,120.55,GRASS,52,58,48
31,5,635031.5,485005.5,120.45,GRASS,75,77,64
31,6,635031.5,485006.5,120.48,DIRT,102,97,78
31,7,635031.5,485007.5,120.48,ASPHALT,119,118,97
31,8,635031.5,485008.5,120.38,ASPHALT,108,110,89
31,9,635031.5,485009.5,120.35,ASPHALT,107,111,88
31,10,635031.5,485010.5,120.19,GRASS,70,83,65
31,11,635031.5,485011.5,120.12,GRASS,57,70,53
31,12,635031.5,485012.5,120.12,GRASS,69,81,61
31,13,635031.5,485013.5,120.09,GRASS,43,45,42
31,14,635031.5,485014.5,120.05,GRASS,46,55,52
31,15,635031.5,485015.5,119.96,GRASS,53,64,56
31,16,635031.5,485016.5,119.98,GRASS,82,97,68
31,17,635031.5,485017.5,119.98,GRASS,66,82,55
31,18,635031.5,485018.5,119.95,GRASS,64,77,59
31,19,635031.5,485019.5,119.76,GRASS,30,41,33
31,20,635031.5,485020.5,119.62,ASPHALT,95,110,81
31,21,635031.5,485021.5,119.62,GRASS,60,72,50
31,22,635031.5,485022.5,119.42,GRASS,60,71,57
31,23,635031.5,485023.5,119.26,GRASS,59,70,56
31,24,635031.5,485024.5,119.17,GRASS,26,35,34
31,25,635031.5,485025.5,119.03,GRASS,24,31,39
31,26,635031.5,485026.5,119.03,GRASS,37,42,48
31,27,635031.5,485027.5,118.87,ASPHALT,91,91,91
31,28,635031.5,485028.5,118.16,GRASS,46,55,52
31,29,635031.5,485029.5,117.89,GRASS,76,87,73
31,30,635031.5,485030.5,117.5,GRASS,54,64,53
31,31,635031.5,485031.5,117.5,ASPHALT,98,100,87
31,32,635031.5,485032.5,116.97,GRASS,70,79,60
31,33,635031.5,485033.5,116.6,GRASS,75,82,66
31,34,635031.5,485034.5,116.13,GRASS,59,67,54
31,35,635031.5,485035.5,115.76,GRASS,74,80,66
31,36,635031.5,485036.5,115.76,GRASS,71,84,67
31,37,635031.5,485037.5,115.36,GRASS,76,88,74
31,38,635031.5,485038.5,114.97,GRASS,72,83,67
31,39,635031.5,485039.5,114.69,ASPHALT,92,94,80
31,40,635031.5,485040.5,114.69,CONCRETE,181,172,157
31,41,635031.5,485041.5,114.59,CONCRETE,185,176,161
31,42,635031.5,485042.5,114.58,CONCRETE,173,164,147
31,43,635031.5,485043.5,114.53,ASPHALT,131,130,109
31,44,635031.5,485044.5,114.56,ASPHALT,100,110,85
31,45,635031.5,485045.5,114.56,ASPHALT,100,114,89
31,46,635031.5,485046.5,114.58,ASPHALT,110,115,93
31,47,635031.5,485047.5,114.63,CONCRETE,162,159,144
31,48,635031.5,485048.5,114.64,CONCRETE,180,174,162
31,49,635031.5,485049.5,114.59,CONCRETE,180,172,161
31,50,635031.5,485050.5,114.59,ASPHALT,130,125,105
31,51,635031.5,485051.5,114.6,ASPHALT,123,124,108
31,52,635031.5,485052.5,114.56,ASPHALT,107,110,89
31,53,635031.5,485053.5,114.57,CONCRETE,146,140,124
31,54,635031.5,485054.5,114.54,CONCRETE,164,154,142
31,55,635031.5,485055.5,114.54,CONCRETE,168,160,147
31,56,635031.5,485056.5,114.52,CONCRETE,156,153,136
31,57,635031.5,485057.5,114.5,ASPHALT,95,105,81
31,58,635031.5,485058.5,114.52,ASPHALT,90,105,82
31,59,635031.5,485059.5,114.48,GRASS,72,87,66
31,60,635031.5,485060.5,114.48,ASPHALT,85,100,79
31,61,635031.5,485061.5,114.5,GRASS,80,95,76
31,62,635031.5,485062.5,114.44,ASPHALT,90,105,86
31,63,635031.5,485063.5,114.4,GRASS,79,96,77
31,64,635031.5,485064.5,114.4,GRASS,80,93,75
31,65,635031.5,485065.5,114.41,GRASS,80,95,74
31,66,635031.5,485066.5,114.34,GRASS,82,97,74
31,67,635031.5,485067.5,114.3,GRASS,82,97,74
31,68,635031.5,485068.5,114.31,GRASS,80,94,68
31,69,635031.5,485069.5,114.31,GRASS,75,89,66
31,70,635031.5,485070.5,114.27,GRASS,81,95,70
31,71,635031.5,485071.5,114.29,ASPHALT,88,100,76
31,72,635031.5,485072.5,114.28,GRASS,83,97,74
31,73,635031.5,485073.5,114.28,GRASS,73,88,69
31,74,635031.5,485074.5,114.28,GRASS,76,91,72
31,75,635031.5,485075.5,114.27,GRASS,70,85,66
31,76,635031.5,485076.5,114.27,GRASS,80,95,74
31,77,635031.5,485077.5,114.22,GRASS,76,91,68
31,78,635031.5,485078.5,114.23,GRASS,79,91,67
31,79,635031.5,485079.5,114.23,GRASS,83,95,73
31,80,635031.5,485080.5,114.25,ASPHALT,89,98,77
31,81,635031.5,485081.5,114.25,GRASS,76,91,68
31,82,635031.5,485082.5,114.2,GRASS,83,97,74
31,83,635031.5,485083.5,114.2,ASPHALT,131,129,108
31,84,635031.5,485084.5,114.18,ASPHALT,97,102,79
31,85,635031.5,485085.5,114.15,ASPHALT,97,109,85
31,86,635031.5,485086.5,114.14,GRASS,88,98,73
31,87,635031.5,485087.5,114.16,ASPHALT,105,113,89
31,88,635031.5,485088.5,114.16,ASPHALT,99,104,81
31,89,635031.5,485089.5,113.94,CONCRETE,167,165,150
31,90,635031.5,485090.5,113.54,CONCRETE,151,148,141
31,91,635031.5,485091.5,113.51,ASPHALT,116,116,108
31,92,635031.5,485092.5,113.53,GRASS,49,52,45
31,93,635031.5,485093.5,113.53,GRASS,40,46,44
31,94,635031.5,485094.5,113.56,GRASS,50,54,53
31,95,635031.5,485095.5,113.54,GRASS,35,43,45
31,96,635031.5,485096.5,113.51,GRASS,38,47,46
31,97,635031.5,485097.5,113.49,GRASS,39,44,47
31,98,635031.5,485098.5,113.49,GRASS,37,46,45
31,99,635031.5,485099.5,113.5,GRASS,40,46,44
32,0,635032.5,485000.5,120.62,GRASS,85,90,68
32,1,635032.5,485001.5,120.6,GRASS,82,87,67
32,2,635032.5,485002.5,120.6,ASPHALT,94,98,83
32,3,635032.5,485003.5,120.57,GRASS,51,48,41
32,4,635032.5,485004.5,120.51,GRASS,76,78,67
32,5,635032.5,485005.5,120.47,ASPHALT,130,121,104
32,6,635032.5,485006.5,120.45,ASPHALT,121,123,101
32,7,635032.5,485007.5,120.45,ASPHALT,120,123,102
32,8,635032.5,485008.5,120.37,ASPHALT,114,128,105
32,9,635032.5,485009.5,120.24,GRASS,72,89,70
32,10,635032.5,485010.5,120.17,GRASS,69,83,66
32,11,635032.5,485011.5,120.07,GRASS,34,45,41
32,12,635032.5,485012.5,120.07,GRASS,28,38,37
32,13,635032.5,485013.5,120.07,GRASS,37,45,48
32,14,635032.5,485014.5,120.03,GRASS,26,33,39
32,15,635032.5,485015.5,120.0,GRASS,74,86,72
32,16,635032.5,485016.5,119.9,ASPHALT,97,111,86
32,17,635032.5,485017.5,119.9,GRASS,55,71,45
32,18,635032.5,485018.5,119.82,GRASS,40,60,35
32,19,635032.5,485019.5,119.8,GRASS,60,77,58
32,20,635032.5,485020.5,119.64,ASPHALT,99,114,85
32,21,635032.5,485021.5,119.64,GRASS,83,95,71
32,22,635032.5,485022.5,119.52,GRASS,68,80,68
32,23,635032.5,485023.5,119.24,GRASS,72,83,67
32,24,635032.5,485024.5,119.07,GRASS,61,68,60
32,25,635032.5,485025.5,118.61,GRASS,45,50,46
32,26,635032.5,485026.5,118.61,GRASS,51,56,62
32,27,635032.5,485027.5,118.25,GRASS,33,47,48
32,28,635032.5,485028.5,117.89,GRASS,26,37,43
32,29,635032.5,485029.5,117.51,GRASS,48,54,50
32,30,635032.5,485030.5,117.02,GRASS,44,51,44
32,31,635032.5,485031.5,117.02,GRASS,56,64,53
32,32,635032.5,485032.5,116.56,GRASS,73,79,67
32,33,635032.5,485033.5,116.21,GRASS,71,75,61
32,34,635032.5,485034.5,115.78,GRASS,68,76,61
32,35,635032.5,485035.5,115.36,GRASS,70,78,67
32,36,635032.5,485036.5,115.36,GRASS,60,71,57
32,37,635032.5,485037.5,114.98,GRASS,67,79,65
32,38,635032.5,485038.5,114.74,GRASS,84,88,74
32,39,635032.5,485039.5,114.63,CONCRETE,150,140,130
32,40,635032.5,485040.5,114.63,CONCRETE,178,169,154
32,41,635032.5,485041.5,114.61,ASPHALT,131,128,109
32,42,635032.5,485042.5,114.59,CONCRETE,146,145,125
32,43,635032.5,485043.5,114.55,ASPHALT,123,122,104
32,44,635032.5,485044.5,114.52,CONCRETE,139,144,122
32,45,635032.5,485045.5,114.52,ASPHALT,89,103,77
32,46,635032.5,485046.5,114.58,ASPHALT,103,111,87
32,47,635032.5,485047.5,114.54,CONCRETE,157,151,135
32,48,635032.5,485048.5,114.56,CONCRETE,176,170,158
32,49,635032.5,485049.5,114.56,CONCRETE,171,163,150
32,50,635032.5,485050.5,114.56,ASPHALT,124,121,102
32,51,635032.5,485051.5,114.55,ASPHALT,128,130,109
32,52,635032.5,485052.5,114.58,ASPHALT,120,119,98
32,53,635032.5,485053.5,114.55,CONCRETE,156,150,134
32,54,635032.5,485054.5,114.56,CONCRETE,158,150,137
32,55,635032.5,485055.5,114.56,CONCRETE,157,150,132
32,56,635032.5,485056.5,114.54,CONCRETE,144,141,124
32,57,635032.5,485057.5,114.51,ASPHALT,117,125,101
32,58,635032.5,485058.5,114.49,ASPHALT,91,106,83
32,59,635032.5,485059.5,114.49,GRASS,72,87,66
32,60,635032.5,485060.5,114.49,GRASS,70,85,66
32,61,635032.5,485061.5,114.49,ASPHALT,91,104,86
32,62,635032.5,485062.5,114.43,GRASS,75,90,71
32,63,635032.5,485063.5,114.4,GRASS,71,88,69
32,64,635032.5,485064.5,114.4,GRASS,72,87,68
32,65,635032.5,485065.5,114.35,GRASS,75,90,69
32,66,635032.5,485066.5,114.34,GRASS,84,98,75
32,67,635032.5,485067.5,114.32,GRASS,77,91,68
32,68,635032.5,485068.5,114.29,GRASS,82,98,72
32,69,635032.5,485069.5,114.29,GRASS,83,98,75
32,70,635032.5,485070.5,114.28,GRASS,79,93,68
32,71,635032.5,485071.5,114.28,GRASS,79,93,70
32,72,635032.5,485072.5,114.25,GRASS,83,95,75
32,73,635032.5,485073.5,114.26,GRASS,81,95,72
32,74,635032.5,485074.5,114.26,GRASS,79,92,74
32,75,635032.5,485075.5,114.26,GRASS,81,96,75
32,76,635032.5,485076.5,114.26,GRASS,78,96,74
32,77,635032.5,485077.5,114.25,GRASS,76,90,67
32,78,635032.5,485078.5,114.24,ASPHALT,87,96,75
32,79,635032.5,485079.5,114.24,ASPHALT,89,103,80
32,80,635032.5,485080.5,114.26,ASPHALT,90,98,74
32,81,635032.5,485081.5,114.23,GRASS,80,95,72
32,82,635032.5,485082.5,114.2,ASPHALT,107,112,90
32,83,635032.5,485083.5,114.2,ASPHALT,111,116,93
32,84,635032.5,485084.5,114.17,GRASS,87,97,73
32,85,635032.5,485085.5,114.12,ASPHALT,99,112,86
32,86,635032.5,485086.5,114.16,ASPHALT,103,111,87
32,87,635032.5,485087.5,114.13,ASPHALT,106,111,89
32,88,635032.5,485088.5,114.13,ASPHALT,108,110,89
32,89,635032.5,485089.5,113.73,CONCRETE,150,146,135
32,90,635032.5,485090.5,113.46,ASPHALT,121,120,115
32,91,635032.5,485091.5,113.54,GRASS,61,61,53
32,92,635032.5,485092.5,113.51,GRASS,47,49,46
32,93,635032.5,485093.5,113.51,GRASS,40,46,46
32,94,635032.5,485094.5,113.53,GRASS,47,52,48
32,95,635032.5,485095.5,113.52,GRASS,34,42,44
32,96,635032.5,485096.5,113.5,GRASS,37,46,45
32,97,635032.5,485097.5,113.5,GRASS,37,46,45
32,98,635032.5,485098.5,113.5,GRASS,36,45,44
32,99,635032.5,485099.5,113.48,GRASS,44,53,52
33,0,635033.5,485000.5,120.67,GRASS,87,89,68
33,1,635033.5,485001.5,120.65,ASPHALT,91,92,76
33,2,635033.5,485002.5,120.65,CONCRETE,170,171,165
33,3,635033.5,485003.5,120.52,GRASS,39,40,35
33,4,635033.5,485004.5,120.53,CONCRETE,155,142,125
33,5,635033.5,485005.5,120.49,ASPHALT,112,105,87
33,6,635033.5,485006.5,120.44,ASPHALT,127,122,102
33,7,635033.5,485007.5,120.44,ASPHALT,112,127,98
33,8,635033.5,485008.5,120.3,GRASS,82,97,74
33,9,635033.5,485009.5,120.23,GRASS,82,102,75
33,10,635033.5,485010.5,120.15,GRASS,70,84,67
33,11,635033.5,485011.5,120.06,GRASS,45,58,51
33,12,635033.5,485012.5,120.06,GRASS,31,41,42
33,13,635033.5,485013.5,120.03,GRASS,30,38,41
33,14,635033.5,485014.5,120.06,GRASS,27,38,40
33,15,635033.5,485015.5,119.96,GRASS,51,57,47
33,16,635033.5,485016.5,119.83,GRASS,80,88,65
33,17,635033.5,485017.5,119.83,GRASS,87,96,67
33,18,635033.5,485018.5,119.77,ASPHALT,102,115,85
33,19,635033.5,485019.5,119.72,GRASS,77,91,66
33,20,635033.5,485020.5,119.63,GRASS,74,93,63
33,21,635033.5,485021.5,119.63,GRASS,73,86,68
33,22,635033.5,485022.5,119.49,ASPHALT,97,105,90
33,23,635033.5,485023.5,119.17,GRASS,89,94,72
33,24,635033.5,485024.5,118.8,ASPHALT,97,91,77
33,25,635033.5,485025.5,118.29,GRASS,67,67,59
33,26,635033.5,485026.5,118.29,GRASS,37,42,45
33,27,635033.5,485027.5,117.97,GRASS,30,41,43
33,28,635033.5,485028.5,117.57,GRASS,28,37,44
33,29,635033.5,485029.5,117.1,GRASS,33,43,44
33,30,635033.5,485030.5,116.66,GRASS,33,43,42
33,31,635033.5,485031.5,116.66,GRASS,47,53,49
33,32,635033.5,485032.5,116.23,GRASS,66,74,63
33,33,635033.5,485033.5,115.83,GRASS,71,82,68
33,34,635033.5,485034.5,115.4,GRASS,73,79,65
33,35,635033.5,485035.5,115.06,GRASS,49,59,50
33,36,635033.5,485036.5,115.06,GRASS,56,68,58
33,37,635033.5,485037.5,114.78,ASPHALT,87,90,83
33,38,635033.5,485038.5,114.67,CONCRETE,141,132,123
33,39,635033.5,485039.5,114.61,CONCRETE,161,153,142
33,40,635033.5,485040.5,114.61,ASPHALT,131,128,111
33,41,635033.5,485041.5,114.57,ASPHALT,94,99,77
33,42,635033.5,485042.5,114.59,ASPHALT,111,114,95
33,43,635033.5,485043.5,114.59,CONCRETE,144,143,125
33,44,635033.5,485044.5,114.5,CONCRETE,142,141,123
33,45,635033.5,485045.5,114.5,CONCRETE,130,135,112
33,46,635033.5,485046.5,114.51,ASPHALT,130,132,110
33,47,635033.5,485047.5,114.54,CONCRETE,159,149,137
33,48,635033.5,485048.5,114.56,CONCRETE,156,148,137
33,49,635033.5,485049.5,114.53,CONCRETE,166,157,142
33,50,635033.5,485050.5,114.53,CONCRETE,170,160,148
33,51,635033.5,485051.5,114.56,CONCRETE,145,137,126
33,52,635033.5,485052.5,114.58,CONCRETE,152,147,128
33,53,635033.5,485053.5,114.58,CONCRETE,134,131,112
33,54,635033.5,485054.5,114.55,CONCRETE,160,153,137
33,55,635033.5,485055.5,114.55,ASPHALT,107,105,84
33,56,635033.5,485056.5,114.54,ASPHALT,126,123,104
33,57,635033.5,485057.5,114.5,CONCRETE,138,140,119
33,58,635033.5,485058.5,114.49,ASPHALT,93,107,82
33,59,635033.5,485059.5,114.5,ASPHALT,91,103,81
33,60,635033.5,485060.5,114.5,GRASS,82,97,76
33,61,635033.5,485061.5,114.48,ASPHALT,87,104,85
33,62,635033.5,485062.5,114.41,GRASS,76,91,72
33,63,635033.5,485063.5,114.4,GRASS,71,86,65
33,64,635033.5,485064.5,114.4,ASPHALT,86,101,80
33,65,635033.5,485065.5,114.36,ASPHALT,87,102,81
33,66,635033.5,485066.5,114.34,ASPHALT,85,98,78
33,67,635033.5,485067.5,114.31,ASPHALT,88,102,79
33,68,635033.5,485068.5,114.28,ASPHALT,89,102,82
33,69,635033.5,485069.5,114.28,GRASS,81,96,77
33,70,635033.5,485070.5,114.28,GRASS,77,91,68
33,71,635033.5,485071.5,114.25,ASPHALT,82,97,78
33,72,635033.5,485072.5,114.29,GRASS,77,90,70
33,73,635033.5,485073.5,114.25,GRASS,79,92,74
33,74,635033.5,485074.5,114.25,ASPHALT,93,102,83
33,75,635033.5,485075.5,114.26,GRASS,78,93,72
33,76,635033.5,485076.5,114.24,GRASS,78,93,70
33,77,635033.5,485077.5,114.26,GRASS,80,95,74
33,78,635033.5,485078.5,114.24,GRASS,84,98,73
33,79,635033.5,485079.5,114.24,GRASS,81,93,71
33,80,635033.5,485080.5,114.23,ASPHALT,92,104,80
33,81,635033.5,485081.5,114.18,ASPHALT,96,106,81
33,82,635033.5,485082.5,114.17,ASPHALT,112,114,92
33,83,635033.5,485083.5,114.17,ASPHALT,96,104,80
33,84,635033.5,485084.5,114.14,GRASS,83,92,71
33,85,635033.5,485085.5,114.15,ASPHALT,94,104,79
33,86,635033.5,485086.5,114.15,ASPHALT,101,109,85
33,87,635033.5,485087.5,113.97,ASPHALT,101,106,83
33,88,635033.5,485088.5,113.97,CONCRETE,178,176,163
33,89,635033.5,485089.5,113.56,CONCRETE,151,148,139
33,90,635033.5,485090.5,113.49,ASPHALT,105,104,99
33,91,635033.5,485091.5,113.46,GRASS,49,51,46
33,92,635033.5,485092.5,113.49,GRASS,41,47,45
33,93,635033.5,485093.5,113.49,GRASS,43,49,49
33,94,635033.5,485094.5,113.51,GRASS,45,49,50
33,95,635033.5,485095.5,113.53,GRASS,35,44,43
33,96,635033.5,485096.5,113.52,GRASS,36,45,44
33,97,635033.5,485097.5,113.52,GRASS,37,46,45
33,98,635033.5,485098.5,113.52,GRASS,37,46,45
33,99,635033.5,485099.5,113.52,GRASS,36,46,45
34,0,635034.5,485000.5,120.72,GRASS,85,88,71
34,1,635034.5,485001.5,120.6,GRASS,79,76,67
34,2,635034.5,485002.5,120.6,ASPHALT,92,88,76
34,3,635034.5,485003.5,120.57,CONCRETE,144,133,115
34,4,635034.5,485004.5,120.54,ASPHALT,118,101,93
34,5,635034.5,485005.5,120.5,GRASS,86,77,72
34,6,635034.5,485006.5,120.36,ASPHALT,90,87,80
34,7,635034.5,485007.5,120.36,GRASS,40,46,44
34,8,635034.5,485008.5,120.25,GRASS,75,95,67
34,9,635034.5,485009.5,120.22,ASPHALT,114,130,104
34,10,635034.5,485010.5,120.16,GRASS,75,94,75
34,11,635034.5,485011.5,120.11,GRASS,42,54,42
34,12,635034.5,485012.5,120.11,GRASS,40,50,42
34,13,635034.5,485013.5,120.07,GRASS,34,39,43
34,14,635034.5,485014.5,120.02,GRASS,42,52,54
34,15,635034.5,485015.5,119.88,GRASS,69,72,65
34,16,635034.5,485016.5,119.8,ASPHALT,95,100,78
34,17,635034.5,485017.5,119.8,ASPHALT,95,97,75
34,18,635034.5,485018.5,119.75,ASPHALT,104,110,84
34,19,635034.5,485019.5,119.69,ASPHALT,99,121,82
34,20,635034.5,485020.5,119.51,GRASS,48,61,41
34,21,635034.5,485021.5,119.51,ASPHALT,92,89,82
34,22,635034.5,485022.5,119.28,GRASS,27,36,33
34,23,635034.5,485023.5,118.9,ASPHALT,102,110,86
34,24,635034.5,485024.5,118.45,DIRT,116,98,84
34,25,635034.5,485025.5,118.08,GRASS,63,58,52
34,26,635034.5,485026.5,118.08,GRASS,53,60,53
34,27,635034.5,485027.5,117.71,GRASS,25,35,37
34,28,635034.5,485028.5,117.25,GRASS,25,34,39
34,29,635034.5,485029.5,116.74,GRASS,39,50,46
34,30,635034.5,485030.5,116.31,GRASS,50,60,49
34,31,635034.5,485031.5,116.31,GRASS,67,75,60
34,32,635034.5,485032.5,115.91,GRASS,74,85,68
34,33,635034.5,485033.5,115.56,GRASS,70,73,64
34,34,635034.5,485034.5,115.2,GRASS,83,84,76
34,35,635034.5,485035.5,114.88,ASPHALT,84,90,78
34,36,635034.5,485036.5,114.88,GRASS,41,47,45
34,37,635034.5,485037.5,114.7,ASPHALT,83,82,77
34,38,635034.5,485038.5,114.62,ASPHALT,85,81,78
34,39,635034.5,485039.5,114.61,ASPHALT,112,110,98
34,40,635034.5,485040.5,114.61,ASPHALT,114,112,100
34,41,635034.5,485041.5,114.59,CONCRETE,141,138,123
34,42,635034.5,485042.5,114.59,CONCRETE,145,146,128
34,43,635034.5,485043.5,114.6,GRASS,77,91,66
34,44,635034.5,485044.5,114.53,ASPHALT,118,119,105
34,45,635034.5,485045.5,114.53,CONCRETE,151,150,132
34,46,635034.5,485046.5,114.54,CONCRETE,136,135,114
34,47,635034.5,485047.5,114.58,CONCRETE,159,152,136
34,48,635034.5,485048.5,114.54,ASPHALT,117,116,98
34,49,635034.5,485049.5,114.57,CONCRETE,168,159,144
34,50,635034.5,485050.5,114.57,CONCRETE,161,152,137
34,51,635034.5,485051.5,114.58,CONCRETE,139,134,115
34,52,635034.5,485052.5,114.57,ASPHALT,106,109,92
34,53,635034.5,485053.5,114.54,CONCRETE,148,142,126
34,54,635034.5,485054.5,114.54,CONCRETE,155,149,135
34,55,635034.5,485055.5,114.54,CONCRETE,138,137,117
34,56,635034.5,485056.5,114.53,ASPHALT,124,123,103
34,57,635034.5,485057.5,114.55,CONCRETE,163,157,143
34,58,635034.5,485058.5,114.51,ASPHALT,103,111,88
34,59,635034.5,485059.5,114.5,ASPHALT,113,120,102
34,60,635034.5,485060.5,114.5,ASPHALT,87,101,78
34,61,635034.5,485061.5,114.47,GRASS,77,92,73
34,62,635034.5,485062.5,114.4,GRASS,73,90,71
34,63,635034.5,485063.5,114.36,GRASS,81,96,77
34,64,635034.5,485064.5,114.36,GRASS,76,91,70
34,65,635034.5,485065.5,114.35,GRASS,77,95,73
34,66,635034.5,485066.5,114.32,GRASS,75,90,69
34,67,635034.5,485067.5,114.31,GRASS,76,88,68
34,68,635034.5,485068.5,114.3,GRASS,82,94,70
34,69,635034.5,485069.5,114.3,GRASS,80,94,69
34,70,635034.5,485070.5,114.28,GRASS,76,91,68
34,71,635034.5,485071.5,114.3,GRASS,82,96,73
34,72,635034.5,485072.5,114.28,GRASS,74,85,68
34,73,635034.5,485073.5,114.27,GRASS,74,88,65
34,74,635034.5,485074.5,114.27,GRASS,85,94,75
34,75,635034.5,485075.5,114.26,GRASS,85,98,72
34,76,635034.5,485076.5,114.24,ASPHALT,87,99,75
34,77,635034.5,485077.5,114.24,ASPHALT,93,106,80
34,78,635034.5,485078.5,114.24,ASPHALT,91,107,81
34,79,635034.5,485079.5,114.24,GRASS,85,95,71
34,80,635034.5,485080.5,114.24,ASPHALT,95,105,81
34,81,635034.5,485081.5,114.2,ASPHALT,126,124,103
34,82,635034.5,485082.5,114.14,ASPHALT,107,111,88
34,83,635034.5,485083.5,114.14,GRASS,86,99,73
34,84,635034.5,485084.5,114.12,GRASS,83,96,76
34,85,635034.5,485085.5,114.16,ASPHALT,98,111,83
34,86,635034.5,485086.5,114.1,ASPHALT,103,113,86
34,87,635034.5,485087.5,113.74,ASPHALT,127,129,108
34,88,635034.5,485088.5,113.74,CONCRETE,146,143,134
34,89,635034.5,485089.5,113.52,CONCRETE,131,131,123
34,90,635034.5,485090.5,113.51,GRASS,58,58,50
34,91,635034.5,485091.5,113.47,GRASS,43,47,46
34,92,635034.5,485092.5,113.5,GRASS,43,45,44
34,93,635034.5,485093.5,113.5,GRASS,36,44,46
34,94,635034.5,485094.5,113.52,GRASS,38,47,46
34,95,635034.5,485095.5,113.53,GRASS,38,44,44
34,96,635034.5,485096.5,113.52,GRASS,36,45,44
34,97,635034.5,485097.5,113.5,GRASS,39,45,43
34,98,635034.5,485098.5,113.5,GRASS,36,44,46
34,99,635034.5,485099.5,113.53,GRASS,35,44,43
35,0,635035.5,485000.5,120.67,GRASS,73,70,63
35,1,635035.5,485001.5,120.65,ASPHALT,121,115,101
35,2,635035.5,485002.5,120.65,ASPHALT,119,110,93
35,3,635035.5,485003.5,120.61,ASPHALT,140,122,112
35,4,635035.5,485004.5,120.58,ASPHALT,97,88,81
35,5,635035.5,485005.5,120.48,ASPHALT,92,84,81
35,6,635035.5,485006.5,120.3,GRASS,77,69,67
35,7,635035.5,485007.5,120.3,GRASS,51,52,56
35,8,635035.5,485008.5,120.24,GRASS,29,40,34
35,9,635035.5,485009.5,120.22,GRASS,44,60,47
35,10,635035.5,485010.5,120.17,GRASS,63,74,60
35,11,635035.5,485011.5,120.13,GRASS,70,79,62
35,12,635035.5,485012.5,120.13,GRASS,78,84,70
35,13,635035.5,485013.5,120.07,GRASS,34,45,41
35,14,635035.5,485014.5,119.94,GRASS,25,37,37
35,15,635035.5,485015.5,119.87,GRASS,30,40,39
35,16,635035.5,485016.5,119.79,GRASS,86,89,72
35,17,635035.5,485017.5,119.79,GRASS,78,87,60
35,18,635035.5,485018.5,119.74,GRASS,85,90,68
35,19,635035.5,485019.5,119.63,GRASS,67,87,52
35,20,635035.5,485020.5,119.31,GRASS,85,106,75
35,21,635035.5,485021.5,119.31,GRASS,52,68,57
35,22,635035.5,485022.5,118.99,GRASS,31,42,38
35,23,635035.5,485023.5,118.57,ASPHALT,81,95,78
35,24,635035.5,485024.5,118.11,ASPHALT,98,94,82
35,25,635035.5,485025.5,117.76,GRASS,78,84,72
35,26,635035.5,485026.5,117.76,GRASS,34,39,42
35,27,635035.5,485027.5,117.34,GRASS,40,50,41
35,28,635035.5,485028.5,116.9,GRASS,74,84,73
35,29,635035.5,485029.5,116.46,GRASS,60,73,55
35,30,635035.5,485030.5,115.98,GRASS,77,88,72
35,31,635035.5,485031.5,115.98,GRASS,82,85,74
35,32,635035.5,485032.5,115.56,ASPHALT,89,97,82
35,33,635035.5,485033.5,115.17,GRASS,64,67,60
35,34,635035.5,485034.5,114.93,ASPHALT,93,94,86
35,35,635035.5,485035.5,114.7,GRASS,69,70,62
35,36,635035.5,485036.5,114.7,GRASS,73,75,74
35,37,635035.5,485037.5,114.65,ASPHALT,94,90,87
35,38,635035.5,485038.5,114.63,ASPHALT,97,97,95
35,39,635035.5,485039.5,114.6,GRASS,59,61,58
35,40,635035.5,485040.5,114.6,ASPHALT,108,112,97
35,41,635035.5,485041.5,114.59,ASPHALT,92,102,78
35,42,635035.5,485042.5,114.61,ASPHALT,110,118,97
35,43,635035.5,485043.5,114.59,ASPHALT,92,104,80
35,44,635035.5,485044.5,114.57,CONCRETE,140,138,126
35,45,635035.5,485045.5,114.57,CONCRETE,165,159,147
35,46,635035.5,485046.5,114.56,CONCRETE,168,160,149
35,47,635035.5,485047.5,114.56,CONCRETE,161,155,141
35,48,635035.5,485048.5,114.58,CONCRETE,134,131,112
35,49,635035.5,485049.5,114.57,CONCRETE,166,154,140
35,50,635035.5,485050.5,114.57,CONCRETE,152,143,128
35,51,635035.5,485051.5,114.54,CONCRETE,142,139,120
35,52,635035.5,485052.5,114.59,ASPHALT,120,125,105
35,53,635035.5,485053.5,114.56,ASPHALT,115,120,100
35,54,635035.5,485054.5,114.58,CONCRETE,147,141,129
35,55,635035.5,485055.5,114.58,CONCRETE,167,159,146
35,56,635035.5,485056.5,114.53,CONCRETE,139,132,114
35,57,635035.5,485057.5,114.53,CONCRETE,167,159,146
35,58,635035.5,485058.5,114.51,CONCRETE,136,139,118
35,59,635035.5,485059.5,114.49,ASPHALT,100,109,90
35,60,635035.5,485060.5,114.49,ASPHALT,106,118,96
35,61,635035.5,485061.5,114.42,GRASS,73,88,69
35,62,635035.5,485062.5,114.4,ASPHALT,95,110,91
35,63,635035.5,485063.5,114.36,ASPHALT,85,100,81
35,64,635035.5,485064.5,114.36,ASPHALT,86,101,82
35,65,635035.5,485065.5,114.33,GRASS,65,78,58
35,66,635035.5,485066.5,114.35,ASPHALT,85,99,76
35,67,635035.5,485067.5,114.3,ASPHALT,85,98,78
35,68,635035.5,485068.5,114.31,GRASS,74,87,67
35,69,635035.5,485069.5,114.31,ASPHALT,88,102,79
35,70,635035.5,485070.5,114.3,GRASS,75,88,68
35,71,635035.5,485071.5,114.29,GRASS,68,83,64
35,72,635035.5,485072.5,114.29,GRASS,67,81,64
35,73,635035.5,485073.5,114.28,GRASS,70,83,65
35,74,635035.5,485074.5,114.28,GRASS,66,83,65
35,75,635035.5,485075.5,114.25,GRASS,81,96,75
35,76,635035.5,485076.5,114.25,ASPHALT,82,95,77
35,77,635035.5,485077.5,114.26,GRASS,81,93,71
35,78,635035.5,485078.5,114.27,ASPHALT,98,103,81
35,79,635035.5,485079.5,114.27,ASPHALT,110,109,88
35,80,635035.5,485080.5,114.25,ASPHALT,127,126,105
35,81,635035.5,485081.5,114.15,ASPHALT,124,122,101
35,82,635035.5,485082.5,114.15,ASPHALT,98,103,81
35,83,635035.5,485083.5,114.15,GRASS,80,94,69
35,84,635035.5,485084.5,114.14,ASPHALT,96,108,84
35,85,635035.5,485085.5,114.17,ASPHALT,99,107,86
35,86,635035.5,485086.5,113.94,ASPHALT,106,110,87
35,87,635035.5,485087.5,113.56,CONCRETE,177,173,162
35,88,635035.5,485088.5,113.56,ASPHALT,129,126,119
35,89,635035.5,485089.5,113.5,ASPHALT,85,82,77
35,90,635035.5,485090.5,113.52,GRASS,48,50,45
35,91,635035.5,485091.5,113.5,GRASS,44,46,45
35,92,635035.5,485092.5,113.52,GRASS,37,46,45
35,93,635035.5,485093.5,113.52,GRASS,37,45,47
35,94,635035.5,485094.5,113.5,GRASS,36,45,44
35,95,635035.5,485095.5,113.49,GRASS,39,45,45
35,96,635035.5,485096.5,113.5,GRASS,38,44,44
35,97,635035.5,485097.5,113.49,GRASS,37,46,45
35,98,635035.5,485098.5,113.49,GRASS,39,45,45
35,99,635035.5,485099.5,113.53,GRASS,35,44,43
36,0,635036.5,485000.5,120.7,CONCRETE,140,133,115
36,1,635036.5,485001.5,120.72,CONCRETE,158,142,126
36,2,635036.5,485002.5,120.72,DIRT,107,98,81
36,3,635036.5,485003.5,120.62,ASPHALT,103,97,85
36,4,635036.5,485004.5,120.63,GRASS,75,74,69
36,5,635036.5,485005.5,120.5,GRASS,68,67,63
36,6,635036.5,485006.5,120.29,GRASS,72,64,62
36,7,635036.5,485007.5,120.29,ASPHALT,93,87,87
36,8,635036.5,485008.5,120.24,GRASS,32,35,40
36,9,635036.5,485009.5,120.29,GRASS,26,38,38
36,10,635036.5,485010.5,120.23,GRASS,20,27,37
36,11,635036.5,485011.5,120.14,GRASS,40,46,44
36,12,635036.5,485012.5,120.14,GRASS,78,85,69
36,13,635036.5,485013.5,120.04,GRASS,60,72,60
36,14,635036.5,485014.5,119.94,ASPHALT,86,99,79
36,15,635036.5,485015.5,119.88,ASPHALT,87,102,81
36,16,635036.5,485016.5,119.77,GRASS,76,84,71
36,17,635036.5,485017.5,119.77,GRASS,80,93,63
36,18,635036.5,485018.5,119.71,GRASS,63,75,55
36,19,635036.5,485019.5,119.39,GRASS,80,94,68
36,20,635036.5,485020.5,119.04,GRASS,61,76,55
36,21,635036.5,485021.5,119.04,GRASS,40,57,47
36,22,635036.5,485022.5,118.58,GRASS,41,61,50
36,23,635036.5,485023.5,118.25,GRASS,26,40,40
36,24,635036.5,485024.5,117.88,GRASS,55,64,61
36,25,635036.5,485025.5,117.4,GRASS,54,64,53
36,26,635036.5,485026.5,117.4,GRASS,50,60,52
36,27,635036.5,485027.5,116.93,GRASS,76,80,66
36,28,635036.5,485028.5,116.48,GRASS,77,84,68
36,29,635036.5,485029.5,116.07,ASPHALT,86,93,77
36,30,635036.5,485030.5,115.7,ASPHALT,89,102,76
36,31,635036.5,485031.5,115.7,GRASS,85,94,75
36,32,635036.5,485032.5,115.26,GRASS,67,75,62
36,33,635036.5,485033.5,114.87,GRASS,68,79,65
36,34,635036.5,485034.5,114.76,GRASS,62,67,60
36,35,635036.5,485035.5,114.66,GRASS,71,74,67
36,36,635036.5,485036.5,114.66,GRASS,64,66,65
36,37,635036.5,485037.5,114.65,GRASS,34,40,40
36,38,635036.5,485038.5,114.61,GRASS,78,81,74
36,39,635036.5,485039.5,114.59,GRASS,65,77,65
36,40,635036.5,485040.5,114.59,GRASS,71,84,64
36,41,635036.5,485041.5,114.62,GRASS,83,97,74
36,42,635036.5,485042.5,114.6,ASPHALT,89,103,78
36,43,635036.5,485043.5,114.59,ASPHALT,91,104,78
36,44,635036.5,485044.5,114.58,ASPHALT,89,93,76
36,45,635036.5,485045.5,114.58,CONCRETE,152,144,131
36,46,635036.5,485046.5,114.58,CONCRETE,150,142,131
36,47,635036.5,485047.5,114.6,ASPHALT,127,121,105
36,48,635036.5,485048.5,114.59,CONCRETE,158,148,138
36,49,635036.5,485049.5,114.6,CONCRETE,152,141,135
36,50,635036.5,485050.5,114.6,GRASS,80,76,67
36,51,635036.5,485051.5,114.57,ASPHALT,121,120,100
36,52,635036.5,485052.5,114.57,ASPHALT,111,116,94
36,53,635036.5,485053.5,114.59,ASPHALT,115,120,98
36,54,635036.5,485054.5,114.53,CONCRETE,136,135,117
36,55,635036.5,485055.5,114.53,ASPHALT,134,128,112
36,56,635036.5,485056.5,114.56,ASPHALT,118,117,97
36,57,635036.5,485057.5,114.54,CONCRETE,152,144,131
36,58,635036.5,485058.5,114.52,CONCRETE,139,136,119
36,59,635036.5,485059.5,114.47,ASPHALT,115,116,100
36,60,635036.5,485060.5,114.47,ASPHALT,98,110,86
36,61,635036.5,485061.5,114.45,GRASS,67,84,65
36,62,635036.5,485062.5,114.37,GRASS,70,84,67
36,63,635036.5,485063.5,114.34,ASPHALT,86,99,81
36,64,635036.5,485064.5,114.34,GRASS,83,96,76
36,65,635036.5,485065.5,114.35,GRASS,77,90,70
36,66,635036.5,485066.5,114.3,GRASS,81,95,72
36,67,635036.5,485067.5,114.32,GRASS,81,94,74
36,68,635036.5,485068.5,114.32,GRASS,72,85,67
36,69,635036.5,485069.5,114.32,GRASS,75,90,69
36,70,635036.5,485070.5,114.28,GRASS,82,95,75
36,71,635036.5,485071.5,114.26,GRASS,80,93,73
36,72,635036.5,485072.5,114.29,GRASS,72,85,67
36,73,635036.5,485073.5,114.27,GRASS,74,87,67
36,74,635036.5,485074.5,114.27,GRASS,83,97,74
36,75,635036.5,485075.5,114.28,ASPHALT,87,101,76
36,76,635036.5,485076.5,114.28,GRASS,82,94,72
36,77,635036.5,485077.5,114.27,ASPHALT,105,108,87
36,78,635036.5,485078.5,114.26,ASPHALT,117,116,96
36,79,635036.5,485079.5,114.26,ASPHALT,120,117,98
36,80,635036.5,485080.5,114.22,ASPHALT,126,121,101
36,81,635036.5,485081.5,114.2,ASPHALT,114,116,95
36,82,635036.5,485082.5,114.13,ASPHALT,90,99,78
36,83,635036.5,485083.5,114.13,GRASS,83,95,73
36,84,635036.5,485084.5,114.16,ASPHALT,105,113,89
36,85,635036.5,485085.5,114.1,ASPHALT,97,105,82
36,86,635036.5,485086.5,113.68,CONCRETE,134,131,114
36,87,635036.5,485087.5,113.51,CONCRETE,152,150,138
36,88,635036.5,485088.5,113.51,ASPHALT,126,126,118
36,89,635036.5,485089.5,113.51,GRASS,55,54,49
36,90,635036.5,485090.5,113.52,GRASS,44,46,43
36,91,635036.5,485091.5,113.52,GRASS,39,45,43
36,92,635036.5,485092.5,113.51,GRASS,38,47,46
36,93,635036.5,485093.5,113.51,GRASS,36,45,44
36,94,635036.5,485094.5,113.49,GRASS,38,46,48
36,95,635036.5,485095.5,113.49,GRASS,39,45,43
36,96,635036.5,485096.5,113.53,GRASS,36,44,46
36,97,635036.5,485097.5,113.53,GRASS,36,45,44
36,98,635036.5,485098.5,113.53,GRASS,35,44,43
36,99,635036.5,485099.5,113.52,GRASS,36,45,44
37,0,635037.5,485000.5,120.7,CONCRETE,150,132,120
37,1,635037.5,485001.5,120.72,ASPHALT,129,116,107
37,2,635037.5,485002.5,120.72,ASPHALT,95,89,75
37,3,635037.5,485003.5,120.62,ASPHALT,107,100,90
37,4,635037.5,485004.5,120.63,GRASS,62,61,56
37,5,635037.5,485005.5,120.5,GRASS,62,57,54
37,6,635037.5,485006.5,120.29,GRASS,51,50,48
37,7,635037.5,485007.5,120.29,GRASS,54,48,52
37,8,635037.5,485008.5,120.24,GRASS,18,25,31
37,9,635037.5,485009.5,120.29,GRASS,21,30,35
37,10,635037.5,485010.5,120.23,GRASS,26,35,42
37,11,635037.5,485011.5,120.14,GRASS,68,70,67
37,12,635037.5,485012.5,120.14,ASPHALT,129,125,113
37,13,635037.5,485013.5,120.04,ASPHALT,100,104,87
37,14,635037.5,485014.5,119.94,GRASS,83,99,73
37,15,635037.5,485015.5,119.88,GRASS,68,86,62
37,16,635037.5,485016.5,119.77,GRASS,39,50,44
37,17,635037.5,485017.5,119.77,GRASS,55,68,50
37,18,635037.5,485018.5,119.71,GRASS,37,52,31
37,19,635037.5,485019.5,119.39,GRASS,32,43,35
37,20,635037.5,485020.5,119.04,GRASS,37,53,40
37,21,635037.5,485021.5,119.04,GRASS,75,91,65
37,22,635037.5,485022.5,118.58,GRASS,82,90,75
37,23,635037.5,485023.5,118.25,GRASS,22,33,35
37,24,635037.5,485024.5,117.88,GRASS,41,56,49
37,25,635037.5,485025.5,117.4,GRASS,61,71,63
37,26,635037.5,485026.5,117.4,GRASS,83,89,75
37,27,635037.5,485027.5,116.93,ASPHALT,93,97,82
37,28,635037.5,485028.5,116.48,ASPHALT,84,92,77
37,29,635037.5,485029.5,116.07,GRASS,83,92,75
37,30,635037.5,485030.5,115.7,GRASS,75,84,63
37,31,635037.5,485031.5,115.7,GRASS,82,91,72
37,32,635037.5,485032.5,115.26,ASPHALT,89,100,83
37,33,635037.5,485033.5,114.87,GRASS,59,64,57
37,34,635037.5,485034.5,114.76,ASPHALT,98,98,90
37,35,635037.5,485035.5,114.66,CONCRETE,141,134,118
37,36,635037.5,485036.5,114.66,GRASS,77,81,67
37,37,635037.5,485037.5,114.65,ASPHALT,92,96,81
37,38,635037.5,485038.5,114.61,CONCRETE,150,147,132
37,39,635037.5,485039.5,114.59,ASPHALT,85,94,77
37,40,635037.5,485040.5,114.59,GRASS,79,93,68
37,41,635037.5,485041.5,114.62,ASPHALT,91,101,77
37,42,635037.5,485042.5,114.6,ASPHALT,105,113,89
37,43,635037.5,485043.5,114.59,ASPHALT,94,102,78
37,44,635037.5,485044.5,114.58,ASPHALT,122,124,103
37,45,635037.5,485045.5,114.58,CONCRETE,144,137,121
37,46,635037.5,485046.5,114.58,CONCRETE,154,148,132
37,47,635037.5,485047.5,114.6,ASPHALT,116,115,94
37,48,635037.5,485048.5,114.59,CONCRETE,154,149,130
37,49,635037.5,485049.5,114.6,CONCRETE,143,137,121
37,50,635037.5,485050.5,114.6,ASPHALT,101,106,86
37,51,635037.5,485051.5,114.57,ASPHALT,105,109,92
37,52,635037.5,485052.5,114.57,ASPHALT,110,118,95
37,53,635037.5,485053.5,114.59,ASPHALT,94,103,82
37,54,635037.5,485054.5,114.53,ASPHALT,107,110,93
37,55,635037.5,485055.5,114.53,ASPHALT,126,123,106
37,56,635037.5,485056.5,114.56,CONCRETE,135,137,116
37,57,635037.5,485057.5,114.54,ASPHALT,122,121,101
37,58,635037.5,485058.5,114.52,ASPHALT,127,126,108
37,59,635037.5,485059.5,114.47,GRASS,78,90,70
37,60,635037.5,485060.5,114.47,ASPHALT,86,99,79
37,61,635037.5,485061.5,114.45,GRASS,80,94,77
37,62,635037.5,485062.5,114.37,GRASS,66,80,63
37,63,635037.5,485063.5,114.34,ASPHALT,85,98,80
37,64,635037.5,485064.5,114.34,GRASS,73,86,68
37,65,635037.5,485065.5,114.35,ASPHALT,89,102,82
37,66,635037.5,485066.5,114.3,GRASS,73,88,67
37,67,635037.5,485067.5,114.32,GRASS,76,92,66
37,68,635037.5,485068.5,114.32,GRASS,79,92,72
37,69,635037.5,485069.5,114.32,GRASS,74,89,68
37,70,635037.5,485070.5,114.28,GRASS,65,82,63
37,71,635037.5,485071.5,114.26,GRASS,66,81,62
37,72,635037.5,485072.5,114.29,GRASS,82,95,75
37,73,635037.5,485073.5,114.27,GRASS,81,96,73
37,74,635037.5,485074.5,114.27,GRASS,68,81,61
37,75,635037.5,485075.5,114.28,GRASS,83,97,72
37,76,635037.5,485076.5,114.28,ASPHALT,99,107,83
37,77,635037.5,485077.5,114.27,ASPHALT,103,105,83
37,78,635037.5,485078.5,114.26,ASPHALT,112,110,89
37,79,635037.5,485079.5,114.26,ASPHALT,129,121,102
37,80,635037.5,485080.5,114.22,ASPHALT,111,110,89
37,81,635037.5,485081.5,114.2,ASPHALT,106,108,87
37,82,635037.5,485082.5,114.13,ASPHALT,89,101,81
37,83,635037.5,485083.5,114.13,ASPHALT,100,110,85
37,84,635037.5,485084.5,114.16,ASPHALT,108,112,89
37,85,635037.5,485085.5,114.1,ASPHALT,109,109,85
37,86,635037.5,485086.5,113.68,CONCRETE,178,174,163
37,87,635037.5,485087.5,113.51,CONCRETE,141,141,133
37,88,635037.5,485088.5,113.51,GRASS,68,65,56
37,89,635037.5,485089.5,113.51,GRASS,47,49,46
37,90,635037.5,485090.5,113.52,GRASS,40,46,46
37,91,635037.5,485091.5,113.52,GRASS,42,48,48
37,92,635037.5,485092.5,113.51,GRASS,34,42,44
37,93,635037.5,485093.5,113.51,GRASS,38,44,44
37,94,635037.5,485094.5,113.49,GRASS,36,44,46
37,95,635037.5,485095.5,113.49,GRASS,38,43,46
37,96,635037.5,485096.5,113.53,GRASS,37,43,43
37,97,635037.5,485097.5,113.53,GRASS,37,43,43
37,98,635037.5,485098.5,113.53,GRASS,38,44,44
37,99,635037.5,485099.5,113.52,GRASS,38,43,46
38,0,635038.5,485000.5,120.75,GRASS,48,46,51
38,1,635038.5,485001.5,120.67,CONCRETE,143,133,124
38,2,635038.5,485002.5,120.67,ASPHALT,106,107,93
38,3,635038.5,485003.5,120.65,ASPHALT,91,84,76
38,4,635038.5,485004.5,120.61,ASPHALT,104,94,92
38,5,635038.5,485005.5,120.51,GRASS,71,70,68
38,6,635038.5,485006.5,120.3,GRASS,80,76,77
38,7,635038.5,485007.5,120.3,GRASS,69,68,64
38,8,635038.5,485008.5,120.21,GRASS,47,55,42
38,9,635038.5,485009.5,120.25,GRASS,59,69,45
38,10,635038.5,485010.5,120.17,GRASS,27,37,38
38,11,635038.5,485011.5,120.12,GRASS,26,33,43
38,12,635038.5,485012.5,120.12,GRASS,28,35,45
38,13,635038.5,485013.5,120.05,GRASS,28,38,40
38,14,635038.5,485014.5,119.97,ASPHALT,85,100,77
38,15,635038.5,485015.5,119.87,GRASS,80,100,73
38,16,635038.5,485016.5,119.76,GRASS,49,62,52
38,17,635038.5,485017.5,119.76,GRASS,39,51,41
38,18,635038.5,485018.5,119.54,GRASS,35,47,37
38,19,635038.5,485019.5,119.24,GRASS,43,57,44
38,20,635038.5,485020.5,118.73,GRASS,77,97,70
38,21,635038.5,485021.5,118.73,GRASS,49,64,45
38,22,635038.5,485022.5,118.33,GRASS,35,51,41
38,23,635038.5,485023.5,118.01,GRASS,36,53,43
38,24,635038.5,485024.5,117.53,GRASS,43,54,50
38,25,635038.5,485025.5,117.09,ASPHALT,91,94,83
38,26,635038.5,485026.5,117.09,GRASS,76,78,65
38,27,635038.5,485027.5,116.53,GRASS,76,80,65
38,28,635038.5,485028.5,116.15,GRASS,77,84,68
38,29,635038.5,485029.5,115.79,GRASS,71,82,66
38,30,635038.5,485030.5,115.37,GRASS,74,85,68
38,31,635038.5,485031.5,115.37,GRASS,55,63,48
38,32,635038.5,485032.5,115.09,GRASS,70,82,70
38,33,635038.5,485033.5,114.81,ASPHALT,122,120,108
38,34,635038.5,485034.5,114.67,CONCRETE,165,156,141
38,35,635038.5,485035.5,114.65,ASPHALT,111,110,90
38,36,635038.5,485036.5,114.65,ASPHALT,90,94,77
38,37,635038.5,485037.5,114.61,ASPHALT,126,124,111
38,38,635038.5,485038.5,114.65,ASPHALT,115,116,100
38,39,635038.5,485039.5,114.63,ASPHALT,86,98,76
38,40,635038.5,485040.5,114.63,GRASS,83,95,73
38,41,635038.5,485041.5,114.58,ASPHALT,105,110,88
38,42,635038.5,485042.5,114.58,ASPHALT,92,100,76
38,43,635038.5,485043.5,114.57,ASPHALT,101,103,82
38,44,635038.5,485044.5,114.56,CONCRETE,159,152,134
38,45,635038.5,485045.5,114.56,CONCRETE,149,142,126
38,46,635038.5,485046.5,114.61,ASPHALT,106,109,88
38,47,635038.5,485047.5,114.58,ASPHALT,115,114,94
38,48,635038.5,485048.5,114.63,CONCRETE,172,160,146
38,49,635038.5,485049.5,114.58,ASPHALT,126,125,105
38,50,635038.5,485050.5,114.58,ASPHALT,108,113,93
38,51,635038.5,485051.5,114.59,ASPHALT,86,98,78
38,52,635038.5,485052.5,114.58,ASPHALT,101,108,90
38,53,635038.5,485053.5,114.57,ASPHALT,97,106,85
38,54,635038.5,485054.5,114.55,ASPHALT,98,105,87
38,55,635038.5,485055.5,114.55,ASPHALT,120,117,98
38,56,635038.5,485056.5,114.54,CONCRETE,156,153,136
38,57,635038.5,485057.5,114.52,ASPHALT,120,119,99
38,58,635038.5,485058.5,114.5,ASPHALT,108,113,91
38,59,635038.5,485059.5,114.48,GRASS,81,93,73
38,60,635038.5,485060.5,114.48,GRASS,85,99,74
38,61,635038.5,485061.5,114.42,GRASS,65,80,61
38,62,635038.5,485062.5,114.4,GRASS,69,86,68
38,63,635038.5,485063.5,114.37,GRASS,69,84,65
38,64,635038.5,485064.5,114.37,ASPHALT,85,100,81
38,65,635038.5,485065.5,114.34,ASPHALT,87,101,78
38,66,635038.5,485066.5,114.33,GRASS,83,97,74
38,67,635038.5,485067.5,114.31,ASPHALT,86,98,76
38,68,635038.5,485068.5,114.29,GRASS,73,86,66
38,69,635038.5,485069.5,114.29,GRASS,80,94,71
38,70,635038.5,485070.5,114.28,GRASS,80,94,71
38,71,635038.5,485071.5,114.25,ASPHALT,85,98,78
38,72,635038.5,485072.5,114.29,GRASS,70,85,64
38,73,635038.5,485073.5,114.28,GRASS,84,98,73
38,74,635038.5,485074.5,114.28,ASPHALT,87,101,78
38,75,635038.5,485075.5,114.28,ASPHALT,90,98,74
38,76,635038.5,485076.5,114.28,ASPHALT,97,102,80
38,77,635038.5,485077.5,114.28,ASPHALT,118,116,95
38,78,635038.5,485078.5,114.27,CONCRETE,142,137,117
38,79,635038.5,485079.5,114.27,ASPHALT,124,117,98
38,80,635038.5,485080.5,114.22,ASPHALT,110,109,88
38,81,635038.5,485081.5,114.19,ASPHALT,106,110,87
38,82,635038.5,485082.5,114.13,ASPHALT,89,99,75
38,83,635038.5,485083.5,114.13,ASPHALT,92,104,80
38,84,635038.5,485084.5,114.18,ASPHALT,96,101,79
38,85,635038.5,485085.5,113.91,CONCRETE,149,146,129
38,86,635038.5,485086.5,113.52,CONCRETE,141,138,129
38,87,635038.5,485087.5,113.47,CONCRETE,135,134,129
38,88,635038.5,485088.5,113.47,GRASS,52,53,45
38,89,635038.5,485089.5,113.47,GRASS,44,46,45
38,90,635038.5,485090.5,113.48,GRASS,41,45,46
38,91,635038.5,485091.5,113.48,GRASS,39,45,45
38,92,635038.5,485092.5,113.53,GRASS,36,45,44
38,93,635038.5,485093.5,113.53,GRASS,37,46,45
38,94,635038.5,485094.5,113.52,GRASS,37,46,45
38,95,635038.5,485095.5,113.49,GRASS,40,46,46
38,96,635038.5,485096.5,113.52,GRASS,36,45,42
38,97,635038.5,485097.5,113.5,GRASS,36,45,44
38,98,635038.5,485098.5,113.5,GRASS,38,44,44
38,99,635038.5,485099.5,113.51,GRASS,35,43,45
39,0,635039.5,485000.5,120.72,GRASS,59,59,59
39,1,635039.5,485001.5,120.62,GRASS,84,82,69
39,2,635039.5,485002.5,120.62,ASPHALT,102,99,92
39,3,635039.5,485003.5,120.58,ASPHALT,90,87,78
39,4,635039.5,485004.5,120.54,ASPHALT,89,81,79
39,5,635039.5,485005.5,120.43,ASPHALT,107,97,95
39,6,635039.5,485006.5,120.28,GRASS,45,39,43
39,7,635039.5,485007.5,120.28,ASPHALT,95,83,87
39,8,635039.5,485008.5,120.24,ASPHALT,113,107,109
39,9,635039.5,485009.5,120.17,ASPHALT,93,108,79
39,10,635039.5,485010.5,120.07,GRASS,26,36,37
39,11,635039.5,485011.5,120.09,GRASS,69,77,80
39,12,635039.5,485012.5,120.09,ASPHALT,81,85,86
39,13,635039.5,485013.5,120.1,ASPHALT,96,95,93
39,14,635039.5,485014.5,120.05,ASPHALT,98,99,94
39,15,635039.5,485015.5,119.89,GRASS,69,82,64
39,16,635039.5,485016.5,119.68,GRASS,59,73,60
39,17,635039.5,485017.5,119.68,GRASS,27,40,31
39,18,635039.5,485018.5,119.38,GRASS,36,42,42
39,19,635039.5,485019.5,118.95,GRASS,67,84,65
39,20,635039.5,485020.5,118.45,GRASS,59,73,60
39,21,635039.5,485021.5,118.45,GRASS,39,54,49
39,22,635039.5,485022.5,118.07,GRASS,62,79,60
39,23,635039.5,485023.5,117.61,GRASS,50,62,50
39,24,635039.5,485024.5,117.18,GRASS,64,76,62
39,25,635039.5,485025.5,116.71,GRASS,79,85,73
39,26,635039.5,485026.5,116.71,GRASS,84,86,73
39,27,635039.5,485027.5,116.24,ASPHALT,87,88,74
39,28,635039.5,485028.5,115.81,GRASS,73,82,65
39,29,635039.5,485029.5,115.43,GRASS,75,86,69
39,30,635039.5,485030.5,115.07,ASPHALT,113,114,98
39,31,635039.5,485031.5,115.07,ASPHALT,92,100,89
39,32,635039.5,485032.5,114.84,ASPHALT,101,103,90
39,33,635039.5,485033.5,114.72,CONCRETE,165,156,139
39,34,635039.5,485034.5,114.62,CONCRETE,151,142,125
39,35,635039.5,485035.5,114.62,ASPHALT,109,107,92
39,36,635039.5,485036.5,114.62,CONCRETE,140,136,125
39,37,635039.5,485037.5,114.63,ASPHALT,88,96,75
39,38,635039.5,485038.5,114.63,ASPHALT,93,102,83
39,39,635039.5,485039.5,114.6,ASPHALT,84,96,76
39,40,635039.5,485040.5,114.6,GRASS,77,86,65
39,41,635039.5,485041.5,114.6,ASPHALT,88,98,74
39,42,635039.5,485042.5,114.63,ASPHALT,96,104,80
39,43,635039.5,485043.5,114.57,CONCRETE,160,155,136
39,44,635039.5,485044.5,114.56,CONCRETE,138,135,116
39,45,635039.5,485045.5,114.56,CONCRETE,155,150,131
39,46,635039.5,485046.5,114.6,CONCRETE,135,132,113
39,47,635039.5,485047.5,114.61,CONCRETE,165,156,139
39,48,635039.5,485048.5,114.62,CONCRETE,140,134,118
39,49,635039.5,485049.5,114.59,ASPHALT,89,96,80
39,50,635039.5,485050.5,114.59,ASPHALT,91,103,81
39,51,635039.5,485051.5,114.62,GRASS,75,88,68
39,52,635039.5,485052.5,114.59,ASPHALT,83,94,77
39,53,635039.5,485053.5,114.57,ASPHALT,96,105,86
39,54,635039.5,485054.5,114.53,GRASS,82,96,73
39,55,635039.5,485055.5,114.53,ASPHALT,122,119,102
39,56,635039.5,485056.5,114.51,CONCRETE,135,130,111
39,57,635039.5,485057.5,114.51,CONCRETE,137,132,113
39,58,635039.5,485058.5,114.5,ASPHALT,125,127,106
39,59,635039.5,485059.5,114.44,ASPHALT,96,110,85
39,60,635039.5,485060.5,114.44,ASPHALT,100,114,89
39,61,635039.5,485061.5,114.44,GRASS,72,89,70
39,62,635039.5,485062.5,114.41,GRASS,61,75,58
39,63,635039.5,485063.5,114.37,GRASS,76,91,70
39,64,635039.5,485064.5,114.37,ASPHALT,95,108,88
39,65,635039.5,485065.5,114.34,ASPHALT,96,108,86
39,66,635039.5,485066.5,114.33,GRASS,81,95,72
39,67,635039.5,485067.5,114.31,GRASS,79,91,71
39,68,635039.5,485068.5,114.31,GRASS,84,98,75
39,69,635039.5,485069.5,114.31,GRASS,78,92,69
39,70,635039.5,485070.5,114.29,GRASS,80,93,73
39,71,635039.5,485071.5,114.27,GRASS,74,87,67
39,72,635039.5,485072.5,114.26,GRASS,83,92,73
39,73,635039.5,485073.5,114.25,ASPHALT,90,99,80
39,74,635039.5,485074.5,114.25,ASPHALT,100,108,85
39,75,635039.5,485075.5,114.27,ASPHALT,102,104,83
39,76,635039.5,485076.5,114.26,ASPHALT,98,97,77
39,77,635039.5,485077.5,114.27,ASPHALT,119,114,95
39,78,635039.5,485078.5,114.25,ASPHALT,132,127,107
39,79,635039.5,485079.5,114.25,ASPHALT,118,117,96
39,80,635039.5,485080.5,114.23,ASPHALT,110,109,88
39,81,635039.5,485081.5,114.15,ASPHALT,102,105,84
39,82,635039.5,485082.5,114.16,ASPHALT,94,102,78
39,83,635039.5,485083.5,114.16,ASPHALT,98,108,84
39,84,635039.5,485084.5,114.07,ASPHALT,114,113,92
39,85,635039.5,485085.5,113.74,CONCRETE,167,165,153
39,86,635039.5,485086.5,113.49,ASPHALT,126,123,116
39,87,635039.5,485087.5,113.5,GRASS,60,60,52
39,88,635039.5,485088.5,113.5,GRASS,46,48,47
39,89,635039.5,485089.5,113.5,GRASS,42,46,49
39,90,635039.5,485090.5,113.5,GRASS,37,45,47
39,91,635039.5,485091.5,113.5,GRASS,36,44,46
39,92,635039.5,485092.5,113.51,GRASS,36,45,44
39,93,635039.5,485093.5,113.51,GRASS,39,45,45
39,94,635039.5,485094.5,113.53,GRASS,35,44,43
39,95,635039.5,485095.5,113.51,GRASS,38,44,44
39,96,635039.5,485096.5,113.52,GRASS,36,45,44
39,97,635039.5,485097.5,113.53,GRASS,36,45,44
39,98,635039.5,485098.5,113.53,GRASS,38,44,44
39,99,635039.5,485099.5,113.54,GRASS,35,44,43
40,0,635040.5,485000.5,120.68,ASPHALT,104,108,94
40,1,635040.5,485001.5,120.57,ASPHALT,101,98,89
40,2,635040.5,485002.5,120.57,GRASS,75,72,65
40,3,635040.5,485003.5,120.49,GRASS,75,78,67
40,4,635040.5,485004.5,120.49,GRASS,65,64,60
40,5,635040.5,485005.5,120.41,ASPHALT,110,98,98
40,6,635040.5,485006.5,120.37,ASPHALT,98,88,87
40,7,635040.5,485007.5,120.37,ASPHALT,85,68,76
40,8,635040.5,485008.5,120.23,GRASS,39,40,42
40,9,635040.5,485009.5,120.18,GRASS,47,45,48
40,10,635040.5,485010.5,120.1,ASPHALT,97,97,95
40,11,635040.5,485011.5,120.07,ASPHALT,83,79,80
40,12,635040.5,485012.5,120.07,ASPHALT,98,97,95
40,13,635040.5,485013.5,120.08,ASPHALT,92,91,89
40,14,635040.5,485014.5,120.02,ASPHALT,90,90,90
40,15,635040.5,485015.5,119.66,GRASS,25,35,37
40,16,635040.5,485016.5,119.31,GRASS,35,51,40
40,17,635040.5,485017.5,119.31,GRASS,60,77,58
40,18,635040.5,485018.5,118.98,GRASS,53,72,53
40,19,635040.5,485019.5,118.55,GRASS,62,77,58
40,20,635040.5,485020.5,118.14,GRASS,21,35,36
40,21,635040.5,485021.5,118.14,GRASS,55,73,59
40,22,635040.5,485022.5,117.68,GRASS,67,75,64
40,23,635040.5,485023.5,117.21,GRASS,78,84,72
40,24,635040.5,485024.5,116.79,ASPHALT,91,95,80
40,25,635040.5,485025.5,116.27,ASPHALT,96,97,79
40,26,635040.5,485026.5,116.27,GRASS,78,80,67
40,27,635040.5,485027.5,115.87,ASPHALT,92,93,79
40,28,635040.5,485028.5,115.46,GRASS,71,73,60
40,29,635040.5,485029.5,115.1,ASPHALT,97,104,88
40,30,635040.5,485030.5,114.8,ASPHALT,95,103,90
40,31,635040.5,485031.5,114.8,ASPHALT,88,91,80
40,32,635040.5,485032.5,114.71,CONCRETE,161,153,140
40,33,635040.5,485033.5,114.67,CONCRETE,165,153,137
40,34,635040.5,485034.5,114.67,ASPHALT,98,103,83
40,35,635040.5,485035.5,114.66,ASPHALT,88,97,80
40,36,635040.5,485036.5,114.66,GRASS,84,88,71
40,37,635040.5,485037.5,114.63,GRASS,79,92,72
40,38,635040.5,485038.5,114.62,ASPHALT,86,95,76
40,39,635040.5,485039.5,114.6,GRASS,84,92,71
40,40,635040.5,485040.5,114.6,ASPHALT,89,98,79
40,41,635040.5,485041.5,114.59,ASPHALT,101,106,86
40,42,635040.5,485042.5,114.56,CONCRETE,157,151,135
40,43,635040.5,485043.5,114.6,ASPHALT,130,123,105
40,44,635040.5,485044.5,114.61,CONCRETE,140,137,120
40,45,635040.5,485045.5,114.61,CONCRETE,165,156,139
40,46,635040.5,485046.5,114.62,CONCRETE,166,154,138
40,47,635040.5,485047.5,114.6,ASPHALT,121,118,99
40,48,635040.5,485048.5,114.63,ASPHALT,97,105,84
40,49,635040.5,485049.5,114.65,ASPHALT,88,102,79
40,50,635040.5,485050.5,114.65,ASPHALT,87,101,78
40,51,635040.5,485051.5,114.6,ASPHALT,101,113,91
40,52,635040.5,485052.5,114.6,ASPHALT,94,106,84
40,53,635040.5,485053.5,114.56,ASPHALT,87,99,77
40,54,635040.5,485054.5,114.53,ASPHALT,128,133,113
40,55,635040.5,485055.5,114.53,ASPHALT,104,112,89
40,56,635040.5,485056.5,114.52,ASPHALT,120,122,101
40,57,635040.5,485057.5,114.47,CONCRETE,163,156,140
40,58,635040.5,485058.5,114.47,ASPHALT,122,124,103
40,59,635040.5,485059.5,114.46,ASPHALT,108,121,95
40,60,635040.5,485060.5,114.46,ASPHALT,86,101,78
40,61,635040.5,485061.5,114.43,GRASS,79,97,75
40,62,635040.5,485062.5,114.38,GRASS,79,98,78
40,63,635040.5,485063.5,114.37,GRASS,78,93,74
40,64,635040.5,485064.5,114.37,GRASS,70,83,65
40,65,635040.5,485065.5,114.33,GRASS,79,93,70
40,66,635040.5,485066.5,114.33,ASPHALT,93,105,81
40,67,635040.5,485067.5,114.32,ASPHALT,87,101,78
40,68,635040.5,485068.5,114.3,GRASS,77,90,70
40,69,635040.5,485069.5,114.3,GRASS,79,92,74
40,70,635040.5,485070.5,114.28,GRASS,80,93,75
40,71,635040.5,485071.5,114.26,GRASS,70,81,64
40,72,635040.5,485072.5,114.25,ASPHALT,91,99,78
40,73,635040.5,485073.5,114.26,ASPHALT,88,98,74
40,74,635040.5,485074.5,114.26,ASPHALT,91,101,77
40,75,635040.5,485075.5,114.25,ASPHALT,94,97,76
40,76,635040.5,485076.5,114.28,ASPHALT,113,111,90
40,77,635040.5,485077.5,114.24,CONCRETE,141,134,116
40,78,635040.5,485078.5,114.23,ASPHALT,127,120,101
40,79,635040.5,485079.5,114.23,ASPHALT,114,113,92
40,80,635040.5,485080.5,114.21,ASPHALT,101,105,82
40,81,635040.5,485081.5,114.19,ASPHALT,91,94,73
40,82,635040.5,485082.5,114.17,ASPHALT,92,101,80
40,83,635040.5,485083.5,114.17,ASPHALT,90,99,78
40,84,635040.5,485084.5,113.93,CONCRETE,140,138,123
40,85,635040.5,485085.5,113.57,CONCRETE,140,137,130
40,86,635040.5,485086.5,113.51,ASPHALT,121,120,115
40,87,635040.5,485087.5,113.52,GRASS,52,53,48
40,88,635040.5,485088.5,113.52,GRASS,42,46,45
40,89,635040.5,485089.5,113.53,GRASS,40,45,48
40,90,635040.5,485090.5,113.53,GRASS,35,43,45
40,91,635040.5,485091.5,113.51,GRASS,35,44,43
40,92,635040.5,485092.5,113.5,GRASS,36,45,44
40,93,635040.5,485093.5,113.5,GRASS,35,44,43
40,94,635040.5,485094.5,113.53,GRASS,35,44,43
40,95,635040.5,485095.5,113.54,GRASS,38,43,46
40,96,635040.5,485096.5,113.53,GRASS,35,44,43
40,97,635040.5,485097.5,113.53,GRASS,38,44,44
40,98,635040.5,485098.5,113.53,GRASS,35,44,43
40,99,635040.5,485099.5,113.54,GRASS,35,43,45
41,0,635041.5,485000.5,120.61,GRASS,74,71,66
41,1,635041.5,485001.5,120.49,GRASS,61,68,52
41,2,635041.5,485002.5,120.49,GRASS,79,79,67
41,3,635041.5,485003.5,120.44,ASPHALT,101,97,85
41,4,635041.5,485004.5,120.46,ASPHALT,96,85,81
41,5,635041.5,485005.5,120.43,ASPHALT,122,102,101
41,6,635041.5,485006.5,120.33,ASPHALT,95,84,80
41,7,635041.5,485007.5,120.33,GRASS,37,36,34
41,8,635041.5,485008.5,120.26,GRASS,42,41,39
41,9,635041.5,485009.5,120.23,ASPHALT,103,96,90
41,10,635041.5,485010.5,120.15,GRASS,79,77,78
41,11,635041.5,485011.5,120.06,ASPHALT,100,96,93
41,12,635041.5,485012.5,120.06,ASPHALT,98,97,92
41,13,635041.5,485013.5,120.06,ASPHALT,90,88,89
41,14,635041.5,485014.5,119.88,GRASS,53,66,49
41,15,635041.5,485015.5,119.46,GRASS,74,91,72
41,16,635041.5,485016.5,119.25,GRASS,80,95,72
41,17,635041.5,485017.5,119.25,GRASS,43,56,46
41,18,635041.5,485018.5,118.65,GRASS,56,69,51
41,19,635041.5,485019.5,118.14,GRASS,26,38,36
41,20,635041.5,485020.5,117.79,GRASS,38,55,45
41,21,635041.5,485021.5,117.79,GRASS,39,52,43
41,22,635041.5,485022.5,117.27,ASPHALT,89,97,82
41,23,635041.5,485023.5,116.78,GRASS,66,72,58
41,24,635041.5,485024.5,116.32,ASPHALT,92,95,78
41,25,635041.5,485025.5,115.92,GRASS,75,78,67
41,26,635041.5,485026.5,115.92,GRASS,82,88,74
41,27,635041.5,485027.5,115.59,ASPHALT,93,97,82
41,28,635041.5,485028.5,115.14,GRASS,61,69,56
41,29,635041.5,485029.5,114.84,GRASS,68,75,57
41,30,635041.5,485030.5,114.71,GRASS,68,76,65
41,31,635041.5,485031.5,114.71,ASPHALT,91,95,78
41,32,635041.5,485032.5,114.69,CONCRETE,170,158,142
41,33,635041.5,485033.5,114.67,ASPHALT,121,118,101
41,34,635041.5,485034.5,114.65,GRASS,82,91,74
41,35,635041.5,485035.5,114.64,GRASS,80,89,72
41,36,635041.5,485036.5,114.64,ASPHALT,92,96,79
41,37,635041.5,485037.5,114.64,GRASS,79,93,70
41,38,635041.5,485038.5,114.62,ASPHALT,90,97,79
41,39,635041.5,485039.5,114.62,ASPHALT,88,95,77
41,40,635041.5,485040.5,114.62,ASPHALT,112,115,96
41,41,635041.5,485041.5,114.61,CONCRETE,161,155,139
41,42,635041.5,485042.5,114.6,CONCRETE,163,156,138
41,43,635041.5,485043.5,114.58,ASPHALT,121,120,100
41,44,635041.5,485044.5,114.62,CONCRETE,164,157,139
41,45,635041.5,485045.5,114.62,CONCRETE,159,150,135
41,46,635041.5,485046.5,114.62,ASPHALT,107,108,90
41,47,635041.5,485047.5,114.64,ASPHALT,88,100,80
41,48,635041.5,485048.5,114.65,GRASS,80,93,75
41,49,635041.5,485049.5,114.64,ASPHALT,86,98,76
41,50,635041.5,485050.5,114.64,GRASS,81,93,73
41,51,635041.5,485051.5,114.63,ASPHALT,89,102,82
41,52,635041.5,485052.5,114.59,GRASS,80,95,74
41,53,635041.5,485053.5,114.57,ASPHALT,95,104,83
41,54,635041.5,485054.5,114.56,ASPHALT,95,107,85
41,55,635041.5,485055.5,114.56,ASPHALT,111,119,96
41,56,635041.5,485056.5,114.5,ASPHALT,111,116,94
41,57,635041.5,485057.5,114.51,ASPHALT,128,125,110
41,58,635041.5,485058.5,114.47,CONCRETE,141,138,121
41,59,635041.5,485059.5,114.45,ASPHALT,101,111,87
41,60,635041.5,485060.5,114.45,ASPHALT,94,108,83
41,61,635041.5,485061.5,114.4,ASPHALT,83,98,79
41,62,635041.5,485062.5,114.36,ASPHALT,80,99,80
41,63,635041.5,485063.5,114.33,ASPHALT,86,101,82
41,64,635041.5,485064.5,114.33,ASPHALT,88,101,84
41,65,635041.5,485065.5,114.32,GRASS,85,97,75
41,66,635041.5,485066.5,114.33,ASPHALT,86,98,78
41,67,635041.5,485067.5,114.3,GRASS,79,91,69
41,68,635041.5,485068.5,114.29,GRASS,69,82,64
41,69,635041.5,485069.5,114.29,GRASS,77,89,69
41,70,635041.5,485070.5,114.26,GRASS,79,91,69
41,71,635041.5,485071.5,114.25,ASPHALT,88,97,76
41,72,635041.5,485072.5,114.24,ASPHALT,95,103,80
41,73,635041.5,485073.5,114.27,GRASS,84,96,74
41,74,635041.5,485074.5,114.27,ASPHALT,92,100,76
41,75,635041.5,485075.5,114.24,ASPHALT,116,114,93
41,76,635041.5,485076.5,114.23,ASPHALT,123,118,99
41,77,635041.5,485077.5,114.22,ASPHALT,132,125,106
41,78,635041.5,485078.5,114.17,ASPHALT,119,117,96
41,79,635041.5,485079.5,114.17,ASPHALT,115,115,91
41,80,635041.5,485080.5,114.18,ASPHALT,109,108,87
41,81,635041.5,485081.5,114.16,GRASS,88,98,73
41,82,635041.5,485082.5,114.08,ASPHALT,95,103,79
41,83,635041.5,485083.5,114.08,ASPHALT,115,117,95
41,84,635041.5,485084.5,113.71,CONCRETE,159,156,147
41,85,635041.5,485085.5,113.5,CONCRETE,128,127,122
41,86,635041.5,485086.5,113.52,GRASS,61,61,53
41,87,635041.5,485087.5,113.52,GRASS,46,47,49
41,88,635041.5,485088.5,113.52,GRASS,43,47,46
41,89,635041.5,485089.5,113.53,GRASS,62,62,60
41,90,635041.5,485090.5,113.53,GRASS,34,42,44
41,91,635041.5,485091.5,113.52,GRASS,35,44,43
41,92,635041.5,485092.5,113.53,GRASS,36,45,44
41,93,635041.5,485093.5,113.53,GRASS,36,44,46
41,94,635041.5,485094.5,113.55,GRASS,36,45,44
41,95,635041.5,485095.5,113.52,GRASS,37,43,43
41,96,635041.5,485096.5,113.5,GRASS,36,45,44
41,97,635041.5,485097.5,113.48,GRASS,35,44,43
41,98,635041.5,485098.5,113.48,GRASS,34,43,42
41,99,635041.5,485099.5,113.48,GRASS,38,44,44
42,0,635042.5,485000.5,120.5,GRASS,32,42,33
42,1,635042.5,485001.5,120.47,GRASS,27,35,37
42,2,635042.5,485002.5,120.47,GRASS,61,62,64
42,3,635042.5,485003.5,120.46,ASPHALT,90,91,77
42,4,635042.5,485004.5,120.43,ASPHALT,93,87,75
42,5,635042.5,485005.5,120.39,ASPHALT,113,103,91
42,6,635042.5,485006.5,120.3,ASPHALT,112,106,90
42,7,635042.5,485007.5,120.3,ASPHALT,106,104,89
42,8,635042.5,485008.5,120.27,ASPHALT,96,89,83
42,9,635042.5,485009.5,120.24,ASPHALT,96,89,81
42,10,635042.5,485010.5,120.17,ASPHALT,98,87,85
42,11,635042.5,485011.5,120.09,ASPHALT,91,91,89
42,12,635042.5,485012.5,120.09,ASPHALT,91,89,90
42,13,635042.5,485013.5,119.86,ASPHALT,85,102,83
42,14,635042.5,485014.5,119.6,GRASS,80,95,74
42,15,635042.5,485015.5,119.26,GRASS,65,78,60
42,16,635042.5,485016.5,118.86,GRASS,36,49,40
42,17,635042.5,485017.5,118.86,GRASS,38,54,44
42,18,635042.5,485018.5,118.22,GRASS,33,44,46
42,19,635042.5,485019.5,117.73,GRASS,19,32,38
42,20,635042.5,485020.5,117.41,GRASS,63,77,64
42,21,635042.5,485021.5,117.41,GRASS,60,74,59
42,22,635042.5,485022.5,116.91,GRASS,71,77,65
42,23,635042.5,485023.5,116.37,ASPHALT,100,101,83
42,24,635042.5,485024.5,115.91,GRASS,57,57,49
42,25,635042.5,485025.5,115.53,GRASS,86,88,74
42,26,635042.5,485026.5,115.53,GRASS,81,87,75
42,27,635042.5,485027.5,115.21,ASPHALT,86,93,77
42,28,635042.5,485028.5,114.92,GRASS,82,90,75
42,29,635042.5,485029.5,114.78,GRASS,83,95,75
42,30,635042.5,485030.5,114.71,ASPHALT,89,100,84
42,31,635042.5,485031.5,114.71,CONCRETE,158,150,137
42,32,635042.5,485032.5,114.67,CONCRETE,168,156,140
42,33,635042.5,485033.5,114.67,ASPHALT,88,92,75
42,34,635042.5,485034.5,114.66,ASPHALT,93,98,78
42,35,635042.5,485035.5,114.68,ASPHALT,92,99,81
42,36,635042.5,485036.5,114.68,GRASS,83,92,73
42,37,635042.5,485037.5,114.63,GRASS,77,88,71
42,38,635042.5,485038.5,114.63,ASPHALT,107,110,91
42,39,635042.5,485039.5,114.6,ASPHALT,123,121,106
42,40,635042.5,485040.5,114.6,CONCRETE,167,158,143
42,41,635042.5,485041.5,114.58,CONCRETE,163,153,141
42,42,635042.5,485042.5,114.57,ASPHALT,106,100,86
42,43,635042.5,485043.5,114.64,CONCRETE,163,151,135
42,44,635042.5,485044.5,114.67,CONCRETE,142,136,120
42,45,635042.5,485045.5,114.67,ASPHALT,99,106,88
42,46,635042.5,485046.5,114.64,GRASS,81,90,71
42,47,635042.5,485047.5,114.66,GRASS,78,91,73
42,48,635042.5,485048.5,114.62,GRASS,82,96,73
42,49,635042.5,485049.5,114.64,ASPHALT,102,111,90
42,50,635042.5,485050.5,114.64,ASPHALT,88,100,78
42,51,635042.5,485051.5,114.61,ASPHALT,91,103,81
42,52,635042.5,485052.5,114.6,GRASS,75,89,66
42,53,635042.5,485053.5,114.58,GRASS,84,98,73
42,54,635042.5,485054.5,114.52,ASPHALT,99,111,89
42,55,635042.5,485055.5,114.52,ASPHALT,111,116,94
42,56,635042.5,485056.5,114.52,ASPHALT,111,113,92
42,57,635042.5,485057.5,114.49,ASPHALT,116,118,97
42,58,635042.5,485058.5,114.45,CONCRETE,146,143,126
42,59,635042.5,485059.5,114.42,ASPHALT,98,103,81
42,60,635042.5,485060.5,114.42,ASPHALT,92,107,84
42,61,635042.5,485061.5,114.38,GRASS,69,84,61
42,62,635042.5,485062.5,114.35,GRASS,77,92,71
42,63,635042.5,485063.5,114.33,GRASS,73,86,66
42,64,635042.5,485064.5,114.33,ASPHALT,87,99,79
42,65,635042.5,485065.5,114.32,GRASS,76,85,66
42,66,635042.5,485066.5,114.33,ASPHALT,92,100,79
42,67,635042.5,485067.5,114.31,ASPHALT,84,96,76
42,68,635042.5,485068.5,114.27,GRASS,83,95,75
42,69,635042.5,485069.5,114.27,ASPHALT,90,99,80
42,70,635042.5,485070.5,114.26,GRASS,82,94,74
42,71,635042.5,485071.5,114.27,ASPHALT,96,106,82
42,72,635042.5,485072.5,114.27,ASPHALT,110,114,91
42,73,635042.5,485073.5,114.24,ASPHALT,92,102,77
42,74,635042.5,485074.5,114.24,ASPHALT,97,102,80
42,75,635042.5,485075.5,114.24,ASPHALT,121,116,96
42,76,635042.5,485076.5,114.23,CONCRETE,141,136,116
42,77,635042.5,485077.5,114.18,ASPHALT,125,120,100
42,78,635042.5,485078.5,114.15,ASPHALT,103,105,83
42,79,635042.5,485079.5,114.15,DIRT,96,100,75
42,80,635042.5,485080.5,114.15,ASPHALT,99,104,81
42,81,635042.5,485081.5,114.16,ASPHALT,103,111,87
42,82,635042.5,485082.5,113.92,ASPHALT,94,102,79
42,83,635042.5,485083.5,113.92,CONCRETE,155,153,140
42,84,635042.5,485084.5,113.53,CONCRETE,146,145,140
42,85,635042.5,485085.5,113.52,ASPHALT,119,119,111
42,86,635042.5,485086.5,113.5,GRASS,50,51,46
42,87,635042.5,485087.5,113.51,GRASS,42,46,45
42,88,635042.5,485088.5,113.51,GRASS,43,47,46
42,89,635042.5,485089.5,113.52,GRASS,75,72,67
42,90,635042.5,485090.5,113.52,GRASS,32,41,40
42,91,635042.5,485091.5,113.52,GRASS,37,46,45
42,92,635042.5,485092.5,113.52,GRASS,37,46,45
42,93,635042.5,485093.5,113.52,GRASS,34,43,42
42,94,635042.5,485094.5,113.5,GRASS,36,45,44
42,95,635042.5,485095.5,113.51,GRASS,37,46,45
42,96,635042.5,485096.5,113.52,GRASS,37,42,45
42,97,635042.5,485097.5,113.5,GRASS,38,44,44
42,98,635042.5,485098.5,113.5,GRASS,35,44,43
42,99,635042.5,485099.5,113.49,GRASS,39,44,47
43,0,635043.5,485000.5,120.5,GRASS,61,73,63
43,1,635043.5,485001.5,120.47,GRASS,24,34,36
43,2,635043.5,485002.5,120.47,GRASS,24,35,39
43,3,635043.5,485003.5,120.46,GRASS,68,71,60
43,4,635043.5,485004.5,120.43,ASPHALT,95,96,78
43,5,635043.5,485005.5,120.39,ASPHALT,92,95,76
43,6,635043.5,485006.5,120.3,GRASS,81,88,70
43,7,635043.5,485007.5,120.3,GRASS,83,87,73
43,8,635043.5,485008.5,120.27,GRASS,81,81,73
43,9,635043.5,485009.5,120.24,ASPHALT,90,82,79
43,10,635043.5,485010.5,120.17,ASPHALT,93,88,82
43,11,635043.5,485011.5,120.09,GRASS,30,29,34
43,12,635043.5,485012.5,120.09,GRASS,24,34,36
43,13,635043.5,485013.5,119.86,GRASS,81,94,77
43,14,635043.5,485014.5,119.6,GRASS,78,93,64
43,15,635043.5,485015.5,119.26,GRASS,75,90,67
43,16,635043.5,485016.5,118.86,ASPHALT,81,95,78
43,17,635043.5,485017.5,118.86,GRASS,26,38,38
43,18,635043.5,485018.5,118.22,GRASS,59,76,66
43,19,635043.5,485019.5,117.73,GRASS,41,55,55
43,20,635043.5,485020.5,117.41,GRASS,59,71,57
43,21,635043.5,485021.5,117.41,GRASS,77,88,72
43,22,635043.5,485022.5,116.91,GRASS,59,69,60
43,23,635043.5,485023.5,116.37,GRASS,80,86,72
43,24,635043.5,485024.5,115.91,GRASS,81,85,68
43,25,635043.5,485025.5,115.53,ASPHALT,105,108,91
43,26,635043.5,485026.5,115.53,ASPHALT,102,100,85
43,27,635043.5,485027.5,115.21,GRASS,77,85,70
43,28,635043.5,485028.5,114.92,ASPHALT,82,95,78
43,29,635043.5,485029.5,114.78,GRASS,57,76,57
43,30,635043.5,485030.5,114.71,ASPHALT,89,93,79
43,31,635043.5,485031.5,114.71,CONCRETE,171,159,145
43,32,635043.5,485032.5,114.67,ASPHALT,124,121,104
43,33,635043.5,485033.5,114.67,GRASS,86,94,73
43,34,635043.5,485034.5,114.66,GRASS,80,87,69
43,35,635043.5,485035.5,114.68,ASPHALT,92,100,79
43,36,635043.5,485036.5,114.68,GRASS,79,86,68
43,37,635043.5,485037.5,114.63,ASPHALT,101,104,87
43,38,635043.5,485038.5,114.63,CONCRETE,165,159,145
43,39,635043.5,485039.5,114.6,CONCRETE,164,152,138
43,40,635043.5,485040.5,114.6,ASPHALT,132,125,107
43,41,635043.5,485041.5,114.58,ASPHALT,111,110,92
43,42,635043.5,485042.5,114.57,CONCRETE,160,153,135
43,43,635043.5,485043.5,114.64,ASPHALT,123,122,102
43,44,635043.5,485044.5,114.67,ASPHALT,96,105,84
43,45,635043.5,485045.5,114.67,ASPHALT,90,102,82
43,46,635043.5,485046.5,114.64,GRASS,79,92,72
43,47,635043.5,485047.5,114.66,GRASS,74,87,69
43,48,635043.5,485048.5,114.62,ASPHALT,108,111,90
43,49,635043.5,485049.5,114.64,ASPHALT,105,114,93
43,50,635043.5,485050.5,114.64,ASPHALT,87,99,79
43,51,635043.5,485051.5,114.61,ASPHALT,99,108,89
43,52,635043.5,485052.5,114.6,GRASS,83,95,73
43,53,635043.5,485053.5,114.58,GRASS,84,98,75
43,54,635043.5,485054.5,114.52,ASPHALT,91,100,81
43,55,635043.5,485055.5,114.52,ASPHALT,101,109,86
43,56,635043.5,485056.5,114.52,ASPHALT,99,104,82
43,57,635043.5,485057.5,114.49,ASPHALT,106,114,91
43,58,635043.5,485058.5,114.45,CONCRETE,156,151,131
43,59,635043.5,485059.5,114.42,ASPHALT,110,115,93
43,60,635043.5,485060.5,114.42,ASPHALT,94,106,84
43,61,635043.5,485061.5,114.38,GRASS,85,97,75
43,62,635043.5,485062.5,114.35,ASPHALT,96,110,85
43,63,635043.5,485063.5,114.33,GRASS,74,89,68
43,64,635043.5,485064.5,114.33,ASPHALT,84,95,78
43,65,635043.5,485065.5,114.32,ASPHALT,89,96,78
43,66,635043.5,485066.5,114.33,ASPHALT,90,102,80
43,67,635043.5,485067.5,114.31,GRASS,76,88,68
43,68,635043.5,485068.5,114.27,GRASS,83,97,74
43,69,635043.5,485069.5,114.27,ASPHALT,93,102,83
43,70,635043.5,485070.5,114.26,GRASS,85,94,75
43,71,635043.5,485071.5,114.27,ASPHALT,98,106,82
43,72,635043.5,485072.5,114.27,ASPHALT,110,113,92
43,73,635043.5,485073.5,114.24,ASPHALT,102,106,83
43,74,635043.5,485074.5,114.24,ASPHALT,106,108,86
43,75,635043.5,485075.5,114.24,ASPHALT,118,115,96
43,76,635043.5,485076.5,114.23,CONCRETE,141,136,117
43,77,635043.5,485077.5,114.18,ASPHALT,123,121,100
43,78,635043.5,485078.5,114.15,ASPHALT,110,113,86
43,79,635043.5,485079.5,114.15,ASPHALT,90,98,75
43,80,635043.5,485080.5,114.15,ASPHALT,93,101,78
43,81,635043.5,485081.5,114.16,ASPHALT,104,109,86
43,82,635043.5,485082.5,113.92,ASPHALT,91,92,76
43,83,635043.5,485083.5,113.92,CONCRETE,160,157,148
43,84,635043.5,485084.5,113.53,ASPHALT,123,123,115
43,85,635043.5,485085.5,113.52,GRASS,61,58,51
43,86,635043.5,485086.5,113.5,GRASS,46,48,47
43,87,635043.5,485087.5,113.51,GRASS,44,46,45
43,88,635043.5,485088.5,113.51,GRASS,50,55,51
43,89,635043.5,485089.5,113.52,GRASS,45,47,44
43,90,635043.5,485090.5,113.52,GRASS,36,46,47
43,91,635043.5,485091.5,113.52,GRASS,36,45,44
43,92,635043.5,485092.5,113.52,GRASS,36,45,44
43,93,635043.5,485093.5,113.52,GRASS,36,45,44
43,94,635043.5,485094.5,113.5,GRASS,36,45,44
43,95,635043.5,485095.5,113.51,GRASS,34,44,43
43,96,635043.5,485096.5,113.52,GRASS,34,43,42
43,97,635043.5,485097.5,113.5,GRASS,40,46,46
43,98,635043.5,485098.5,113.5,GRASS,35,44,43
43,99,635043.5,485099.5,113.49,GRASS,35,44,43
44,0,635044.5,485000.5,120.55,GRASS,44,54,53
44,1,635044.5,485001.5,120.51,GRASS,24,36,36
44,2,635044.5,485002.5,120.51,GRASS,55,61,49
44,3,635044.5,485003.5,120.5,DIRT,100,99,78
44,4,635044.5,485004.5,120.43,DIRT,92,94,72
44,5,635044.5,485005.5,120.34,ASPHALT,89,97,74
44,6,635044.5,485006.5,120.25,GRASS,75,83,62
44,7,635044.5,485007.5,120.25,ASPHALT,91,96,76
44,8,635044.5,485008.5,120.21,ASPHALT,106,109,90
44,9,635044.5,485009.5,120.15,DIRT,96,90,74
44,10,635044.5,485010.5,120.11,GRASS,53,55,54
44,11,635044.5,485011.5,120.03,GRASS,21,31,32
44,12,635044.5,485012.5,120.03,ASPHALT,94,110,84
44,13,635044.5,485013.5,119.8,GRASS,43,55,43
44,14,635044.5,485014.5,119.33,GRASS,29,41,37
44,15,635044.5,485015.5,118.93,GRASS,64,79,56
44,16,635044.5,485016.5,118.41,GRASS,34,47,40
44,17,635044.5,485017.5,118.41,GRASS,21,35,36
44,18,635044.5,485018.5,117.8,ASPHALT,79,98,79
44,19,635044.5,485019.5,117.34,GRASS,40,55,50
44,20,635044.5,485020.5,117.0,GRASS,59,70,56
44,21,635044.5,485021.5,117.0,GRASS,63,78,57
44,22,635044.5,485022.5,116.54,GRASS,67,81,66
44,23,635044.5,485023.5,116.03,GRASS,75,79,65
44,24,635044.5,485024.5,115.56,GRASS,82,89,73
44,25,635044.5,485025.5,115.29,ASPHALT,97,95,82
44,26,635044.5,485026.5,115.29,ASPHALT,109,113,96
44,27,635044.5,485027.5,114.98,GRASS,60,72,58
44,28,635044.5,485028.5,114.85,GRASS,70,81,65
44,29,635044.5,485029.5,114.76,GRASS,80,95,74
44,30,635044.5,485030.5,114.69,CONCRETE,150,144,130
44,31,635044.5,485031.5,114.69,CONCRETE,143,130,122
44,32,635044.5,485032.5,114.67,GRASS,45,46,38
44,33,635044.5,485033.5,114.62,ASPHALT,99,106,88
44,34,635044.5,485034.5,114.62,ASPHALT,101,106,84
44,35,635044.5,485035.5,114.67,ASPHALT,96,101,79
44,36,635044.5,485036.5,114.67,ASPHALT,89,97,76
44,37,635044.5,485037.5,114.63,CONCRETE,150,144,128
44,38,635044.5,485038.5,114.6,CONCRETE,163,154,139
44,39,635044.5,485039.5,114.55,ASPHALT,120,118,97
44,40,635044.5,485040.5,114.55,ASPHALT,100,102,81
44,41,635044.5,485041.5,114.56,CONCRETE,149,146,127
44,42,635044.5,485042.5,114.58,ASPHALT,127,126,106
44,43,635044.5,485043.5,114.59,ASPHALT,92,102,78
44,44,635044.5,485044.5,114.61,GRASS,76,87,70
44,45,635044.5,485045.5,114.61,ASPHALT,84,97,79
44,46,635044.5,485046.5,114.63,ASPHALT,85,100,79
44,47,635044.5,485047.5,114.65,ASPHALT,85,97,77
44,48,635044.5,485048.5,114.65,ASPHALT,115,119,102
44,49,635044.5,485049.5,114.62,ASPHALT,97,105,84
44,50,635044.5,485050.5,114.62,GRASS,78,90,68
44,51,635044.5,485051.5,114.61,ASPHALT,95,104,87
44,52,635044.5,485052.5,114.54,ASPHALT,91,103,83
44,53,635044.5,485053.5,114.53,GRASS,69,80,63
44,54,635044.5,485054.5,114.52,GRASS,69,81,59
44,55,635044.5,485055.5,114.52,ASPHALT,87,99,79
44,56,635044.5,485056.5,114.47,ASPHALT,88,98,74
44,57,635044.5,485057.5,114.49,ASPHALT,114,117,96
44,58,635044.5,485058.5,114.46,CONCRETE,139,132,116
44,59,635044.5,485059.5,114.42,ASPHALT,107,110,91
44,60,635044.5,485060.5,114.42,ASPHALT,88,100,76
44,61,635044.5,485061.5,114.39,ASPHALT,87,99,77
44,62,635044.5,485062.5,114.38,ASPHALT,90,102,80
44,63,635044.5,485063.5,114.34,ASPHALT,88,97,76
44,64,635044.5,485064.5,114.34,GRASS,84,96,74
44,65,635044.5,485065.5,114.35,GRASS,80,92,70
44,66,635044.5,485066.5,114.33,GRASS,79,91,69
44,67,635044.5,485067.5,114.3,GRASS,85,97,73
44,68,635044.5,485068.5,114.31,ASPHALT,90,99,78
44,69,635044.5,485069.5,114.31,ASPHALT,97,105,82
44,70,635044.5,485070.5,114.25,ASPHALT,101,106,84
44,71,635044.5,485071.5,114.23,ASPHALT,96,101,78
44,72,635044.5,485072.5,114.25,ASPHALT,94,99,76
44,73,635044.5,485073.5,114.24,ASPHALT,102,104,83
44,74,635044.5,485074.5,114.24,ASPHALT,110,108,87
44,75,635044.5,485075.5,114.23,ASPHALT,129,124,105
44,76,635044.5,485076.5,114.21,ASPHALT,118,115,96
44,77,635044.5,485077.5,114.19,ASPHALT,102,104,83
44,78,635044.5,485078.5,114.15,ASPHALT,92,100,76
44,79,635044.5,485079.5,114.15,GRASS,85,94,73
44,80,635044.5,485080.5,114.17,ASPHALT,107,112,89
44,81,635044.5,485081.5,114.09,ASPHALT,101,105,82
44,82,635044.5,485082.5,113.73,CONCRETE,166,164,149
44,83,635044.5,485083.5,113.73,CONCRETE,137,136,132
44,84,635044.5,485084.5,113.51,ASPHALT,111,111,103
44,85,635044.5,485085.5,113.54,GRASS,50,52,47
44,86,635044.5,485086.5,113.53,GRASS,42,48,46
44,87,635044.5,485087.5,113.51,GRASS,38,44,44
44,88,635044.5,485088.5,113.51,GRASS,38,43,46
44,89,635044.5,485089.5,113.53,GRASS,42,50,52
44,90,635044.5,485090.5,113.52,GRASS,36,45,44
44,91,635044.5,485091.5,113.51,GRASS,36,45,44
44,92,635044.5,485092.5,113.5,GRASS,35,44,43
44,93,635044.5,485093.5,113.5,GRASS,40,45,48
44,94,635044.5,485094.5,113.5,GRASS,35,44,43
44,95,635044.5,485095.5,113.53,GRASS,35,43,45
44,96,635044.5,485096.5,113.52,GRASS,35,43,45
44,97,635044.5,485097.5,113.53,GRASS,37,43,43
44,98,635044.5,485098.5,113.53,GRASS,37,43,43
44,99,635044.5,485099.5,113.53,GRASS,37,42,45
45,0,635045.5,485000.5,120.61,GRASS,24,33,38
45,1,635045.5,485001.5,120.54,GRASS,72,79,61
45,2,635045.5,485002.5,120.54,DIRT,96,98,74
45,3,635045.5,485003.5,120.49,DIRT,104,99,79
45,4,635045.5,485004.5,120.36,ASPHALT,93,96,75
45,5,635045.5,485005.5,120.29,ASPHALT,90,98,75
45,6,635045.5,485006.5,120.21,GRASS,79,88,67
45,7,635045.5,485007.5,120.21,GRASS,57,70,52
45,8,635045.5,485008.5,120.21,GRASS,79,87,72
45,9,635045.5,485009.5,120.18,GRASS,50,53,46
45,10,635045.5,485010.5,120.13,GRASS,78,92,67
45,11,635045.5,485011.5,119.93,ASPHALT,97,100,83
45,12,635045.5,485012.5,119.93,GRASS,81,90,63
45,13,635045.5,485013.5,119.59,GRASS,63,81,59
45,14,635045.5,485014.5,119.1,GRASS,42,55,38
45,15,635045.5,485015.5,118.48,GRASS,61,75,60
45,16,635045.5,485016.5,117.95,GRASS,23,36,42
45,17,635045.5,485017.5,117.95,GRASS,42,57,50
45,18,635045.5,485018.5,117.38,GRASS,65,83,61
45,19,635045.5,485019.5,116.95,GRASS,39,55,42
45,20,635045.5,485020.5,116.53,GRASS,55,66,52
45,21,635045.5,485021.5,116.53,GRASS,89,88,70
45,22,635045.5,485022.5,116.14,GRASS,86,95,74
45,23,635045.5,485023.5,115.77,DIRT,108,96,82
45,24,635045.5,485024.5,115.19,GRASS,67,63,54
45,25,635045.5,485025.5,115.02,GRASS,89,74,67
45,26,635045.5,485026.5,115.02,GRASS,65,61,58
45,27,635045.5,485027.5,114.84,GRASS,37,52,47
45,28,635045.5,485028.5,114.78,GRASS,62,79,63
45,29,635045.5,485029.5,114.75,ASPHALT,101,105,90
45,30,635045.5,485030.5,114.69,CONCRETE,170,161,146
45,31,635045.5,485031.5,114.69,CONCRETE,165,156,139
45,32,635045.5,485032.5,114.62,ASPHALT,100,103,82
45,33,635045.5,485033.5,114.64,ASPHALT,103,106,87
45,34,635045.5,485034.5,114.6,ASPHALT,129,128,110
45,35,635045.5,485035.5,114.63,GRASS,70,83,63
45,36,635045.5,485036.5,114.63,ASPHALT,93,95,81
45,37,635045.5,485037.5,114.63,CONCRETE,163,153,141
45,38,635045.5,485038.5,114.57,CONCRETE,147,137,127
45,39,635045.5,485039.5,114.53,CONCRETE,137,129,116
45,40,635045.5,485040.5,114.53,CONCRETE,161,154,138
45,41,635045.5,485041.5,114.57,ASPHALT,127,124,107
45,42,635045.5,485042.5,114.58,ASPHALT,91,98,80
45,43,635045.5,485043.5,114.61,ASPHALT,86,98,78
45,44,635045.5,485044.5,114.61,ASPHALT,91,103,83
45,45,635045.5,485045.5,114.61,GRASS,80,95,74
45,46,635045.5,485046.5,114.64,ASPHALT,83,101,79
45,47,635045.5,485047.5,114.67,ASPHALT,95,104,85
45,48,635045.5,485048.5,114.64,ASPHALT,95,103,82
45,49,635045.5,485049.5,114.62,ASPHALT,95,105,81
45,50,635045.5,485050.5,114.62,ASPHALT,86,99,79
45,51,635045.5,485051.5,114.58,ASPHALT,97,109,87
45,52,635045.5,485052.5,114.56,ASPHALT,102,111,90
45,53,635045.5,485053.5,114.53,ASPHALT,90,101,84
45,54,635045.5,485054.5,114.5,ASPHALT,99,107,86
45,55,635045.5,485055.5,114.5,ASPHALT,100,109,88
45,56,635045.5,485056.5,114.49,ASPHALT,101,109,86
45,57,635045.5,485057.5,114.47,ASPHALT,100,108,85
45,58,635045.5,485058.5,114.46,ASPHALT,133,127,111
45,59,635045.5,485059.5,114.43,ASPHALT,114,116,95
45,60,635045.5,485060.5,114.43,ASPHALT,95,105,81
45,61,635045.5,485061.5,114.4,ASPHALT,92,104,82
45,62,635045.5,485062.5,114.36,GRASS,76,88,68
45,63,635045.5,485063.5,114.36,ASPHALT,95,105,81
45,64,635045.5,485064.5,114.36,ASPHALT,98,106,83
45,65,635045.5,485065.5,114.32,ASPHALT,93,103,79
45,66,635045.5,485066.5,114.3,ASPHALT,93,102,81
45,67,635045.5,485067.5,114.3,ASPHALT,91,99,78
45,68,635045.5,485068.5,114.26,ASPHALT,90,98,77
45,69,635045.5,485069.5,114.26,ASPHALT,101,111,86
45,70,635045.5,485070.5,114.27,ASPHALT,96,100,77
45,71,635045.5,485071.5,114.28,ASPHALT,113,115,94
45,72,635045.5,485072.5,114.25,ASPHALT,101,104,83
45,73,635045.5,485073.5,114.24,ASPHALT,101,104,83
45,74,635045.5,485074.5,114.24,ASPHALT,106,105,85
45,75,635045.5,485075.5,114.24,CONCRETE,146,139,120
45,76,635045.5,485076.5,114.19,ASPHALT,125,123,102
45,77,635045.5,485077.5,114.19,ASPHALT,101,104,83
45,78,635045.5,485078.5,114.16,ASPHALT,88,98,74
45,79,635045.5,485079.5,114.16,GRASS,83,92,71
45,80,635045.5,485080.5,114.16,ASPHALT,101,106,83
45,81,635045.5,485081.5,113.95,ASPHALT,89,92,75
45,82,635045.5,485082.5,113.53,CONCRETE,161,158,151
45,83,635045.5,485083.5,113.53,CONCRETE,128,129,123
45,84,635045.5,485084.5,113.55,GRASS,59,59,51
45,85,635045.5,485085.5,113.55,GRASS,45,47,44
45,86,635045.5,485086.5,113.55,GRASS,41,45,46
45,87,635045.5,485087.5,113.49,GRASS,52,54,53
45,88,635045.5,485088.5,113.49,GRASS,34,40,40
45,89,635045.5,485089.5,113.52,GRASS,36,45,44
45,90,635045.5,485090.5,113.51,GRASS,36,45,44
45,91,635045.5,485091.5,113.51,GRASS,36,44,46
45,92,635045.5,485092.5,113.52,GRASS,38,44,44
45,93,635045.5,485093.5,113.52,GRASS,38,44,44
45,94,635045.5,485094.5,113.53,GRASS,36,45,44
45,95,635045.5,485095.5,113.51,GRASS,34,43,42
45,96,635045.5,485096.5,113.5,GRASS,35,44,43
45,97,635045.5,485097.5,113.49,GRASS,37,45,47
45,98,635045.5,485098.5,113.49,GRASS,36,44,46
45,99,635045.5,485099.5,113.5,GRASS,36,42,42
46,0,635046.5,485000.5,120.57,ASPHALT,89,93,79
46,1,635046.5,485001.5,120.51,DIRT,102,102,78
46,2,635046.5,485002.5,120.51,DIRT,94,93,72
46,3,635046.5,485003.5,120.41,GRASS,68,71,52
46,4,635046.5,485004.5,120.34,ASPHALT,89,97,74
46,5,635046.5,485005.5,120.27,ASPHALT,95,103,80
46,6,635046.5,485006.5,120.2,GRASS,77,89,69
46,7,635046.5,485007.5,120.2,GRASS,77,90,72
46,8,635046.5,485008.5,120.18,GRASS,67,75,60
46,9,635046.5,485009.5,120.18,GRASS,75,82,64
46,10,635046.5,485010.5,120.03,GRASS,49,53,36
46,11,635046.5,485011.5,119.61,GRASS,84,85,67
46,12,635046.5,485012.5,119.61,DIRT,99,90,73
46,13,635046.5,485013.5,119.27,GRASS,86,102,73
46,14,635046.5,485014.5,118.77,GRASS,80,89,72
46,15,635046.5,485015.5,118.13,GRASS,29,38,45
46,16,635046.5,485016.5,117.47,GRASS,43,58,51
46,17,635046.5,485017.5,117.47,ASPHALT,85,110,81
46,18,635046.5,485018.5,116.94,GRASS,37,54,38
46,19,635046.5,485019.5,116.55,GRASS,40,56,45
46,20,635046.5,485020.5,116.15,GRASS,68,72,58
46,21,635046.5,485021.5,116.15,GRASS,67,78,61
46,22,635046.5,485022.5,115.78,GRASS,79,96,64
46,23,635046.5,485023.5,115.43,GRASS,72,69,54
46,24,635046.5,485024.5,115.04,GRASS,70,60,58
46,25,635046.5,485025.5,114.9,GRASS,67,58,53
46,26,635046.5,485026.5,114.9,GRASS,49,54,48
46,27,635046.5,485027.5,114.78,ASPHALT,94,96,83
46,28,635046.5,485028.5,114.76,GRASS,64,72,57
46,29,635046.5,485029.5,114.75,ASPHALT,114,115,101
46,30,635046.5,485030.5,114.66,CONCRETE,167,155,139
46,31,635046.5,485031.5,114.66,ASPHALT,129,126,107
46,32,635046.5,485032.5,114.66,ASPHALT,111,112,94
46,33,635046.5,485033.5,114.62,ASPHALT,110,111,93
46,34,635046.5,485034.5,114.62,ASPHALT,103,106,89
46,35,635046.5,485035.5,114.62,ASPHALT,94,101,83
46,36,635046.5,485036.5,114.62,CONCRETE,143,140,123
46,37,635046.5,485037.5,114.59,CONCRETE,153,146,128
46,38,635046.5,485038.5,114.56,ASPHALT,102,104,82
46,39,635046.5,485039.5,114.53,ASPHALT,106,105,87
46,40,635046.5,485040.5,114.53,CONCRETE,165,157,144
46,41,635046.5,485041.5,114.51,ASPHALT,93,101,80
46,42,635046.5,485042.5,114.57,GRASS,79,92,74
46,43,635046.5,485043.5,114.55,ASPHALT,85,97,77
46,44,635046.5,485044.5,114.6,GRASS,76,87,70
46,45,635046.5,485045.5,114.6,GRASS,78,93,72
46,46,635046.5,485046.5,114.6,GRASS,74,92,68
46,47,635046.5,485047.5,114.6,ASPHALT,95,105,81
46,48,635046.5,485048.5,114.6,ASPHALT,102,112,88
46,49,635046.5,485049.5,114.58,ASPHALT,90,102,80
46,50,635046.5,485050.5,114.58,ASPHALT,90,103,83
46,51,635046.5,485051.5,114.58,ASPHALT,93,105,83
46,52,635046.5,485052.5,114.48,ASPHALT,97,110,90
46,53,635046.5,485053.5,114.51,GRASS,75,88,70
46,54,635046.5,485054.5,114.45,GRASS,79,90,73
46,55,635046.5,485055.5,114.45,ASPHALT,89,101,79
46,56,635046.5,485056.5,114.46,GRASS,84,96,74
46,57,635046.5,485057.5,114.42,ASPHALT,109,112,93
46,58,635046.5,485058.5,114.45,CONCRETE,140,135,116
46,59,635046.5,485059.5,114.42,CONCRETE,134,133,113
46,60,635046.5,485060.5,114.42,ASPHALT,99,109,84
46,61,635046.5,485061.5,114.37,ASPHALT,94,103,82
46,62,635046.5,485062.5,114.38,ASPHALT,91,99,78
46,63,635046.5,485063.5,114.38,ASPHALT,94,102,79
46,64,635046.5,485064.5,114.38,ASPHALT,100,105,83
46,65,635046.5,485065.5,114.34,ASPHALT,106,108,87
46,66,635046.5,485066.5,114.33,ASPHALT,94,99,79
46,67,635046.5,485067.5,114.33,ASPHALT,96,98,77
46,68,635046.5,485068.5,114.27,ASPHALT,94,102,81
46,69,635046.5,485069.5,114.27,ASPHALT,94,99,77
46,70,635046.5,485070.5,114.29,ASPHALT,105,109,86
46,71,635046.5,485071.5,114.25,ASPHALT,108,111,90
46,72,635046.5,485072.5,114.25,ASPHALT,104,106,84
46,73,635046.5,485073.5,114.23,ASPHALT,107,109,87
46,74,635046.5,485074.5,114.23,ASPHALT,119,114,95
46,75,635046.5,485075.5,114.2,CONCRETE,139,132,116
46,76,635046.5,485076.5,114.19,ASPHALT,121,119,98
46,77,635046.5,485077.5,114.14,ASPHALT,106,111,89
46,78,635046.5,485078.5,114.16,ASPHALT,93,102,83
46,79,635046.5,485079.5,114.16,GRASS,88,93,70
46,80,635046.5,485080.5,114.11,ASPHALT,96,104,80
46,81,635046.5,485081.5,113.72,CONCRETE,170,171,157
46,82,635046.5,485082.5,113.48,CONCRETE,135,134,129
46,83,635046.5,485083.5,113.48,ASPHALT,117,118,112
46,84,635046.5,485084.5,113.55,GRASS,50,51,46
46,85,635046.5,485085.5,113.55,GRASS,44,46,45
46,86,635046.5,485086.5,113.55,GRASS,37,46,45
46,87,635046.5,485087.5,113.5,GRASS,47,51,52
46,88,635046.5,485088.5,113.5,GRASS,36,44,46
46,89,635046.5,485089.5,113.5,GRASS,36,46,47
46,90,635046.5,485090.5,113.5,GRASS,36,45,44
46,91,635046.5,485091.5,113.51,GRASS,38,44,44
46,92,635046.5,485092.5,113.51,GRASS,37,43,43
46,93,635046.5,485093.5,113.51,GRASS,38,44,44
46,94,635046.5,485094.5,113.53,GRASS,39,45,45
46,95,635046.5,485095.5,113.51,GRASS,34,43,42
46,96,635046.5,485096.5,113.51,GRASS,37,43,43
46,97,635046.5,485097.5,113.56,GRASS,35,44,43
46,98,635046.5,485098.5,113.56,GRASS,35,43,45
46,99,635046.5,485099.5,113.5,GRASS,37,46,45
47,0,635047.5,485000.5,120.55,GRASS,67,74,67
47,1,635047.5,485001.5,120.44,DIRT,100,97,78
47,2,635047.5,485002.5,120.44,ASPHALT,118,115,96
47,3,635047.5,485003.5,120.38,ASPHALT,98,101,82
47,4,635047.5,485004.5,120.34,GRASS,80,88,65
47,5,635047.5,485005.5,120.25,ASPHALT,88,96,75
47,6,635047.5,485006.5,120.22,GRASS,52,66,49
47,7,635047.5,485007.5,120.22,GRASS,67,80,62
47,8,635047.5,485008.5,120.23,GRASS,74,84,60
47,9,635047.5,485009.5,120.19,GRASS,78,87,70
47,10,635047.5,485010.5,119.89,GRASS,47,49,44
47,11,635047.5,485011.5,119.49,ASPHALT,85,80,76
47,12,635047.5,485012.5,119.49,GRASS,76,88,66
47,13,635047.5,485013.5,118.88,ASPHALT,94,106,84
47,14,635047.5,485014.5,118.33,GRASS,29,40,42
47,15,635047.5,485015.5,117.75,GRASS,49,65,54
47,16,635047.5,485016.5,117.1,GRASS,61,76,55
47,17,635047.5,485017.5,117.1,GRASS,52,64,52
47,18,635047.5,485018.5,116.57,GRASS,65,82,63
47,19,635047.5,485019.5,116.14,GRASS,75,92,73
47,20,635047.5,485020.5,115.69,GRASS,71,88,72
47,21,635047.5,485021.5,115.69,GRASS,39,51,41
47,22,635047.5,485022.5,115.34,GRASS,81,89,65
47,23,635047.5,485023.5,115.18,ASPHALT,104,94,82
47,24,635047.5,485024.5,114.93,GRASS,76,74,62
47,25,635047.5,485025.5,114.82,GRASS,61,63,52
47,26,635047.5,485026.5,114.82,GRASS,49,62,53
47,27,635047.5,485027.5,114.87,GRASS,52,70,54
47,28,635047.5,485028.5,114.83,GRASS,56,72,59
47,29,635047.5,485029.5,114.75,CONCRETE,162,156,142
47,30,635047.5,485030.5,114.67,CONCRETE,169,158,140
47,31,635047.5,485031.5,114.67,ASPHALT,98,99,83
47,32,635047.5,485032.5,114.66,ASPHALT,88,92,77
47,33,635047.5,485033.5,114.64,ASPHALT,122,121,103
47,34,635047.5,485034.5,114.59,ASPHALT,92,95,78
47,35,635047.5,485035.5,114.63,ASPHALT,123,120,103
47,36,635047.5,485036.5,114.63,CONCRETE,160,151,136
47,37,635047.5,485037.5,114.57,CONCRETE,140,135,115
47,38,635047.5,485038.5,114.56,ASPHALT,99,102,83
47,39,635047.5,485039.5,114.54,CONCRETE,160,153,137
47,40,635047.5,485040.5,114.54,ASPHALT,102,101,83
47,41,635047.5,485041.5,114.53,GRASS,76,88,66
47,42,635047.5,485042.5,114.53,ASPHALT,84,95,78
47,43,635047.5,485043.5,114.54,ASPHALT,95,106,89
47,44,635047.5,485044.5,114.58,ASPHALT,82,95,77
47,45,635047.5,485045.5,114.58,GRASS,68,80,60
47,46,635047.5,485046.5,114.6,ASPHALT,86,98,78
47,47,635047.5,485047.5,114.58,ASPHALT,96,104,83
47,48,635047.5,485048.5,114.59,ASPHALT,89,98,77
47,49,635047.5,485049.5,114.6,GRASS,68,81,61
47,50,635047.5,485050.5,114.6,ASPHALT,85,96,79
47,51,635047.5,485051.5,114.57,GRASS,77,90,70
47,52,635047.5,485052.5,114.52,GRASS,81,94,77
47,53,635047.5,485053.5,114.52,GRASS,76,89,71
47,54,635047.5,485054.5,114.45,GRASS,72,85,68
47,55,635047.5,485055.5,114.45,GRASS,84,96,74
47,56,635047.5,485056.5,114.46,ASPHALT,90,102,80
47,57,635047.5,485057.5,114.45,ASPHALT,119,122,103
47,58,635047.5,485058.5,114.41,ASPHALT,133,125,112
47,59,635047.5,485059.5,114.4,ASPHALT,122,121,100
47,60,635047.5,485060.5,114.4,ASPHALT,91,100,79
47,61,635047.5,485061.5,114.39,ASPHALT,90,102,80
47,62,635047.5,485062.5,114.35,ASPHALT,90,98,77
47,63,635047.5,485063.5,114.35,ASPHALT,99,104,82
47,64,635047.5,485064.5,114.35,ASPHALT,96,99,78
47,65,635047.5,485065.5,114.32,ASPHALT,106,108,87
47,66,635047.5,485066.5,114.33,GRASS,88,93,71
47,67,635047.5,485067.5,114.3,ASPHALT,99,104,84
47,68,635047.5,485068.5,114.29,ASPHALT,97,106,85
47,69,635047.5,485069.5,114.29,ASPHALT,93,98,76
47,70,635047.5,485070.5,114.27,ASPHALT,99,102,81
47,71,635047.5,485071.5,114.28,ASPHALT,107,109,88
47,72,635047.5,485072.5,114.28,ASPHALT,108,111,90
47,73,635047.5,485073.5,114.21,ASPHALT,115,114,94
47,74,635047.5,485074.5,114.21,CONCRETE,153,146,127
47,75,635047.5,485075.5,114.23,ASPHALT,134,129,110
47,76,635047.5,485076.5,114.17,ASPHALT,99,102,83
47,77,635047.5,485077.5,114.15,GRASS,89,94,72
47,78,635047.5,485078.5,114.16,ASPHALT,96,100,77
47,79,635047.5,485079.5,114.16,ASPHALT,88,100,78
47,80,635047.5,485080.5,113.96,ASPHALT,108,111,92
47,81,635047.5,485081.5,113.54,CONCRETE,155,152,145
47,82,635047.5,485082.5,113.49,ASPHALT,122,124,119
47,83,635047.5,485083.5,113.49,GRASS,55,56,50
47,84,635047.5,485084.5,113.51,GRASS,43,48,44
47,85,635047.5,485085.5,113.54,GRASS,36,46,45
47,86,635047.5,485086.5,113.52,GRASS,54,56,55
47,87,635047.5,485087.5,113.51,GRASS,34,42,45
47,88,635047.5,485088.5,113.51,GRASS,36,44,46
47,89,635047.5,485089.5,113.55,GRASS,35,43,45
47,90,635047.5,485090.5,113.55,GRASS,36,45,44
47,91,635047.5,485091.5,113.54,GRASS,35,43,46
47,92,635047.5,485092.5,113.53,GRASS,35,44,43
47,93,635047.5,485093.5,113.53,GRASS,34,43,42
47,94,635047.5,485094.5,113.53,GRASS,37,43,43
47,95,635047.5,485095.5,113.51,GRASS,35,44,43
47,96,635047.5,485096.5,113.5,GRASS,34,43,42
47,97,635047.5,485097.5,113.53,GRASS,34,42,44
47,98,635047.5,485098.5,113.53,GRASS,34,43,42
47,99,635047.5,485099.5,113.52,GRASS,37,45,47
48,0,635048.5,485000.5,120.46,GRASS,86,89,70
48,1,635048.5,485001.5,120.44,ASPHALT,106,105,87
48,2,635048.5,485002.5,120.44,ASPHALT,89,92,75
48,3,635048.5,485003.5,120.36,GRASS,82,89,71
48,4,635048.5,485004.5,120.33,GRASS,72,81,60
48,5,635048.5,485005.5,120.25,GRASS,67,80,60
48,6,635048.5,485006.5,120.19,GRASS,80,92,70
48,7,635048.5,485007.5,120.19,GRASS,82,96,71
48,8,635048.5,485008.5,120.22,GRASS,67,80,63
48,9,635048.5,485009.5,119.82,GRASS,86,96,69
48,10,635048.5,485010.5,119.43,GRASS,42,56,41
48,11,635048.5,485011.5,118.99,GRASS,25,41,30
48,12,635048.5,485012.5,118.99,GRASS,71,86,65
48,13,635048.5,485013.5,118.35,GRASS,56,61,55
48,14,635048.5,485014.5,117.71,GRASS,52,64,60
48,15,635048.5,485015.5,117.17,GRASS,48,64,54
48,16,635048.5,485016.5,116.63,ASPHALT,92,107,88
48,17,635048.5,485017.5,116.63,GRASS,49,63,48
48,18,635048.5,485018.5,116.21,GRASS,63,77,60
48,19,635048.5,485019.5,115.75,GRASS,55,70,51
48,20,635048.5,485020.5,115.31,GRASS,56,70,55
48,21,635048.5,485021.5,115.31,GRASS,51,63,51
48,22,635048.5,485022.5,115.08,ASPHALT,98,101,80
48,23,635048.5,485023.5,115.0,ASPHALT,113,104,87
48,24,635048.5,485024.5,114.87,ASPHALT,124,111,95
48,25,635048.5,485025.5,114.85,ASPHALT,98,99,81
48,26,635048.5,485026.5,114.85,ASPHALT,88,103,84
48,27,635048.5,485027.5,114.85,GRASS,55,76,57
48,28,635048.5,485028.5,114.82,GRASS,67,80,63
48,29,635048.5,485029.5,114.7,CONCRETE,164,152,138
48,30,635048.5,485030.5,114.7,CONCRETE,169,157,143
48,31,635048.5,485031.5,114.7,ASPHALT,122,123,105
48,32,635048.5,485032.5,114.64,ASPHALT,87,89,75
48,33,635048.5,485033.5,114.65,GRASS,83,87,70
48,34,635048.5,485034.5,114.64,ASPHALT,86,93,75
48,35,635048.5,485035.5,114.62,ASPHALT,107,104,89
48,36,635048.5,485036.5,114.62,CONCRETE,166,156,144
48,37,635048.5,485037.5,114.59,ASPHALT,94,97,76
48,38,635048.5,485038.5,114.53,ASPHALT,122,121,101
48,39,635048.5,485039.5,114.5,ASPHALT,109,106,87
48,40,635048.5,485040.5,114.5,ASPHALT,93,102,81
48,41,635048.5,485041.5,114.49,GRASS,75,90,71
48,42,635048.5,485042.5,114.57,ASPHALT,86,98,76
48,43,635048.5,485043.5,114.53,GRASS,68,81,63
48,44,635048.5,485044.5,114.55,GRASS,73,86,69
48,45,635048.5,485045.5,114.55,ASPHALT,83,94,77
48,46,635048.5,485046.5,114.58,ASPHALT,107,111,94
48,47,635048.5,485047.5,114.56,ASPHALT,98,103,83
48,48,635048.5,485048.5,114.57,ASPHALT,90,103,83
48,49,635048.5,485049.5,114.52,GRASS,74,85,68
48,50,635048.5,485050.5,114.52,GRASS,81,94,76
48,51,635048.5,485051.5,114.55,GRASS,75,88,70
48,52,635048.5,485052.5,114.53,GRASS,60,74,59
48,53,635048.5,485053.5,114.45,GRASS,75,92,74
48,54,635048.5,485054.5,114.44,GRASS,63,80,62
48,55,635048.5,485055.5,114.44,GRASS,75,88,68
48,56,635048.5,485056.5,114.44,ASPHALT,95,107,85
48,57,635048.5,485057.5,114.43,ASPHALT,113,118,98
48,58,635048.5,485058.5,114.44,CONCRETE,142,137,118
48,59,635048.5,485059.5,114.36,ASPHALT,130,127,110
48,60,635048.5,485060.5,114.36,ASPHALT,105,113,92
48,61,635048.5,485061.5,114.36,ASPHALT,96,106,82
48,62,635048.5,485062.5,114.37,ASPHALT,94,102,81
48,63,635048.5,485063.5,114.36,ASPHALT,99,104,82
48,64,635048.5,485064.5,114.36,ASPHALT,101,106,84
48,65,635048.5,485065.5,114.28,ASPHALT,96,97,79
48,66,635048.5,485066.5,114.33,ASPHALT,104,109,89
48,67,635048.5,485067.5,114.31,ASPHALT,95,103,80
48,68,635048.5,485068.5,114.29,ASPHALT,95,100,78
48,69,635048.5,485069.5,114.29,ASPHALT,90,98,75
48,70,635048.5,485070.5,114.32,ASPHALT,104,112,88
48,71,635048.5,485071.5,114.29,ASPHALT,106,110,87
48,72,635048.5,485072.5,114.26,ASPHALT,109,107,86
48,73,635048.5,485073.5,114.23,ASPHALT,128,123,104
48,74,635048.5,485074.5,114.23,CONCRETE,138,131,113
48,75,635048.5,485075.5,114.19,ASPHALT,122,121,103
48,76,635048.5,485076.5,114.16,ASPHALT,98,99,81
48,77,635048.5,485077.5,114.15,ASPHALT,96,100,77
48,78,635048.5,485078.5,114.08,DIRT,92,94,72
48,79,635048.5,485079.5,114.08,ASPHALT,99,104,81
48,80,635048.5,485080.5,113.78,CONCRETE,178,178,168
48,81,635048.5,485081.5,113.51,CONCRETE,141,140,135
48,82,635048.5,485082.5,113.51,ASPHALT,102,101,96
48,83,635048.5,485083.5,113.51,GRASS,50,50,48
48,84,635048.5,485084.5,113.52,GRASS,43,47,48
48,85,635048.5,485085.5,113.54,GRASS,48,52,53
48,86,635048.5,485086.5,113.55,GRASS,43,47,48
48,87,635048.5,485087.5,113.56,GRASS,36,44,46
48,88,635048.5,485088.5,113.56,GRASS,36,45,44
48,89,635048.5,485089.5,113.57,GRASS,35,43,45
48,90,635048.5,485090.5,113.54,GRASS,36,45,44
48,91,635048.5,485091.5,113.52,GRASS,37,43,43
48,92,635048.5,485092.5,113.54,GRASS,36,42,42
48,93,635048.5,485093.5,113.54,GRASS,37,43,43
48,94,635048.5,485094.5,113.53,GRASS,37,43,43
48,95,635048.5,485095.5,113.52,GRASS,33,42,41
48,96,635048.5,485096.5,113.5,GRASS,36,45,44
48,97,635048.5,485097.5,113.53,GRASS,36,45,44
48,98,635048.5,485098.5,113.53,GRASS,38,44,44
48,99,635048.5,485099.5,113.53,GRASS,36,41,44
49,0,635049.5,485000.5,120.41,ASPHALT,104,103,85
49,1,635049.5,485001.5,120.47,GRASS,71,73,59
49,2,635049.5,485002.5,120.47,GRASS,83,88,68
49,3,635049.5,485003.5,120.39,GRASS,75,83,68
49,4,635049.5,485004.5,120.28,GRASS,75,84,63
49,5,635049.5,485005.5,120.23,GRASS,76,88,68
49,6,635049.5,485006.5,120.27,GRASS,75,87,65
49,7,635049.5,485007.5,120.27,GRASS,78,90,66
49,8,635049.5,485008.5,119.96,GRASS,71,80,63
49,9,635049.5,485009.5,119.48,GRASS,46,52,48
49,10,635049.5,485010.5,118.97,ASPHALT,83,96,79
49,11,635049.5,485011.5,118.4,GRASS,54,64,53
49,12,635049.5,485012.5,118.4,GRASS,33,34,36
49,13,635049.5,485013.5,117.67,GRASS,25,35,37
49,14,635049.5,485014.5,117.24,GRASS,67,78,62
49,15,635049.5,485015.5,116.66,GRASS,66,78,58
49,16,635049.5,485016.5,116.25,GRASS,60,74,57
49,17,635049.5,485017.5,116.25,ASPHALT,83,103,78
49,18,635049.5,485018.5,115.82,GRASS,50,68,54
49,19,635049.5,485019.5,115.42,GRASS,70,86,73
49,20,635049.5,485020.5,115.12,GRASS,36,49,39
49,21,635049.5,485021.5,115.12,GRASS,68,80,60
49,22,635049.5,485022.5,114.93,ASPHALT,120,125,103
49,23,635049.5,485023.5,114.87,GRASS,66,79,61
49,24,635049.5,485024.5,114.89,GRASS,77,77,65
49,25,635049.5,485025.5,114.89,GRASS,72,87,68
49,26,635049.5,485026.5,114.89,GRASS,67,86,67
49,27,635049.5,485027.5,114.82,GRASS,74,91,72
49,28,635049.5,485028.5,114.77,GRASS,67,75,60
49,29,635049.5,485029.5,114.71,CONCRETE,166,154,140
49,30,635049.5,485030.5,114.66,CONCRETE,162,153,136
49,31,635049.5,485031.5,114.66,ASPHALT,97,98,80
49,32,635049.5,485032.5,114.67,ASPHALT,94,97,80
49,33,635049.5,485033.5,114.63,GRASS,84,93,74
49,34,635049.5,485034.5,114.62,GRASS,83,92,73
49,35,635049.5,485035.5,114.6,CONCRETE,141,135,119
49,36,635049.5,485036.5,114.6,CONCRETE,162,153,138
49,37,635049.5,485037.5,114.56,ASPHALT,101,104,87
49,38,635049.5,485038.5,114.55,CONCRETE,157,150,134
49,39,635049.5,485039.5,114.52,ASPHALT,117,120,101
49,40,635049.5,485040.5,114.52,ASPHALT,99,103,86
49,41,635049.5,485041.5,114.49,ASPHALT,87,99,77
49,42,635049.5,485042.5,114.51,ASPHALT,86,98,76
49,43,635049.5,485043.5,114.59,GRASS,75,87,65
49,44,635049.5,485044.5,114.6,GRASS,73,86,69
49,45,635049.5,485045.5,114.6,ASPHALT,88,99,82
49,46,635049.5,485046.5,114.56,ASPHALT,95,102,84
49,47,635049.5,485047.5,114.55,ASPHALT,89,97,74
49,48,635049.5,485048.5,114.52,ASPHALT,95,108,90
49,49,635049.5,485049.5,114.52,GRASS,72,85,67
49,50,635049.5,485050.5,114.52,GRASS,77,90,72
49,51,635049.5,485051.5,114.49,GRASS,63,77,60
49,52,635049.5,485052.5,114.51,GRASS,59,76,60
49,53,635049.5,485053.5,114.46,GRASS,63,80,62
49,54,635049.5,485054.5,114.46,GRASS,69,84,65
49,55,635049.5,485055.5,114.46,ASPHALT,91,105,82
49,56,635049.5,485056.5,114.41,GRASS,82,94,74
49,57,635049.5,485057.5,114.43,ASPHALT,95,103,80
49,58,635049.5,485058.5,114.41,ASPHALT,133,127,111
49,59,635049.5,485059.5,114.41,ASPHALT,126,123,106
49,60,635049.5,485060.5,114.41,ASPHALT,109,114,94
49,61,635049.5,485061.5,114.37,ASPHALT,105,108,87
49,62,635049.5,485062.5,114.36,ASPHALT,112,115,94
49,63,635049.5,485063.5,114.28,ASPHALT,98,103,83
49,64,635049.5,485064.5,114.28,ASPHALT,100,105,83
49,65,635049.5,485065.5,114.32,ASPHALT,102,103,85
49,66,635049.5,485066.5,114.27,ASPHALT,106,107,89
49,67,635049.5,485067.5,114.28,ASPHALT,96,101,81
49,68,635049.5,485068.5,114.31,ASPHALT,99,101,80
49,69,635049.5,485069.5,114.31,ASPHALT,101,106,83
49,70,635049.5,485070.5,114.3,ASPHALT,92,100,76
49,71,635049.5,485071.5,114.29,ASPHALT,104,103,82
49,72,635049.5,485072.5,114.25,ASPHALT,124,119,99
49,73,635049.5,485073.5,114.21,CONCRETE,167,160,144
49,74,635049.5,485074.5,114.21,ASPHALT,128,121,103
49,75,635049.5,485075.5,114.19,ASPHALT,114,109,89
49,76,635049.5,485076.5,114.15,ASPHALT,106,108,87
49,77,635049.5,485077.5,114.13,ASPHALT,116,120,95
49,78,635049.5,485078.5,113.95,ASPHALT,111,114,93
49,79,635049.5,485079.5,113.95,ASPHALT,119,117,102
49,80,635049.5,485080.5,113.58,CONCRETE,157,157,149
49,81,635049.5,485081.5,113.52,ASPHALT,124,123,119
49,82,635049.5,485082.5,113.5,GRASS,56,57,51
49,83,635049.5,485083.5,113.5,GRASS,44,46,43
49,84,635049.5,485084.5,113.57,GRASS,40,45,48
49,85,635049.5,485085.5,113.49,GRASS,42,48,48
49,86,635049.5,485086.5,113.5,GRASS,36,44,46
49,87,635049.5,485087.5,113.53,GRASS,36,44,46
49,88,635049.5,485088.5,113.53,GRASS,36,45,44
49,89,635049.5,485089.5,113.53,GRASS,37,42,45
49,90,635049.5,485090.5,113.52,GRASS,35,43,45
49,91,635049.5,485091.5,113.5,GRASS,35,44,43
49,92,635049.5,485092.5,113.54,GRASS,34,43,42
49,93,635049.5,485093.5,113.54,GRASS,37,43,43
49,94,635049.5,485094.5,113.51,GRASS,35,44,43
49,95,635049.5,485095.5,113.5,GRASS,37,45,47
49,96,635049.5,485096.5,113.51,GRASS,38,44,44
49,97,635049.5,485097.5,113.52,GRASS,34,43,42
49,98,635049.5,485098.5,113.52,GRASS,35,44,43
49,99,635049.5,485099.5,113.52,GRASS,37,42,45
50,0,635050.5,485000.5,120.41,ASPHALT,97,100,81
50,1,635050.5,485001.5,120.47,GRASS,85,89,75
50,2,635050.5,485002.5,120.47,ASPHALT,82,90,77
50,3,635050.5,485003.5,120.39,GRASS,84,91,73
50,4,635050.5,485004.5,120.28,GRASS,83,84,66
50,5,635050.5,485005.5,120.23,GRASS,64,76,56
50,6,635050.5,485006.5,120.27,ASPHALT,95,105,94
50,7,635050.5,485007.5,120.27,ASPHALT,89,102,76
50,8,635050.5,485008.5,119.96,GRASS,80,90,66
50,9,635050.5,485009.5,119.48,GRASS,54,68,51
50,10,635050.5,485010.5,118.97,GRASS,22,33,39
50,11,635050.5,485011.5,118.4,GRASS,19,32,40
50,12,635050.5,485012.5,118.4,GRASS,20,33,42
50,13,635050.5,485013.5,117.67,GRASS,25,36,40
50,14,635050.5,485014.5,117.24,GRASS,58,74,61
50,15,635050.5,485015.5,116.66,GRASS,55,65,56
50,16,635050.5,485016.5,116.25,GRASS,64,77,59
50,17,635050.5,485017.5,116.25,GRASS,56,73,54
50,18,635050.5,485018.5,115.82,GRASS,54,66,56
50,19,635050.5,485019.5,115.42,ASPHALT,84,99,76
50,20,635050.5,485020.5,115.12,GRASS,67,78,61
50,21,635050.5,485021.5,115.12,GRASS,76,91,68
50,22,635050.5,485022.5,114.93,GRASS,53,68,49
50,23,635050.5,485023.5,114.87,ASPHALT,90,105,82
50,24,635050.5,485024.5,114.89,GRASS,48,69,54
50,25,635050.5,485025.5,114.89,GRASS,60,81,66
50,26,635050.5,485026.5,114.89,GRASS,62,79,63
50,27,635050.5,485027.5,114.82,GRASS,66,81,62
50,28,635050.5,485028.5,114.77,GRASS,72,76,62
50,29,635050.5,485029.5,114.71,CONCRETE,168,156,142
50,30,635050.5,485030.5,114.66,CONCRETE,165,156,139
50,31,635050.5,485031.5,114.66,ASPHALT,113,114,96
50,32,635050.5,485032.5,114.67,GRASS,81,86,66
50,33,635050.5,485033.5,114.63,GRASS,57,70,52
50,34,635050.5,485034.5,114.62,GRASS,85,92,74
50,35,635050.5,485035.5,114.6,CONCRETE,162,155,139
50,36,635050.5,485036.5,114.6,CONCRETE,140,131,116
50,37,635050.5,485037.5,114.56,ASPHALT,115,114,96
50,38,635050.5,485038.5,114.55,ASPHALT,100,101,83
50,39,635050.5,485039.5,114.52,GRASS,80,93,75
50,40,635050.5,485040.5,114.52,GRASS,75,90,71
50,41,635050.5,485041.5,114.49,GRASS,81,93,73
50,42,635050.5,485042.5,114.51,GRASS,80,92,70
50,43,635050.5,485043.5,114.59,GRASS,78,91,71
50,44,635050.5,485044.5,114.6,GRASS,69,82,65
50,45,635050.5,485045.5,114.6,ASPHALT,102,106,89
50,46,635050.5,485046.5,114.56,ASPHALT,97,105,84
50,47,635050.5,485047.5,114.55,GRASS,83,96,76
50,48,635050.5,485048.5,114.52,GRASS,70,83,66
50,49,635050.5,485049.5,114.52,ASPHALT,92,107,86
50,50,635050.5,485050.5,114.52,GRASS,70,83,66
50,51,635050.5,485051.5,114.49,GRASS,68,82,67
50,52,635050.5,485052.5,114.51,GRASS,81,96,77
50,53,635050.5,485053.5,114.46,ASPHALT,83,98,79
50,54,635050.5,485054.5,114.46,GRASS,72,85,67
50,55,635050.5,485055.5,114.46,ASPHALT,91,103,81
50,56,635050.5,485056.5,114.41,ASPHALT,91,103,83
50,57,635050.5,485057.5,114.43,ASPHALT,96,104,81
50,58,635050.5,485058.5,114.41,CONCRETE,135,129,113
50,59,635050.5,485059.5,114.41,ASPHALT,127,121,105
50,60,635050.5,485060.5,114.41,ASPHALT,108,111,90
50,61,635050.5,485061.5,114.37,ASPHALT,100,105,85
50,62,635050.5,485062.5,114.36,ASPHALT,99,104,84
50,63,635050.5,485063.5,114.28,ASPHALT,110,113,92
50,64,635050.5,485064.5,114.28,ASPHALT,107,110,91
50,65,635050.5,485065.5,114.32,ASPHALT,117,116,95
50,66,635050.5,485066.5,114.27,ASPHALT,108,107,87
50,67,635050.5,485067.5,114.28,ASPHALT,97,102,79
50,68,635050.5,485068.5,114.31,ASPHALT,89,97,74
50,69,635050.5,485069.5,114.31,ASPHALT,103,106,85
50,70,635050.5,485070.5,114.3,ASPHALT,102,104,83
50,71,635050.5,485071.5,114.29,ASPHALT,106,105,85
50,72,635050.5,485072.5,114.25,ASPHALT,125,118,100
50,73,635050.5,485073.5,114.21,ASPHALT,126,119,101
50,74,635050.5,485074.5,114.21,ASPHALT,121,116,96
50,75,635050.5,485075.5,114.19,ASPHALT,112,110,89
50,76,635050.5,485076.5,114.15,ASPHALT,104,108,85
50,77,635050.5,485077.5,114.13,ASPHALT,109,111,89
50,78,635050.5,485078.5,113.95,DIRT,91,93,72
50,79,635050.5,485079.5,113.95,CONCRETE,174,171,162
50,80,635050.5,485080.5,113.58,CONCRETE,147,146,141
50,81,635050.5,485081.5,113.52,GRASS,69,69,61
50,82,635050.5,485082.5,113.5,GRASS,48,48,46
50,83,635050.5,485083.5,113.5,GRASS,41,47,47
50,84,635050.5,485084.5,113.57,GRASS,39,45,45
50,85,635050.5,485085.5,113.49,GRASS,36,44,46
50,86,635050.5,485086.5,113.5,GRASS,36,44,46
50,87,635050.5,485087.5,113.53,GRASS,35,44,43
50,88,635050.5,485088.5,113.53,GRASS,35,43,45
50,89,635050.5,485089.5,113.53,GRASS,37,43,41
50,90,635050.5,485090.5,113.52,GRASS,34,43,42
50,91,635050.5,485091.5,113.5,GRASS,36,45,44
50,92,635050.5,485092.5,113.54,GRASS,34,43,42
50,93,635050.5,485093.5,113.54,GRASS,34,43,42
50,94,635050.5,485094.5,113.51,GRASS,34,43,42
50,95,635050.5,485095.5,113.5,GRASS,33,43,42
50,96,635050.5,485096.5,113.51,GRASS,37,45,47
50,97,635050.5,485097.5,113.52,GRASS,35,43,45
50,98,635050.5,485098.5,113.52,GRASS,35,43,45
50,99,635050.5,485099.5,113.52,GRASS,40,46,46
51,0,635051.5,485000.5,120.37,GRASS,55,61,47
51,1,635051.5,485001.5,120.38,GRASS,82,90,75
51,2,635051.5,485002.5,120.38,GRASS,34,44,43
51,3,635051.5,485003.5,120.36,GRASS,68,86,62
51,4,635051.5,485004.5,120.28,GRASS,49,63,46
51,5,635051.5,485005.5,120.25,GRASS,56,73,55
51,6,635051.5,485006.5,120.11,GRASS,27,39,35
51,7,635051.5,485007.5,120.11,ASPHALT,85,99,76
51,8,635051.5,485008.5,119.72,ASPHALT,92,100,77
51,9,635051.5,485009.5,119.24,GRASS,60,73,56
51,10,635051.5,485010.5,118.62,GRASS,22,31,38
51,11,635051.5,485011.5,117.82,GRASS,19,32,41
51,12,635051.5,485012.5,117.82,GRASS,21,31,40
51,13,635051.5,485013.5,117.23,GRASS,19,30,36
51,14,635051.5,485014.5,116.77,GRASS,65,81,70
51,15,635051.5,485015.5,116.35,GRASS,42,58,47
51,16,635051.5,485016.5,115.78,GRASS,68,85,66
51,17,635051.5,485017.5,115.78,GRASS,71,85,72
51,18,635051.5,485018.5,115.46,GRASS,42,52,44
51,19,635051.5,485019.5,115.14,GRASS,85,90,70
51,20,635051.5,485020.5,115.1,CONCRETE,154,152,127
51,21,635051.5,485021.5,115.1,GRASS,65,83,57
51,22,635051.5,485022.5,114.88,GRASS,58,80,59
51,23,635051.5,485023.5,114.89,GRASS,71,90,70
51,24,635051.5,485024.5,114.91,GRASS,53,74,59
51,25,635051.5,485025.5,114.87,GRASS,65,81,68
51,26,635051.5,485026.5,114.87,GRASS,68,80,68
51,27,635051.5,485027.5,114.86,ASPHALT,85,96,80
51,28,635051.5,485028.5,114.83,ASPHALT,102,103,89
51,29,635051.5,485029.5,114.73,CONCRETE,168,155,139
51,30,635051.5,485030.5,114.72,CONCRETE,164,157,138
51,31,635051.5,485031.5,114.72,ASPHALT,117,120,103
51,32,635051.5,485032.5,114.66,GRASS,81,90,71
51,33,635051.5,485033.5,114.67,GRASS,75,86,70
51,34,635051.5,485034.5,114.64,ASPHALT,90,94,79
51,35,635051.5,485035.5,114.61,ASPHALT,132,122,110
51,36,635051.5,485036.5,114.61,ASPHALT,126,120,104
51,37,635051.5,485037.5,114.58,CONCRETE,151,149,128
51,38,635051.5,485038.5,114.58,ASPHALT,94,102,79
51,39,635051.5,485039.5,114.55,GRASS,82,97,76
51,40,635051.5,485040.5,114.55,GRASS,71,84,64
51,41,635051.5,485041.5,114.53,GRASS,76,88,68
51,42,635051.5,485042.5,114.51,ASPHALT,87,99,77
51,43,635051.5,485043.5,114.59,GRASS,67,80,62
51,44,635051.5,485044.5,114.58,ASPHALT,89,98,81
51,45,635051.5,485045.5,114.58,ASPHALT,108,111,92
51,46,635051.5,485046.5,114.59,ASPHALT,92,101,82
51,47,635051.5,485047.5,114.54,GRASS,76,89,72
51,48,635051.5,485048.5,114.52,GRASS,69,82,65
51,49,635051.5,485049.5,114.5,ASPHALT,85,96,79
51,50,635051.5,485050.5,114.5,GRASS,62,76,61
51,51,635051.5,485051.5,114.49,GRASS,78,91,74
51,52,635051.5,485052.5,114.48,GRASS,81,96,77
51,53,635051.5,485053.5,114.47,GRASS,77,92,73
51,54,635051.5,485054.5,114.44,GRASS,59,74,55
51,55,635051.5,485055.5,114.44,GRASS,81,94,74
51,56,635051.5,485056.5,114.44,ASPHALT,91,103,83
51,57,635051.5,485057.5,114.41,ASPHALT,89,98,77
51,58,635051.5,485058.5,114.4,ASPHALT,120,117,100
51,59,635051.5,485059.5,114.37,ASPHALT,121,118,99
51,60,635051.5,485060.5,114.37,ASPHALT,96,99,78
51,61,635051.5,485061.5,114.36,ASPHALT,100,108,85
51,62,635051.5,485062.5,114.34,ASPHALT,97,102,82
51,63,635051.5,485063.5,114.32,ASPHALT,102,107,85
51,64,635051.5,485064.5,114.32,ASPHALT,97,102,80
51,65,635051.5,485065.5,114.29,ASPHALT,112,115,94
51,66,635051.5,485066.5,114.29,ASPHALT,107,109,87
51,67,635051.5,485067.5,114.29,ASPHALT,101,107,81
51,68,635051.5,485068.5,114.29,ASPHALT,100,105,83
51,69,635051.5,485069.5,114.29,ASPHALT,95,98,77
51,70,635051.5,485070.5,114.29,ASPHALT,107,111,88
51,71,635051.5,485071.5,114.27,ASPHALT,110,109,89
51,72,635051.5,485072.5,114.22,CONCRETE,158,151,133
51,73,635051.5,485073.5,114.2,ASPHALT,122,115,97
51,74,635051.5,485074.5,114.2,ASPHALT,108,108,84
51,75,635051.5,485075.5,114.16,ASPHALT,107,109,88
51,76,635051.5,485076.5,114.16,ASPHALT,95,98,77
51,77,635051.5,485077.5,114.11,ASPHALT,111,114,93
51,78,635051.5,485078.5,113.74,ASPHALT,119,120,104
51,79,635051.5,485079.5,113.74,CONCRETE,153,150,141
51,80,635051.5,485080.5,113.52,CONCRETE,135,136,131
51,81,635051.5,485081.5,113.46,GRASS,53,56,49
51,82,635051.5,485082.5,113.49,GRASS,45,47,46
51,83,635051.5,485083.5,113.49,GRASS,41,45,44
51,84,635051.5,485084.5,113.53,GRASS,40,49,48
51,85,635051.5,485085.5,113.52,GRASS,36,44,46
51,86,635051.5,485086.5,113.5,GRASS,35,44,43
51,87,635051.5,485087.5,113.51,GRASS,36,44,46
51,88,635051.5,485088.5,113.51,GRASS,36,45,44
51,89,635051.5,485089.5,113.51,GRASS,36,45,44
51,90,635051.5,485090.5,113.53,GRASS,34,43,42
51,91,635051.5,485091.5,113.51,GRASS,36,45,44
51,92,635051.5,485092.5,113.54,GRASS,36,45,44
51,93,635051.5,485093.5,113.54,GRASS,36,41,44
51,94,635051.5,485094.5,113.52,GRASS,35,44,43
51,95,635051.5,485095.5,113.51,GRASS,34,43,42
51,96,635051.5,485096.5,113.54,GRASS,34,42,44
51,97,635051.5,485097.5,113.51,GRASS,35,43,45
51,98,635051.5,485098.5,113.51,GRASS,34,42,44
51,99,635051.5,485099.5,113.52,GRASS,34,43,42
52,0,635052.5,485000.5,120.32,GRASS,72,76,62
52,1,635052.5,485001.5,120.3,GRASS,43,53,44
52,2,635052.5,485002.5,120.3,GRASS,30,40,42
52,3,635052.5,485003.5,120.29,GRASS,33,51,39
52,4,635052.5,485004.5,120.23,GRASS,43,62,42
52,5,635052.5,485005.5,120.16,GRASS,62,82,54
52,6,635052.5,485006.5,119.82,GRASS,66,85,65
52,7,635052.5,485007.5,119.82,GRASS,34,45,37
52,8,635052.5,485008.5,119.52,GRASS,59,69,58
52,9,635052.5,485009.5,118.99,GRASS,63,76,66
52,10,635052.5,485010.5,118.02,GRASS,30,45,42
52,11,635052.5,485011.5,117.21,GRASS,23,36,42
52,12,635052.5,485012.5,117.21,GRASS,20,30,39
52,13,635052.5,485013.5,116.78,GRASS,20,30,39
52,14,635052.5,485014.5,116.29,GRASS,22,33,39
52,15,635052.5,485015.5,115.92,GRASS,22,31,36
52,16,635052.5,485016.5,115.54,GRASS,46,59,50
52,17,635052.5,485017.5,115.54,GRASS,25,37,35
52,18,635052.5,485018.5,115.22,GRASS,54,61,53
52,19,635052.5,485019.5,115.03,GRASS,59,67,52
52,20,635052.5,485020.5,114.96,GRASS,57,64,57
52,21,635052.5,485021.5,114.96,GRASS,47,68,53
52,22,635052.5,485022.5,114.9,GRASS,58,82,60
52,23,635052.5,485023.5,114.91,GRASS,61,83,62
52,24,635052.5,485024.5,114.93,GRASS,47,67,55
52,25,635052.5,485025.5,114.91,GRASS,57,77,65
52,26,635052.5,485026.5,114.91,GRASS,59,77,61
52,27,635052.5,485027.5,114.87,GRASS,74,88,71
52,28,635052.5,485028.5,114.81,ASPHALT,88,90,76
52,29,635052.5,485029.5,114.68,CONCRETE,171,159,145
52,30,635052.5,485030.5,114.68,CONCRETE,160,153,135
52,31,635052.5,485031.5,114.68,ASPHALT,93,95,81
52,32,635052.5,485032.5,114.69,GRASS,72,83,66
52,33,635052.5,485033.5,114.66,GRASS,74,85,69
52,34,635052.5,485034.5,114.64,CONCRETE,136,134,119
52,35,635052.5,485035.5,114.61,ASPHALT,130,127,112
52,36,635052.5,485036.5,114.61,ASPHALT,113,109,97
52,37,635052.5,485037.5,114.58,ASPHALT,112,111,90
52,38,635052.5,485038.5,114.55,ASPHALT,88,102,79
52,39,635052.5,485039.5,114.55,GRASS,60,78,56
52,40,635052.5,485040.5,114.55,GRASS,78,92,75
52,41,635052.5,485041.5,114.6,GRASS,67,78,61
52,42,635052.5,485042.5,114.59,GRASS,75,87,67
52,43,635052.5,485043.5,114.55,GRASS,66,78,64
52,44,635052.5,485044.5,114.55,ASPHALT,93,102,83
52,45,635052.5,485045.5,114.55,ASPHALT,91,100,79
52,46,635052.5,485046.5,114.55,ASPHALT,87,98,81
52,47,635052.5,485047.5,114.53,GRASS,63,76,59
52,48,635052.5,485048.5,114.5,GRASS,72,85,68
52,49,635052.5,485049.5,114.49,GRASS,72,89,71
52,50,635052.5,485050.5,114.49,GRASS,68,85,67
52,51,635052.5,485051.5,114.48,GRASS,72,86,69
52,52,635052.5,485052.5,114.47,GRASS,61,78,62
52,53,635052.5,485053.5,114.49,GRASS,76,91,72
52,54,635052.5,485054.5,114.43,GRASS,61,76,57
52,55,635052.5,485055.5,114.43,GRASS,78,91,73
52,56,635052.5,485056.5,114.41,GRASS,79,92,72
52,57,635052.5,485057.5,114.39,ASPHALT,96,105,84
52,58,635052.5,485058.5,114.38,ASPHALT,123,117,101
52,59,635052.5,485059.5,114.37,ASPHALT,128,123,104
52,60,635052.5,485060.5,114.37,ASPHALT,101,104,83
52,61,635052.5,485061.5,114.38,ASPHALT,112,120,99
52,62,635052.5,485062.5,114.37,ASPHALT,98,108,84
52,63,635052.5,485063.5,114.31,ASPHALT,90,100,76
52,64,635052.5,485064.5,114.31,ASPHALT,105,113,89
52,65,635052.5,485065.5,114.31,ASPHALT,101,106,83
52,66,635052.5,485066.5,114.27,ASPHALT,101,106,83
52,67,635052.5,485067.5,114.26,ASPHALT,103,108,85
52,68,635052.5,485068.5,114.28,ASPHALT,91,101,77
52,69,635052.5,485069.5,114.28,ASPHALT,89,97,74
52,70,635052.5,485070.5,114.25,ASPHALT,96,98,77
52,71,635052.5,485071.5,114.24,ASPHALT,124,119,100
52,72,635052.5,485072.5,114.24,ASPHALT,126,121,102
52,73,635052.5,485073.5,114.18,ASPHALT,112,114,93
52,74,635052.5,485074.5,114.18,ASPHALT,100,105,85
52,75,635052.5,485075.5,114.1,ASPHALT,99,97,84
52,76,635052.5,485076.5,114.15,ASPHALT,102,106,83
52,77,635052.5,485077.5,113.92,ASPHALT,98,99,81
52,78,635052.5,485078.5,113.58,CONCRETE,165,163,151
52,79,635052.5,485079.5,113.58,CONCRETE,144,145,139
52,80,635052.5,485080.5,113.54,GRASS,62,63,57
52,81,635052.5,485081.5,113.48,GRASS,43,48,44
52,82,635052.5,485082.5,113.5,GRASS,41,47,47
52,83,635052.5,485083.5,113.5,GRASS,47,53,53
52,84,635052.5,485084.5,113.53,GRASS,35,43,45
52,85,635052.5,485085.5,113.54,GRASS,36,45,44
52,86,635052.5,485086.5,113.52,GRASS,37,42,45
52,87,635052.5,485087.5,113.52,GRASS,35,43,45
52,88,635052.5,485088.5,113.52,GRASS,35,43,45
52,89,635052.5,485089.5,113.55,GRASS,38,44,44
52,90,635052.5,485090.5,113.55,GRASS,35,44,43
52,91,635052.5,485091.5,113.53,GRASS,35,44,43
52,92,635052.5,485092.5,113.53,GRASS,35,43,45
52,93,635052.5,485093.5,113.53,GRASS,35,41,41
52,94,635052.5,485094.5,113.54,GRASS,35,43,45
52,95,635052.5,485095.5,113.52,GRASS,35,43,45
52,96,635052.5,485096.5,113.51,GRASS,33,42,41
52,97,635052.5,485097.5,113.5,GRASS,36,44,46
52,98,635052.5,485098.5,113.5,GRASS,37,45,47
52,99,635052.5,485099.5,113.5,GRASS,35,43,45
53,0,635053.5,485000.5,120.25,GRASS,74,80,66
53,1,635053.5,485001.5,120.37,GRASS,45,52,44
53,2,635053.5,485002.5,120.37,GRASS,31,42,36
53,3,635053.5,485003.5,120.22,GRASS,34,46,44
53,4,635053.5,485004.5,120.19,GRASS,29,47,31
53,5,635053.5,485005.5,119.9,GRASS,51,71,46
53,6,635053.5,485006.5,119.79,GRASS,51,66,43
53,7,635053.5,485007.5,119.79,GRASS,72,86,71
53,8,635053.5,485008.5,119.39,GRASS,53,67,54
53,9,635053.5,485009.5,118.48,GRASS,75,89,76
53,10,635053.5,485010.5,117.55,GRASS,35,43,45
53,11,635053.5,485011.5,116.85,GRASS,35,43,45
53,12,635053.5,485012.5,116.85,GRASS,43,52,51
53,13,635053.5,485013.5,116.36,GRASS,29,39,41
53,14,635053.5,485014.5,115.89,GRASS,28,41,49
53,15,635053.5,485015.5,115.49,GRASS,25,39,42
53,16,635053.5,485016.5,115.21,GRASS,39,51,51
53,17,635053.5,485017.5,115.21,GRASS,23,34,38
53,18,635053.5,485018.5,114.99,GRASS,23,30,36
53,19,635053.5,485019.5,114.99,GRASS,21,30,35
53,20,635053.5,485020.5,114.94,GRASS,23,34,36
53,21,635053.5,485021.5,114.94,GRASS,35,52,46
53,22,635053.5,485022.5,114.93,GRASS,57,80,60
53,23,635053.5,485023.5,114.96,GRASS,58,79,60
53,24,635053.5,485024.5,114.97,GRASS,39,59,47
53,25,635053.5,485025.5,114.83,GRASS,61,79,67
53,26,635053.5,485026.5,114.83,GRASS,58,75,56
53,27,635053.5,485027.5,114.85,GRASS,77,90,72
53,28,635053.5,485028.5,114.79,ASPHALT,124,122,110
53,29,635053.5,485029.5,114.74,CONCRETE,168,156,140
53,30,635053.5,485030.5,114.69,ASPHALT,118,115,96
53,31,635053.5,485031.5,114.69,ASPHALT,93,100,82
53,32,635053.5,485032.5,114.67,GRASS,72,84,64
53,33,635053.5,485033.5,114.67,GRASS,72,83,67
53,34,635053.5,485034.5,114.65,ASPHALT,114,112,97
53,35,635053.5,485035.5,114.65,CONCRETE,137,135,120
53,36,635053.5,485036.5,114.65,CONCRETE,146,140,126
53,37,635053.5,485037.5,114.59,ASPHALT,89,99,75
53,38,635053.5,485038.5,114.58,GRASS,70,83,63
53,39,635053.5,485039.5,114.6,ASPHALT,88,103,82
53,40,635053.5,485040.5,114.6,GRASS,71,88,69
53,41,635053.5,485041.5,114.59,ASPHALT,86,98,78
53,42,635053.5,485042.5,114.58,GRASS,79,92,74
53,43,635053.5,485043.5,114.55,GRASS,72,83,67
53,44,635053.5,485044.5,114.52,ASPHALT,107,115,94
53,45,635053.5,485045.5,114.52,ASPHALT,89,101,81
53,46,635053.5,485046.5,114.53,GRASS,66,77,60
53,47,635053.5,485047.5,114.51,GRASS,63,76,59
53,48,635053.5,485048.5,114.51,GRASS,73,90,72
53,49,635053.5,485049.5,114.51,GRASS,68,81,63
53,50,635053.5,485050.5,114.51,GRASS,72,85,67
53,51,635053.5,485051.5,114.49,GRASS,55,69,54
53,52,635053.5,485052.5,114.46,GRASS,54,71,53
53,53,635053.5,485053.5,114.46,GRASS,70,84,67
53,54,635053.5,485054.5,114.4,GRASS,49,63,46
53,55,635053.5,485055.5,114.4,GRASS,78,91,73
53,56,635053.5,485056.5,114.4,ASPHALT,89,101,81
53,57,635053.5,485057.5,114.37,ASPHALT,94,103,82
53,58,635053.5,485058.5,114.37,ASPHALT,121,120,100
53,59,635053.5,485059.5,114.41,ASPHALT,130,127,108
53,60,635053.5,485060.5,114.41,ASPHALT,102,107,85
53,61,635053.5,485061.5,114.37,ASPHALT,97,107,83
53,62,635053.5,485062.5,114.35,ASPHALT,87,99,77
53,63,635053.5,485063.5,114.33,ASPHALT,97,109,85
53,64,635053.5,485064.5,114.33,ASPHALT,103,111,87
53,65,635053.5,485065.5,114.32,ASPHALT,108,113,90
53,66,635053.5,485066.5,114.28,ASPHALT,104,108,85
53,67,635053.5,485067.5,114.28,ASPHALT,109,113,90
53,68,635053.5,485068.5,114.25,GRASS,86,95,74
53,69,635053.5,485069.5,114.25,ASPHALT,92,102,78
53,70,635053.5,485070.5,114.22,ASPHALT,116,115,95
53,71,635053.5,485071.5,114.22,CONCRETE,153,146,128
53,72,635053.5,485072.5,114.21,ASPHALT,118,113,93
53,73,635053.5,485073.5,114.14,ASPHALT,99,104,84
53,74,635053.5,485074.5,114.14,GRASS,81,90,71
53,75,635053.5,485075.5,114.15,ASPHALT,106,108,87
53,76,635053.5,485076.5,114.05,ASPHALT,113,112,91
53,77,635053.5,485077.5,113.71,CONCRETE,170,168,155
53,78,635053.5,485078.5,113.5,CONCRETE,147,144,137
53,79,635053.5,485079.5,113.5,ASPHALT,127,126,121
53,80,635053.5,485080.5,113.53,GRASS,53,54,49
53,81,635053.5,485081.5,113.52,GRASS,42,46,45
53,82,635053.5,485082.5,113.52,GRASS,38,44,44
53,83,635053.5,485083.5,113.52,GRASS,35,43,45
53,84,635053.5,485084.5,113.51,GRASS,37,45,47
53,85,635053.5,485085.5,113.53,GRASS,38,43,46
53,86,635053.5,485086.5,113.53,GRASS,35,44,43
53,87,635053.5,485087.5,113.52,GRASS,38,43,46
53,88,635053.5,485088.5,113.52,GRASS,35,44,41
53,89,635053.5,485089.5,113.48,GRASS,36,44,46
53,90,635053.5,485090.5,113.52,GRASS,37,45,47
53,91,635053.5,485091.5,113.53,GRASS,35,44,43
53,92,635053.5,485092.5,113.53,GRASS,35,43,45
53,93,635053.5,485093.5,113.53,GRASS,37,43,43
53,94,635053.5,485094.5,113.53,GRASS,36,42,42
53,95,635053.5,485095.5,113.52,GRASS,34,43,42
53,96,635053.5,485096.5,113.5,GRASS,34,42,44
53,97,635053.5,485097.5,113.49,GRASS,35,43,45
53,98,635053.5,485098.5,113.49,GRASS,38,47,46
53,99,635053.5,485099.5,113.49,GRASS,35,43,45
54,0,635054.5,485000.5,120.25,GRASS,67,75,60
54,1,635054.5,485001.5,120.24,GRASS,40,50,42
54,2,635054.5,485002.5,120.24,GRASS,51,62,56
54,3,635054.5,485003.5,120.21,GRASS,28,40,30
54,4,635054.5,485004.5,119.97,GRASS,43,57,40
54,5,635054.5,485005.5,119.84,GRASS,62,77,54
54,6,635054.5,485006.5,119.55,GRASS,49,68,48
54,7,635054.5,485007.5,119.55,GRASS,32,38,36
54,8,635054.5,485008.5,118.75,GRASS,54,59,55
54,9,635054.5,485009.5,117.87,GRASS,59,70,54
54,10,635054.5,485010.5,117.09,GRASS,72,83,69
54,11,635054.5,485011.5,116.48,GRASS,72,86,63
54,12,635054.5,485012.5,116.48,GRASS,58,70,60
54,13,635054.5,485013.5,116.11,GRASS,26,35,42
54,14,635054.5,485014.5,115.63,GRASS,33,42,47
54,15,635054.5,485015.5,115.09,GRASS,22,32,41
54,16,635054.5,485016.5,114.96,GRASS,31,42,46
54,17,635054.5,485017.5,114.96,GRASS,24,35,41
54,18,635054.5,485018.5,114.96,GRASS,19,32,40
54,19,635054.5,485019.5,114.96,GRASS,22,35,43
54,20,635054.5,485020.5,114.89,GRASS,29,45,45
54,21,635054.5,485021.5,114.89,GRASS,37,58,49
54,22,635054.5,485022.5,114.9,GRASS,47,65,51
54,23,635054.5,485023.5,114.93,GRASS,57,78,59
54,24,635054.5,485024.5,114.92,GRASS,48,71,55
54,25,635054.5,485025.5,114.79,GRASS,57,78,63
54,26,635054.5,485026.5,114.79,ASPHALT,86,104,82
54,27,635054.5,485027.5,114.81,ASPHALT,91,102,85
54,28,635054.5,485028.5,114.75,ASPHALT,117,110,100
54,29,635054.5,485029.5,114.74,CONCRETE,168,156,142
54,30,635054.5,485030.5,114.69,ASPHALT,108,107,89
54,31,635054.5,485031.5,114.69,GRASS,76,88,68
54,32,635054.5,485032.5,114.67,GRASS,80,91,75
54,33,635054.5,485033.5,114.68,ASPHALT,90,93,76
54,34,635054.5,485034.5,114.68,ASPHALT,100,101,85
54,35,635054.5,485035.5,114.62,CONCRETE,152,146,132
54,36,635054.5,485036.5,114.62,CONCRETE,161,156,137
54,37,635054.5,485037.5,114.61,GRASS,81,94,77
54,38,635054.5,485038.5,114.55,GRASS,80,95,76
54,39,635054.5,485039.5,114.6,GRASS,73,90,71
54,40,635054.5,485040.5,114.6,GRASS,72,95,69
54,41,635054.5,485041.5,114.6,GRASS,79,97,73
54,42,635054.5,485042.5,114.56,ASPHALT,83,97,80
54,43,635054.5,485043.5,114.54,ASPHALT,98,107,86
54,44,635054.5,485044.5,114.53,ASPHALT,87,99,79
54,45,635054.5,485045.5,114.53,GRASS,70,83,63
54,46,635054.5,485046.5,114.53,ASPHALT,83,96,78
54,47,635054.5,485047.5,114.52,GRASS,64,78,61
54,48,635054.5,485048.5,114.54,GRASS,78,92,77
54,49,635054.5,485049.5,114.48,GRASS,68,82,67
54,50,635054.5,485050.5,114.48,GRASS,71,85,68
54,51,635054.5,485051.5,114.48,GRASS,76,90,75
54,52,635054.5,485052.5,114.48,GRASS,80,94,77
54,53,635054.5,485053.5,114.47,GRASS,77,91,74
54,54,635054.5,485054.5,114.44,GRASS,78,95,77
54,55,635054.5,485055.5,114.44,GRASS,71,84,67
54,56,635054.5,485056.5,114.39,ASPHALT,83,96,78
54,57,635054.5,485057.5,114.35,ASPHALT,97,107,83
54,58,635054.5,485058.5,114.38,ASPHALT,119,116,97
54,59,635054.5,485059.5,114.37,ASPHALT,132,129,110
54,60,635054.5,485060.5,114.37,ASPHALT,110,118,94
54,61,635054.5,485061.5,114.37,ASPHALT,99,104,82
54,62,635054.5,485062.5,114.36,ASPHALT,93,103,79
54,63,635054.5,485063.5,114.32,ASPHALT,96,108,84
54,64,635054.5,485064.5,114.32,ASPHALT,102,114,90
54,65,635054.5,485065.5,114.28,ASPHALT,99,111,87
54,66,635054.5,485066.5,114.3,ASPHALT,96,104,81
54,67,635054.5,485067.5,114.27,ASPHALT,96,104,81
54,68,635054.5,485068.5,114.24,ASPHALT,98,103,81
54,69,635054.5,485069.5,114.24,ASPHALT,103,105,84
54,70,635054.5,485070.5,114.24,ASPHALT,129,122,104
54,71,635054.5,485071.5,114.16,ASPHALT,130,123,105
54,72,635054.5,485072.5,114.17,ASPHALT,102,105,84
54,73,635054.5,485073.5,114.16,GRASS,68,77,60
54,74,635054.5,485074.5,114.16,ASPHALT,112,114,93
54,75,635054.5,485075.5,114.13,ASPHALT,101,103,82
54,76,635054.5,485076.5,113.9,ASPHALT,113,108,89
54,77,635054.5,485077.5,113.53,CONCRETE,151,149,137
54,78,635054.5,485078.5,113.53,CONCRETE,147,144,135
54,79,635054.5,485079.5,113.53,GRASS,60,61,55
54,80,635054.5,485080.5,113.53,GRASS,43,48,44
54,81,635054.5,485081.5,113.51,GRASS,40,45,48
54,82,635054.5,485082.5,113.51,GRASS,42,48,48
54,83,635054.5,485083.5,113.51,GRASS,37,45,47
54,84,635054.5,485084.5,113.51,GRASS,37,45,47
54,85,635054.5,485085.5,113.51,GRASS,38,44,44
54,86,635054.5,485086.5,113.51,GRASS,35,43,45
54,87,635054.5,485087.5,113.51,GRASS,35,44,43
54,88,635054.5,485088.5,113.51,GRASS,36,41,44
54,89,635054.5,485089.5,113.5,GRASS,35,43,45
54,90,635054.5,485090.5,113.5,GRASS,35,43,45
54,91,635054.5,485091.5,113.51,GRASS,34,43,42
54,92,635054.5,485092.5,113.52,GRASS,35,44,43
54,93,635054.5,485093.5,113.52,GRASS,34,42,44
54,94,635054.5,485094.5,113.53,GRASS,35,44,43
54,95,635054.5,485095.5,113.52,GRASS,34,44,43
54,96,635054.5,485096.5,113.5,GRASS,33,41,43
54,97,635054.5,485097.5,113.51,GRASS,34,42,44
54,98,635054.5,485098.5,113.51,GRASS,34,43,42
54,99,635054.5,485099.5,113.52,GRASS,33,42,41
55,0,635055.5,485000.5,120.13,GRASS,67,75,60
55,1,635055.5,485001.5,120.19,GRASS,48,55,47
55,2,635055.5,485002.5,120.19,GRASS,47,56,53
55,3,635055.5,485003.5,120.12,GRASS,48,55,48
55,4,635055.5,485004.5,119.94,GRASS,38,48,40
55,5,635055.5,485005.5,119.47,GRASS,72,83,67
55,6,635055.5,485006.5,118.87,GRASS,47,59,49
55,7,635055.5,485007.5,118.87,GRASS,42,48,48
55,8,635055.5,485008.5,118.19,GRASS,56,66,57
55,9,635055.5,485009.5,117.41,GRASS,67,70,59
55,10,635055.5,485010.5,116.61,GRASS,66,75,58
55,11,635055.5,485011.5,116.2,GRASS,80,83,72
55,12,635055.5,485012.5,116.2,GRASS,50,52,51
55,13,635055.5,485013.5,115.75,GRASS,45,53,56
55,14,635055.5,485014.5,115.34,GRASS,52,60,63
55,15,635055.5,485015.5,115.04,GRASS,30,44,44
55,16,635055.5,485016.5,114.95,GRASS,30,42,42
55,17,635055.5,485017.5,114.95,GRASS,25,39,42
55,18,635055.5,485018.5,114.99,GRASS,31,45,48
55,19,635055.5,485019.5,114.92,GRASS,19,32,38
55,20,635055.5,485020.5,114.88,GRASS,25,39,42
55,21,635055.5,485021.5,114.88,GRASS,32,48,45
55,22,635055.5,485022.5,114.9,GRASS,49,70,55
55,23,635055.5,485023.5,114.85,GRASS,60,78,62
55,24,635055.5,485024.5,114.82,GRASS,64,85,66
55,25,635055.5,485025.5,114.8,GRASS,50,68,54
55,26,635055.5,485026.5,114.8,GRASS,73,90,71
55,27,635055.5,485027.5,114.76,GRASS,74,87,70
55,28,635055.5,485028.5,114.73,CONCRETE,166,159,143
55,29,635055.5,485029.5,114.71,CONCRETE,164,155,140
55,30,635055.5,485030.5,114.7,ASPHALT,107,108,92
55,31,635055.5,485031.5,114.7,GRASS,70,84,69
55,32,635055.5,485032.5,114.69,ASPHALT,84,95,81
55,33,635055.5,485033.5,114.63,CONCRETE,152,151,133
55,34,635055.5,485034.5,114.65,ASPHALT,108,109,91
55,35,635055.5,485035.5,114.61,ASPHALT,130,124,108
55,36,635055.5,485036.5,114.61,CONCRETE,153,150,133
55,37,635055.5,485037.5,114.56,ASPHALT,84,101,82
55,38,635055.5,485038.5,114.56,GRASS,52,68,55
55,39,635055.5,485039.5,114.59,GRASS,56,73,57
55,40,635055.5,485040.5,114.59,GRASS,78,95,77
55,41,635055.5,485041.5,114.54,GRASS,47,65,53
55,42,635055.5,485042.5,114.55,ASPHALT,92,104,84
55,43,635055.5,485043.5,114.6,ASPHALT,96,108,84
55,44,635055.5,485044.5,114.56,GRASS,78,93,74
55,45,635055.5,485045.5,114.56,GRASS,75,92,73
55,46,635055.5,485046.5,114.55,GRASS,74,88,73
55,47,635055.5,485047.5,114.52,GRASS,69,86,70
55,48,635055.5,485048.5,114.52,GRASS,63,80,62
55,49,635055.5,485049.5,114.52,GRASS,77,91,74
55,50,635055.5,485050.5,114.52,GRASS,68,82,65
55,51,635055.5,485051.5,114.48,GRASS,72,85,65
55,52,635055.5,485052.5,114.47,GRASS,68,83,64
55,53,635055.5,485053.5,114.42,GRASS,71,84,66
55,54,635055.5,485054.5,114.4,GRASS,81,96,75
55,55,635055.5,485055.5,114.4,GRASS,73,87,72
55,56,635055.5,485056.5,114.4,ASPHALT,85,99,76
55,57,635055.5,485057.5,114.39,ASPHALT,101,109,88
55,58,635055.5,485058.5,114.36,CONCRETE,149,141,128
55,59,635055.5,485059.5,114.34,ASPHALT,114,111,92
55,60,635055.5,485060.5,114.34,ASPHALT,107,115,92
55,61,635055.5,485061.5,114.32,ASPHALT,103,111,88
55,62,635055.5,485062.5,114.32,GRASS,88,98,73
55,63,635055.5,485063.5,114.31,ASPHALT,95,105,80
55,64,635055.5,485064.5,114.31,ASPHALT,92,102,77
55,65,635055.5,485065.5,114.29,ASPHALT,88,102,77
55,66,635055.5,485066.5,114.27,ASPHALT,95,105,80
55,67,635055.5,485067.5,114.28,ASPHALT,101,109,86
55,68,635055.5,485068.5,114.24,ASPHALT,103,105,83
55,69,635055.5,485069.5,114.24,ASPHALT,116,113,94
55,70,635055.5,485070.5,114.22,CONCRETE,158,151,133
55,71,635055.5,485071.5,114.19,ASPHALT,127,122,102
55,72,635055.5,485072.5,114.13,ASPHALT,109,111,90
55,73,635055.5,485073.5,114.14,GRASS,70,82,62
55,74,635055.5,485074.5,114.14,ASPHALT,110,109,88
55,75,635055.5,485075.5,114.04,DIRT,99,96,77
55,76,635055.5,485076.5,113.65,CONCRETE,175,173,160
55,77,635055.5,485077.5,113.53,CONCRETE,150,147,138
55,78,635055.5,485078.5,113.51,ASPHALT,125,125,117
55,79,635055.5,485079.5,113.51,GRASS,51,52,47
55,80,635055.5,485080.5,113.51,GRASS,41,47,47
55,81,635055.5,485081.5,113.51,GRASS,40,46,46
55,82,635055.5,485082.5,113.52,GRASS,38,43,46
55,83,635055.5,485083.5,113.52,GRASS,35,44,43
55,84,635055.5,485084.5,113.52,GRASS,36,45,44
55,85,635055.5,485085.5,113.52,GRASS,35,45,44
55,86,635055.5,485086.5,113.52,GRASS,35,44,43
55,87,635055.5,485087.5,113.52,GRASS,35,44,43
55,88,635055.5,485088.5,113.52,GRASS,35,43,45
55,89,635055.5,485089.5,113.53,GRASS,35,44,43
55,90,635055.5,485090.5,113.49,GRASS,34,43,42
55,91,635055.5,485091.5,113.52,GRASS,35,44,43
55,92,635055.5,485092.5,113.5,GRASS,35,43,45
55,93,635055.5,485093.5,113.5,GRASS,35,44,43
55,94,635055.5,485094.5,113.53,GRASS,35,44,43
55,95,635055.5,485095.5,113.52,GRASS,41,49,51
55,96,635055.5,485096.5,113.53,GRASS,35,44,43
55,97,635055.5,485097.5,113.52,GRASS,35,44,43
55,98,635055.5,485098.5,113.52,GRASS,34,43,42
55,99,635055.5,485099.5,113.52,GRASS,33,41,43
56,0,635056.5,485000.5,120.15,GRASS,55,63,48
56,1,635056.5,485001.5,120.02,GRASS,55,61,51
56,2,635056.5,485002.5,120.02,GRASS,34,43,40
56,3,635056.5,485003.5,120.01,GRASS,30,41,37
56,4,635056.5,485004.5,119.78,GRASS,33,42,37
56,5,635056.5,485005.5,118.98,GRASS,29,43,44
56,6,635056.5,485006.5,118.28,GRASS,34,45,49
56,7,635056.5,485007.5,118.28,GRASS,42,50,53
56,8,635056.5,485008.5,117.55,ASPHALT,83,89,79
56,9,635056.5,485009.5,116.96,GRASS,56,61,55
56,10,635056.5,485010.5,116.4,ASPHALT,90,92,79
56,11,635056.5,485011.5,115.82,ASPHALT,85,100,77
56,12,635056.5,485012.5,115.82,GRASS,76,89,72
56,13,635056.5,485013.5,115.46,GRASS,48,59,51
56,14,635056.5,485014.5,115.04,GRASS,44,55,47
56,15,635056.5,485015.5,114.97,GRASS,42,55,45
56,16,635056.5,485016.5,114.93,GRASS,58,70,60
56,17,635056.5,485017.5,114.93,GRASS,30,40,41
56,18,635056.5,485018.5,114.93,GRASS,27,43,42
56,19,635056.5,485019.5,114.85,GRASS,27,43,42
56,20,635056.5,485020.5,114.89,GRASS,42,59,51
56,21,635056.5,485021.5,114.89,GRASS,60,78,64
56,22,635056.5,485022.5,114.82,GRASS,74,93,73
56,23,635056.5,485023.5,114.84,GRASS,53,71,55
56,24,635056.5,485024.5,114.81,GRASS,77,89,75
56,25,635056.5,485025.5,114.79,GRASS,79,96,77
56,26,635056.5,485026.5,114.79,ASPHALT,83,94,77
56,27,635056.5,485027.5,114.78,GRASS,72,83,67
56,28,635056.5,485028.5,114.78,CONCRETE,161,150,132
56,29,635056.5,485029.5,114.67,CONCRETE,166,157,140
56,30,635056.5,485030.5,114.64,ASPHALT,85,92,76
56,31,635056.5,485031.5,114.64,GRASS,68,80,66
56,32,635056.5,485032.5,114.65,GRASS,69,77,62
56,33,635056.5,485033.5,114.61,ASPHALT,97,98,82
56,34,635056.5,485034.5,114.61,ASPHALT,107,108,90
56,35,635056.5,485035.5,114.53,ASPHALT,114,113,95
56,36,635056.5,485036.5,114.53,ASPHALT,111,114,95
56,37,635056.5,485037.5,114.56,ASPHALT,82,97,78
56,38,635056.5,485038.5,114.56,GRASS,64,80,67
56,39,635056.5,485039.5,114.56,GRASS,75,89,74
56,40,635056.5,485040.5,114.56,GRASS,70,84,69
56,41,635056.5,485041.5,114.55,GRASS,49,63,50
56,42,635056.5,485042.5,114.54,ASPHALT,112,116,99
56,43,635056.5,485043.5,114.55,GRASS,80,93,73
56,44,635056.5,485044.5,114.56,ASPHALT,81,98,79
56,45,635056.5,485045.5,114.56,ASPHALT,88,103,84
56,46,635056.5,485046.5,114.51,GRASS,81,94,76
56,47,635056.5,485047.5,114.5,GRASS,77,94,76
56,48,635056.5,485048.5,114.48,GRASS,59,73,56
56,49,635056.5,485049.5,114.54,GRASS,63,75,61
56,50,635056.5,485050.5,114.54,ASPHALT,87,102,81
56,51,635056.5,485051.5,114.48,GRASS,64,77,57
56,52,635056.5,485052.5,114.48,GRASS,69,80,64
56,53,635056.5,485053.5,114.43,GRASS,77,92,73
56,54,635056.5,485054.5,114.39,GRASS,80,93,75
56,55,635056.5,485055.5,114.39,GRASS,69,83,66
56,56,635056.5,485056.5,114.39,GRASS,80,91,74
56,57,635056.5,485057.5,114.35,ASPHALT,95,103,80
56,58,635056.5,485058.5,114.36,ASPHALT,127,120,104
56,59,635056.5,485059.5,114.31,ASPHALT,107,106,88
56,60,635056.5,485060.5,114.31,ASPHALT,98,108,84
56,61,635056.5,485061.5,114.31,ASPHALT,87,99,77
56,62,635056.5,485062.5,114.29,ASPHALT,92,104,82
56,63,635056.5,485063.5,114.26,ASPHALT,94,106,82
56,64,635056.5,485064.5,114.26,ASPHALT,93,105,81
56,65,635056.5,485065.5,114.25,GRASS,72,85,67
56,66,635056.5,485066.5,114.29,GRASS,84,98,73
56,67,635056.5,485067.5,114.22,ASPHALT,101,109,85
56,68,635056.5,485068.5,114.21,ASPHALT,109,113,90
56,69,635056.5,485069.5,114.21,ASPHALT,131,126,106
56,70,635056.5,485070.5,114.2,ASPHALT,120,117,98
56,71,635056.5,485071.5,114.16,ASPHALT,100,103,84
56,72,635056.5,485072.5,114.16,ASPHALT,114,109,89
56,73,635056.5,485073.5,114.14,ASPHALT,108,110,88
56,74,635056.5,485074.5,114.14,ASPHALT,105,107,83
56,75,635056.5,485075.5,113.87,ASPHALT,104,105,87
56,76,635056.5,485076.5,113.55,CONCRETE,145,142,135
56,77,635056.5,485077.5,113.51,CONCRETE,143,142,137
56,78,635056.5,485078.5,113.51,GRASS,58,57,52
56,79,635056.5,485079.5,113.51,GRASS,44,49,45
56,80,635056.5,485080.5,113.52,GRASS,37,45,47
56,81,635056.5,485081.5,113.52,GRASS,36,45,44
56,82,635056.5,485082.5,113.52,GRASS,34,44,45
56,83,635056.5,485083.5,113.52,GRASS,38,44,44
56,84,635056.5,485084.5,113.52,GRASS,35,44,43
56,85,635056.5,485085.5,113.52,GRASS,35,44,43
56,86,635056.5,485086.5,113.52,GRASS,35,44,43
56,87,635056.5,485087.5,113.52,GRASS,34,43,40
56,88,635056.5,485088.5,113.52,GRASS,36,41,44
56,89,635056.5,485089.5,113.54,GRASS,35,44,43
56,90,635056.5,485090.5,113.53,GRASS,35,43,45
56,91,635056.5,485091.5,113.53,GRASS,36,42,42
56,92,635056.5,485092.5,113.53,GRASS,33,41,43
56,93,635056.5,485093.5,113.53,GRASS,34,42,44
56,94,635056.5,485094.5,113.5,GRASS,39,48,47
56,95,635056.5,485095.5,113.53,GRASS,34,42,44
56,96,635056.5,485096.5,113.52,GRASS,34,42,44
56,97,635056.5,485097.5,113.52,GRASS,36,45,44
56,98,635056.5,485098.5,113.52,GRASS,34,43,42
56,99,635056.5,485099.5,113.5,GRASS,33,41,43
57,0,635057.5,485000.5,120.15,ASPHALT,85,92,76
57,1,635057.5,485001.5,120.02,GRASS,56,62,50
57,2,635057.5,485002.5,120.02,GRASS,53,63,54
57,3,635057.5,485003.5,120.01,GRASS,30,43,36
57,4,635057.5,485004.5,119.78,GRASS,53,64,60
57,5,635057.5,485005.5,118.98,GRASS,28,44,43
57,6,635057.5,485006.5,118.28,GRASS,34,46,46
57,7,635057.5,485007.5,118.28,GRASS,29,38,37
57,8,635057.5,485008.5,117.55,GRASS,41,47,45
57,9,635057.5,485009.5,116.96,GRASS,64,69,63
57,10,635057.5,485010.5,116.4,GRASS,55,60,53
57,11,635057.5,485011.5,115.82,GRASS,72,73,65
57,12,635057.5,485012.5,115.82,GRASS,55,62,55
57,13,635057.5,485013.5,115.46,GRASS,50,62,52
57,14,635057.5,485014.5,115.04,GRASS,58,69,55
57,15,635057.5,485015.5,114.97,GRASS,57,68,52
57,16,635057.5,485016.5,114.93,GRASS,49,63,50
57,17,635057.5,485017.5,114.93,GRASS,38,58,49
57,18,635057.5,485018.5,114.93,GRASS,34,49,42
57,19,635057.5,485019.5,114.85,GRASS,49,72,54
57,20,635057.5,485020.5,114.89,GRASS,43,64,49
57,21,635057.5,485021.5,114.89,GRASS,57,75,61
57,22,635057.5,485022.5,114.82,GRASS,69,91,68
57,23,635057.5,485023.5,114.84,GRASS,51,72,57
57,24,635057.5,485024.5,114.81,GRASS,78,88,77
57,25,635057.5,485025.5,114.79,GRASS,76,93,75
57,26,635057.5,485026.5,114.79,ASPHALT,89,102,84
57,27,635057.5,485027.5,114.78,ASPHALT,118,119,103
57,28,635057.5,485028.5,114.78,CONCRETE,164,152,140
57,29,635057.5,485029.5,114.67,CONCRETE,155,148,132
57,30,635057.5,485030.5,114.64,ASPHALT,96,105,88
57,31,635057.5,485031.5,114.64,GRASS,71,84,66
57,32,635057.5,485032.5,114.65,ASPHALT,92,96,81
57,33,635057.5,485033.5,114.61,ASPHALT,94,97,78
57,34,635057.5,485034.5,114.61,ASPHALT,103,106,87
57,35,635057.5,485035.5,114.53,ASPHALT,99,100,82
57,36,635057.5,485036.5,114.53,ASPHALT,101,104,85
57,37,635057.5,485037.5,114.56,GRASS,78,92,75
57,38,635057.5,485038.5,114.56,GRASS,43,61,47
57,39,635057.5,485039.5,114.56,GRASS,70,84,71
57,40,635057.5,485040.5,114.56,GRASS,66,84,68
57,41,635057.5,485041.5,114.55,ASPHALT,90,103,86
57,42,635057.5,485042.5,114.54,ASPHALT,90,99,80
57,43,635057.5,485043.5,114.55,GRASS,66,79,62
57,44,635057.5,485044.5,114.56,ASPHALT,88,103,84
57,45,635057.5,485045.5,114.56,GRASS,73,86,69
57,46,635057.5,485046.5,114.51,GRASS,57,71,54
57,47,635057.5,485047.5,114.5,GRASS,66,83,67
57,48,635057.5,485048.5,114.48,GRASS,72,86,69
57,49,635057.5,485049.5,114.54,GRASS,63,71,56
57,50,635057.5,485050.5,114.54,ASPHALT,83,98,79
57,51,635057.5,485051.5,114.48,GRASS,75,88,70
57,52,635057.5,485052.5,114.48,GRASS,68,81,63
57,53,635057.5,485053.5,114.43,GRASS,71,84,66
57,54,635057.5,485054.5,114.39,ASPHALT,88,101,81
57,55,635057.5,485055.5,114.39,GRASS,72,87,66
57,56,635057.5,485056.5,114.39,ASPHALT,84,97,79
57,57,635057.5,485057.5,114.35,ASPHALT,108,110,89
57,58,635057.5,485058.5,114.36,ASPHALT,132,125,109
57,59,635057.5,485059.5,114.31,ASPHALT,116,115,95
57,60,635057.5,485060.5,114.31,GRASS,87,97,73
57,61,635057.5,485061.5,114.31,ASPHALT,85,99,76
57,62,635057.5,485062.5,114.29,ASPHALT,88,100,78
57,63,635057.5,485063.5,114.26,ASPHALT,91,103,79
57,64,635057.5,485064.5,114.26,ASPHALT,99,111,87
57,65,635057.5,485065.5,114.25,ASPHALT,98,108,84
57,66,635057.5,485066.5,114.29,ASPHALT,94,104,80
57,67,635057.5,485067.5,114.22,ASPHALT,98,106,82
57,68,635057.5,485068.5,114.21,ASPHALT,128,123,104
57,69,635057.5,485069.5,114.21,CONCRETE,143,138,119
57,70,635057.5,485070.5,114.2,ASPHALT,116,118,96
57,71,635057.5,485071.5,114.16,ASPHALT,90,98,75
57,72,635057.5,485072.5,114.16,GRASS,85,89,72
57,73,635057.5,485073.5,114.14,GRASS,88,93,71
57,74,635057.5,485074.5,114.14,ASPHALT,108,110,86
57,75,635057.5,485075.5,113.87,CONCRETE,176,174,162
57,76,635057.5,485076.5,113.55,CONCRETE,142,142,134
57,77,635057.5,485077.5,113.51,GRASS,78,78,70
57,78,635057.5,485078.5,113.51,GRASS,50,52,47
57,79,635057.5,485079.5,113.51,GRASS,40,46,44
57,80,635057.5,485080.5,113.52,GRASS,37,45,47
57,81,635057.5,485081.5,113.52,GRASS,35,43,45
57,82,635057.5,485082.5,113.52,GRASS,38,47,46
57,83,635057.5,485083.5,113.52,GRASS,37,46,45
57,84,635057.5,485084.5,113.52,GRASS,36,45,44
57,85,635057.5,485085.5,113.52,GRASS,35,43,45
57,86,635057.5,485086.5,113.52,GRASS,35,43,45
57,87,635057.5,485087.5,113.52,GRASS,34,43,42
57,88,635057.5,485088.5,113.52,GRASS,34,43,42
57,89,635057.5,485089.5,113.54,GRASS,35,43,45
57,90,635057.5,485090.5,113.53,GRASS,35,43,45
57,91,635057.5,485091.5,113.53,GRASS,33,42,41
57,92,635057.5,485092.5,113.53,GRASS,33,42,41
57,93,635057.5,485093.5,113.53,GRASS,34,42,44
57,94,635057.5,485094.5,113.5,GRASS,34,43,42
57,95,635057.5,485095.5,113.53,GRASS,34,43,42
57,96,635057.5,485096.5,113.52,GRASS,35,43,45
57,97,635057.5,485097.5,113.52,GRASS,33,42,41
57,98,635057.5,485098.5,113.52,GRASS,35,43,45
57,99,635057.5,485099.5,113.5,GRASS,35,44,43
58,0,635058.5,485000.5,119.59,GRASS,73,76,65
58,1,635058.5,485001.5,119.61,GRASS,62,69,53
58,2,635058.5,485002.5,119.61,GRASS,69,80,66
58,3,635058.5,485003.5,119.52,GRASS,70,82,70
58,4,635058.5,485004.5,119.13,GRASS,35,44,43
58,5,635058.5,485005.5,118.36,GRASS,45,62,44
58,6,635058.5,485006.5,117.66,GRASS,25,45,33
58,7,635058.5,485007.5,117.66,GRASS,32,50,34
58,8,635058.5,485008.5,117.01,GRASS,59,71,57
58,9,635058.5,485009.5,116.54,GRASS,52,62,54
58,10,635058.5,485010.5,116.22,GRASS,52,60,49
58,11,635058.5,485011.5,115.61,GRASS,57,67,56
58,12,635058.5,485012.5,115.61,GRASS,53,65,55
58,13,635058.5,485013.5,115.29,GRASS,39,52,43
58,14,635058.5,485014.5,114.95,ASPHALT,97,110,93
58,15,635058.5,485015.5,114.87,GRASS,66,79,62
58,16,635058.5,485016.5,114.94,GRASS,62,77,58
58,17,635058.5,485017.5,114.94,GRASS,64,78,63
58,18,635058.5,485018.5,114.85,GRASS,64,86,65
58,19,635058.5,485019.5,114.86,GRASS,49,61,51
58,20,635058.5,485020.5,114.83,ASPHALT,87,98,81
58,21,635058.5,485021.5,114.83,GRASS,66,85,63
58,22,635058.5,485022.5,114.88,GRASS,58,75,57
58,23,635058.5,485023.5,114.84,GRASS,64,81,62
58,24,635058.5,485024.5,114.81,ASPHALT,88,102,85
58,25,635058.5,485025.5,114.82,ASPHALT,95,108,90
58,26,635058.5,485026.5,114.82,ASPHALT,90,101,84
58,27,635058.5,485027.5,114.79,ASPHALT,118,116,101
58,28,635058.5,485028.5,114.71,CONCRETE,169,157,143
58,29,635058.5,485029.5,114.68,ASPHALT,121,116,97
58,30,635058.5,485030.5,114.68,GRASS,78,87,68
58,31,635058.5,485031.5,114.68,GRASS,86,94,73
58,32,635058.5,485032.5,114.64,CONCRETE,149,146,129
58,33,635058.5,485033.5,114.59,ASPHALT,98,101,80
58,34,635058.5,485034.5,114.61,ASPHALT,107,101,85
58,35,635058.5,485035.5,114.52,ASPHALT,97,95,80
58,36,635058.5,485036.5,114.52,GRASS,79,93,70
58,37,635058.5,485037.5,114.55,GRASS,52,68,55
58,38,635058.5,485038.5,114.56,GRASS,79,98,78
58,39,635058.5,485039.5,114.55,GRASS,39,59,47
58,40,635058.5,485040.5,114.55,GRASS,72,83,67
58,41,635058.5,485041.5,114.55,ASPHALT,95,102,84
58,42,635058.5,485042.5,114.56,GRASS,72,85,67
58,43,635058.5,485043.5,114.6,GRASS,74,89,70
58,44,635058.5,485044.5,114.55,GRASS,77,90,73
58,45,635058.5,485045.5,114.55,GRASS,76,89,71
58,46,635058.5,485046.5,114.57,GRASS,63,80,64
58,47,635058.5,485047.5,114.52,GRASS,78,92,75
58,48,635058.5,485048.5,114.5,ASPHALT,84,98,81
58,49,635058.5,485049.5,114.53,GRASS,78,95,77
58,50,635058.5,485050.5,114.53,GRASS,79,93,76
58,51,635058.5,485051.5,114.48,GRASS,75,90,69
58,52,635058.5,485052.5,114.48,GRASS,76,91,72
58,53,635058.5,485053.5,114.42,GRASS,77,92,71
58,54,635058.5,485054.5,114.4,GRASS,76,89,71
58,55,635058.5,485055.5,114.4,ASPHALT,92,104,84
58,56,635058.5,485056.5,114.38,ASPHALT,98,110,90
58,57,635058.5,485057.5,114.37,ASPHALT,104,106,85
58,58,635058.5,485058.5,114.31,CONCRETE,156,147,132
58,59,635058.5,485059.5,114.32,ASPHALT,124,123,103
58,60,635058.5,485060.5,114.32,ASPHALT,90,99,78
58,61,635058.5,485061.5,114.28,ASPHALT,94,102,79
58,62,635058.5,485062.5,114.27,GRASS,84,98,75
58,63,635058.5,485063.5,114.27,ASPHALT,98,108,84
58,64,635058.5,485064.5,114.27,ASPHALT,99,109,85
58,65,635058.5,485065.5,114.25,ASPHALT,95,105,80
58,66,635058.5,485066.5,114.23,ASPHALT,91,101,74
58,67,635058.5,485067.5,114.21,ASPHALT,109,108,87
58,68,635058.5,485068.5,114.21,CONCRETE,165,158,142
58,69,635058.5,485069.5,114.21,ASPHALT,127,120,101
58,70,635058.5,485070.5,114.15,ASPHALT,114,114,90
58,71,635058.5,485071.5,114.13,ASPHALT,111,115,92
58,72,635058.5,485072.5,114.13,ASPHALT,99,104,84
58,73,635058.5,485073.5,114.08,DIRT,94,98,73
58,74,635058.5,485074.5,114.08,ASPHALT,115,114,94
58,75,635058.5,485075.5,113.67,CONCRETE,140,138,126
58,76,635058.5,485076.5,113.49,CONCRETE,133,132,127
58,77,635058.5,485077.5,113.52,GRASS,56,57,51
58,78,635058.5,485078.5,113.52,GRASS,43,47,46
58,79,635058.5,485079.5,113.52,GRASS,40,46,46
58,80,635058.5,485080.5,113.52,GRASS,36,44,46
58,81,635058.5,485081.5,113.52,GRASS,36,44,46
58,82,635058.5,485082.5,113.52,GRASS,38,44,44
58,83,635058.5,485083.5,113.52,GRASS,38,44,44
58,84,635058.5,485084.5,113.52,GRASS,35,44,43
58,85,635058.5,485085.5,113.53,GRASS,37,43,43
58,86,635058.5,485086.5,113.53,GRASS,36,45,44
58,87,635058.5,485087.5,113.53,GRASS,33,42,41
58,88,635058.5,485088.5,113.53,GRASS,35,44,43
58,89,635058.5,485089.5,113.5,GRASS,37,46,43
58,90,635058.5,485090.5,113.51,GRASS,35,44,43
58,91,635058.5,485091.5,113.53,GRASS,34,43,42
58,92,635058.5,485092.5,113.49,GRASS,35,44,43
58,93,635058.5,485093.5,113.49,GRASS,35,44,43
58,94,635058.5,485094.5,113.51,GRASS,35,43,45
58,95,635058.5,485095.5,113.54,GRASS,33,41,43
58,96,635058.5,485096.5,113.52,GRASS,34,42,44
58,97,635058.5,485097.5,113.51,GRASS,34,42,44
58,98,635058.5,485098.5,113.51,GRASS,37,43,43
58,99,635058.5,485099.5,113.5,GRASS,34,43,42
59,0,635059.5,485000.5,119.07,GRASS,24,29,33
59,1,635059.5,485001.5,118.86,GRASS,77,88,72
59,2,635059.5,485002.5,118.86,GRASS,58,69,52
59,3,635059.5,485003.5,118.66,GRASS,39,52,45
59,4,635059.5,485004.5,118.03,GRASS,43,53,42
59,5,635059.5,485005.5,117.67,GRASS,55,67,53
59,6,635059.5,485006.5,117.08,GRASS,71,85,70
59,7,635059.5,485007.5,117.08,GRASS,69,80,63
59,8,635059.5,485008.5,116.63,GRASS,57,70,52
59,9,635059.5,485009.5,116.15,GRASS,59,72,54
59,10,635059.5,485010.5,115.79,GRASS,32,45,36
59,11,635059.5,485011.5,115.3,GRASS,28,41,31
59,12,635059.5,485012.5,115.3,GRASS,45,58,51
59,13,635059.5,485013.5,115.02,GRASS,64,80,69
59,14,635059.5,485014.5,114.92,GRASS,62,75,58
59,15,635059.5,485015.5,114.92,ASPHALT,92,100,79
59,16,635059.5,485016.5,114.88,GRASS,80,89,70
59,17,635059.5,485017.5,114.88,GRASS,66,84,60
59,18,635059.5,485018.5,114.82,GRASS,70,85,66
59,19,635059.5,485019.5,114.88,GRASS,72,91,72
59,20,635059.5,485020.5,114.88,GRASS,52,68,55
59,21,635059.5,485021.5,114.88,GRASS,80,97,78
59,22,635059.5,485022.5,114.9,GRASS,54,70,57
59,23,635059.5,485023.5,114.84,GRASS,72,84,74
59,24,635059.5,485024.5,114.81,ASPHALT,86,97,81
59,25,635059.5,485025.5,114.78,GRASS,79,92,75
59,26,635059.5,485026.5,114.78,ASPHALT,89,97,82
59,27,635059.5,485027.5,114.73,ASPHALT,116,113,98
59,28,635059.5,485028.5,114.7,CONCRETE,163,151,137
59,29,635059.5,485029.5,114.66,ASPHALT,120,119,101
59,30,635059.5,485030.5,114.67,ASPHALT,97,100,83
59,31,635059.5,485031.5,114.67,ASPHALT,86,93,77
59,32,635059.5,485032.5,114.63,GRASS,85,88,69
59,33,635059.5,485033.5,114.6,ASPHALT,116,115,95
59,34,635059.5,485034.5,114.57,CONCRETE,147,138,123
59,35,635059.5,485035.5,114.55,CONCRETE,146,140,126
59,36,635059.5,485036.5,114.55,GRASS,82,95,75
59,37,635059.5,485037.5,114.55,GRASS,50,68,54
59,38,635059.5,485038.5,114.53,GRASS,64,81,63
59,39,635059.5,485039.5,114.58,GRASS,64,81,65
59,40,635059.5,485040.5,114.58,ASPHALT,102,114,94
59,41,635059.5,485041.5,114.53,ASPHALT,85,98,80
59,42,635059.5,485042.5,114.56,GRASS,80,95,76
59,43,635059.5,485043.5,114.56,GRASS,72,87,68
59,44,635059.5,485044.5,114.55,GRASS,79,92,75
59,45,635059.5,485045.5,114.55,GRASS,72,85,67
59,46,635059.5,485046.5,114.56,ASPHALT,89,102,84
59,47,635059.5,485047.5,114.53,GRASS,75,92,74
59,48,635059.5,485048.5,114.53,GRASS,74,91,72
59,49,635059.5,485049.5,114.51,GRASS,63,80,62
59,50,635059.5,485050.5,114.51,ASPHALT,84,98,81
59,51,635059.5,485051.5,114.48,GRASS,67,82,63
59,52,635059.5,485052.5,114.42,GRASS,71,84,66
59,53,635059.5,485053.5,114.43,GRASS,69,84,65
59,54,635059.5,485054.5,114.4,GRASS,65,79,62
59,55,635059.5,485055.5,114.4,GRASS,80,92,72
59,56,635059.5,485056.5,114.39,ASPHALT,97,105,84
59,57,635059.5,485057.5,114.35,ASPHALT,109,111,89
59,58,635059.5,485058.5,114.36,CONCRETE,146,139,123
59,59,635059.5,485059.5,114.31,ASPHALT,112,115,94
59,60,635059.5,485060.5,114.31,GRASS,79,93,68
59,61,635059.5,485061.5,114.28,ASPHALT,89,99,75
59,62,635059.5,485062.5,114.27,GRASS,83,95,73
59,63,635059.5,485063.5,114.23,ASPHALT,87,99,77
59,64,635059.5,485064.5,114.23,ASPHALT,89,99,75
59,65,635059.5,485065.5,114.22,ASPHALT,98,108,83
59,66,635059.5,485066.5,114.2,ASPHALT,105,113,89
59,67,635059.5,485067.5,114.19,ASPHALT,115,112,93
59,68,635059.5,485068.5,114.15,ASPHALT,94,91,76
59,69,635059.5,485069.5,114.15,ASPHALT,122,117,97
59,70,635059.5,485070.5,114.14,ASPHALT,116,118,97
59,71,635059.5,485071.5,114.13,ASPHALT,107,110,89
59,72,635059.5,485072.5,114.1,ASPHALT,103,108,85
59,73,635059.5,485073.5,113.88,ASPHALT,109,112,93
59,74,635059.5,485074.5,113.88,CONCRETE,173,171,159
59,75,635059.5,485075.5,113.53,CONCRETE,145,145,137
59,76,635059.5,485076.5,113.53,GRASS,68,68,60
59,77,635059.5,485077.5,113.53,GRASS,44,49,45
59,78,635059.5,485078.5,113.53,GRASS,40,46,44
59,79,635059.5,485079.5,113.53,GRASS,36,45,44
59,80,635059.5,485080.5,113.53,GRASS,35,43,45
59,81,635059.5,485081.5,113.53,GRASS,36,44,46
59,82,635059.5,485082.5,113.53,GRASS,35,43,45
59,83,635059.5,485083.5,113.53,GRASS,36,45,44
59,84,635059.5,485084.5,113.53,GRASS,37,46,45
59,85,635059.5,485085.5,113.53,GRASS,39,45,45
59,86,635059.5,485086.5,113.53,GRASS,39,48,47
59,87,635059.5,485087.5,113.52,GRASS,34,43,42
59,88,635059.5,485088.5,113.52,GRASS,36,45,44
59,89,635059.5,485089.5,113.53,GRASS,34,43,42
59,90,635059.5,485090.5,113.5,GRASS,34,43,42
59,91,635059.5,485091.5,113.52,GRASS,34,43,42
59,92,635059.5,485092.5,113.53,GRASS,34,43,42
59,93,635059.5,485093.5,113.53,GRASS,34,42,44
59,94,635059.5,485094.5,113.5,GRASS,34,42,44
59,95,635059.5,485095.5,113.51,GRASS,37,42,45
59,96,635059.5,485096.5,113.53,GRASS,34,42,44
59,97,635059.5,485097.5,113.52,GRASS,33,43,44
59,98,635059.5,485098.5,113.52,GRASS,34,43,42
59,99,635059.5,485099.5,113.56,GRASS,34,43,40
60,0,635060.5,485000.5,118.82,GRASS,49,49,57
60,1,635060.5,485001.5,118.42,GRASS,58,60,59
60,2,635060.5,485002.5,118.42,ASPHALT,91,94,73
60,3,635060.5,485003.5,117.99,GRASS,36,42,40
60,4,635060.5,485004.5,117.36,GRASS,58,60,55
60,5,635060.5,485005.5,116.95,ASPHALT,96,93,84
60,6,635060.5,485006.5,116.53,GRASS,73,76,65
60,7,635060.5,485007.5,116.53,GRASS,34,46,36
60,8,635060.5,485008.5,116.12,GRASS,66,72,62
60,9,635060.5,485009.5,115.8,GRASS,55,69,52
60,10,635060.5,485010.5,115.37,GRASS,24,34,35
60,11,635060.5,485011.5,115.02,GRASS,35,47,43
60,12,635060.5,485012.5,115.02,GRASS,37,49,49
60,13,635060.5,485013.5,114.88,GRASS,59,69,58
60,14,635060.5,485014.5,114.82,GRASS,75,84,65
60,15,635060.5,485015.5,114.85,GRASS,75,89,64
60,16,635060.5,485016.5,114.89,ASPHALT,114,119,99
60,17,635060.5,485017.5,114.89,GRASS,62,79,60
60,18,635060.5,485018.5,114.95,GRASS,79,99,74
60,19,635060.5,485019.5,114.89,GRASS,56,77,60
60,20,635060.5,485020.5,114.83,GRASS,55,73,59
60,21,635060.5,485021.5,114.83,GRASS,58,76,62
60,22,635060.5,485022.5,114.87,GRASS,63,79,66
60,23,635060.5,485023.5,114.85,GRASS,44,60,49
60,24,635060.5,485024.5,114.83,GRASS,76,88,74
60,25,635060.5,485025.5,114.8,GRASS,81,94,76
60,26,635060.5,485026.5,114.8,ASPHALT,86,92,78
60,27,635060.5,485027.5,114.73,CONCRETE,162,154,141
60,28,635060.5,485028.5,114.69,CONCRETE,171,159,143
60,29,635060.5,485029.5,114.69,ASPHALT,98,103,83
60,30,635060.5,485030.5,114.67,ASPHALT,91,100,81
60,31,635060.5,485031.5,114.67,ASPHALT,115,119,104
60,32,635060.5,485032.5,114.6,GRASS,74,85,68
60,33,635060.5,485033.5,114.57,ASPHALT,110,109,91
60,34,635060.5,485034.5,114.57,CONCRETE,147,144,129
60,35,635060.5,485035.5,114.54,CONCRETE,162,156,140
60,36,635060.5,485036.5,114.54,GRASS,75,88,68
60,37,635060.5,485037.5,114.56,GRASS,71,88,72
60,38,635060.5,485038.5,114.56,GRASS,67,79,67
60,39,635060.5,485039.5,114.55,ASPHALT,84,95,78
60,40,635060.5,485040.5,114.55,GRASS,80,93,75
60,41,635060.5,485041.5,114.52,GRASS,71,85,68
60,42,635060.5,485042.5,114.53,GRASS,78,92,75
60,43,635060.5,485043.5,114.56,GRASS,65,77,63
60,44,635060.5,485044.5,114.54,GRASS,63,77,60
60,45,635060.5,485045.5,114.54,GRASS,66,80,65
60,46,635060.5,485046.5,114.53,GRASS,73,87,72
60,47,635060.5,485047.5,114.54,GRASS,71,88,69
60,48,635060.5,485048.5,114.52,GRASS,61,76,57
60,49,635060.5,485049.5,114.5,GRASS,70,83,66
60,50,635060.5,485050.5,114.5,GRASS,73,86,69
60,51,635060.5,485051.5,114.46,GRASS,77,90,73
60,52,635060.5,485052.5,114.45,GRASS,79,94,71
60,53,635060.5,485053.5,114.39,ASPHALT,89,102,82
60,54,635060.5,485054.5,114.38,ASPHALT,93,105,83
60,55,635060.5,485055.5,114.38,GRASS,83,95,73
60,56,635060.5,485056.5,114.42,ASPHALT,98,103,83
60,57,635060.5,485057.5,114.35,ASPHALT,112,111,91
60,58,635060.5,485058.5,114.35,ASPHALT,132,126,110
60,59,635060.5,485059.5,114.32,ASPHALT,109,114,92
60,60,635060.5,485060.5,114.32,ASPHALT,87,101,78
60,61,635060.5,485061.5,114.28,GRASS,83,95,73
60,62,635060.5,485062.5,114.24,ASPHALT,92,104,80
60,63,635060.5,485063.5,114.22,ASPHALT,91,105,80
60,64,635060.5,485064.5,114.22,ASPHALT,91,103,79
60,65,635060.5,485065.5,114.23,ASPHALT,96,106,82
60,66,635060.5,485066.5,114.19,ASPHALT,111,115,92
60,67,635060.5,485067.5,114.16,CONCRETE,151,144,128
60,68,635060.5,485068.5,114.13,ASPHALT,115,114,94
60,69,635060.5,485069.5,114.13,ASPHALT,120,114,98
60,70,635060.5,485070.5,114.11,ASPHALT,118,120,99
60,71,635060.5,485071.5,114.11,ASPHALT,91,98,80
60,72,635060.5,485072.5,114.07,ASPHALT,108,107,86
60,73,635060.5,485073.5,113.64,ASPHALT,121,118,103
60,74,635060.5,485074.5,113.64,CONCRETE,138,135,126
60,75,635060.5,485075.5,113.56,CONCRETE,130,127,120
60,76,635060.5,485076.5,113.53,GRASS,52,53,48
60,77,635060.5,485077.5,113.52,GRASS,41,47,45
60,78,635060.5,485078.5,113.54,GRASS,38,47,44
60,79,635060.5,485079.5,113.54,GRASS,39,48,47
60,80,635060.5,485080.5,113.54,GRASS,36,44,46
60,81,635060.5,485081.5,113.55,GRASS,35,44,43
60,82,635060.5,485082.5,113.55,GRASS,36,45,44
60,83,635060.5,485083.5,113.55,GRASS,37,45,47
60,84,635060.5,485084.5,113.55,GRASS,35,43,45
60,85,635060.5,485085.5,113.54,GRASS,38,43,46
60,86,635060.5,485086.5,113.53,GRASS,34,43,40
60,87,635060.5,485087.5,113.54,GRASS,34,43,42
60,88,635060.5,485088.5,113.54,GRASS,36,45,44
60,89,635060.5,485089.5,113.56,GRASS,35,43,45
60,90,635060.5,485090.5,113.53,GRASS,33,42,41
60,91,635060.5,485091.5,113.51,GRASS,34,43,42
60,92,635060.5,485092.5,113.52,GRASS,35,44,43
60,93,635060.5,485093.5,113.52,GRASS,35,44,43
60,94,635060.5,485094.5,113.5,GRASS,33,42,41
60,95,635060.5,485095.5,113.53,GRASS,36,41,44
60,96,635060.5,485096.5,113.51,GRASS,35,43,45
60,97,635060.5,485097.5,113.51,GRASS,34,42,44
60,98,635060.5,485098.5,113.51,GRASS,34,42,44
60,99,635060.5,485099.5,113.51,GRASS,35,43,45
61,0,635061.5,485000.5,117.95,GRASS,56,61,64
61,1,635061.5,485001.5,117.68,GRASS,61,73,61
61,2,635061.5,485002.5,117.68,GRASS,71,81,70
61,3,635061.5,485003.5,117.25,GRASS,77,82,78
61,4,635061.5,485004.5,116.87,GRASS,69,68,66
61,5,635061.5,485005.5,116.4,ASPHALT,90,87,82
61,6,635061.5,485006.5,116.04,GRASS,74,73,68
61,7,635061.5,485007.5,116.04,GRASS,74,73,69
61,8,635061.5,485008.5,115.75,GRASS,56,67,53
61,9,635061.5,485009.5,115.48,GRASS,57,69,57
61,10,635061.5,485010.5,115.07,GRASS,31,43,39
61,11,635061.5,485011.5,114.92,GRASS,32,44,40
61,12,635061.5,485012.5,114.92,GRASS,33,46,37
61,13,635061.5,485013.5,114.83,GRASS,66,72,58
61,14,635061.5,485014.5,114.91,GRASS,58,72,55
61,15,635061.5,485015.5,114.87,GRASS,61,79,57
61,16,635061.5,485016.5,114.92,GRASS,67,85,63
61,17,635061.5,485017.5,114.92,GRASS,84,93,74
61,18,635061.5,485018.5,114.93,GRASS,53,70,54
61,19,635061.5,485019.5,114.86,GRASS,59,76,58
61,20,635061.5,485020.5,114.86,GRASS,60,83,63
61,21,635061.5,485021.5,114.86,GRASS,60,72,60
61,22,635061.5,485022.5,114.82,GRASS,52,68,55
61,23,635061.5,485023.5,114.83,GRASS,62,78,65
61,24,635061.5,485024.5,114.77,GRASS,78,90,76
61,25,635061.5,485025.5,114.75,ASPHALT,84,97,80
61,26,635061.5,485026.5,114.75,ASPHALT,99,103,86
61,27,635061.5,485027.5,114.71,CONCRETE,162,152,140
61,28,635061.5,485028.5,114.68,CONCRETE,165,156,139
61,29,635061.5,485029.5,114.64,ASPHALT,107,111,94
61,30,635061.5,485030.5,114.58,GRASS,63,76,56
61,31,635061.5,485031.5,114.58,CONCRETE,132,135,118
61,32,635061.5,485032.5,114.59,GRASS,79,87,66
61,33,635061.5,485033.5,114.57,ASPHALT,121,115,101
61,34,635061.5,485034.5,114.56,ASPHALT,111,110,92
61,35,635061.5,485035.5,114.56,CONCRETE,150,142,129
61,36,635061.5,485036.5,114.56,GRASS,76,89,71
61,37,635061.5,485037.5,114.52,GRASS,68,85,67
61,38,635061.5,485038.5,114.54,GRASS,71,85,70
61,39,635061.5,485039.5,114.53,ASPHALT,92,103,86
61,40,635061.5,485040.5,114.53,GRASS,73,87,70
61,41,635061.5,485041.5,114.54,GRASS,72,87,68
61,42,635061.5,485042.5,114.56,GRASS,78,91,73
61,43,635061.5,485043.5,114.5,GRASS,55,69,56
61,44,635061.5,485044.5,114.52,GRASS,72,86,71
61,45,635061.5,485045.5,114.52,GRASS,69,83,66
61,46,635061.5,485046.5,114.52,GRASS,77,94,75
61,47,635061.5,485047.5,114.51,GRASS,77,90,70
61,48,635061.5,485048.5,114.49,GRASS,62,75,57
61,49,635061.5,485049.5,114.51,GRASS,70,84,67
61,50,635061.5,485050.5,114.51,GRASS,69,83,66
61,51,635061.5,485051.5,114.45,GRASS,62,75,55
61,52,635061.5,485052.5,114.42,GRASS,81,94,74
61,53,635061.5,485053.5,114.41,GRASS,75,88,68
61,54,635061.5,485054.5,114.37,GRASS,83,95,73
61,55,635061.5,485055.5,114.37,ASPHALT,91,100,79
61,56,635061.5,485056.5,114.38,ASPHALT,105,108,87
61,57,635061.5,485057.5,114.36,CONCRETE,137,134,115
61,58,635061.5,485058.5,114.35,ASPHALT,122,119,102
61,59,635061.5,485059.5,114.32,ASPHALT,110,115,93
61,60,635061.5,485060.5,114.32,ASPHALT,98,110,86
61,61,635061.5,485061.5,114.27,ASPHALT,88,102,79
61,62,635061.5,485062.5,114.26,GRASS,85,97,75
61,63,635061.5,485063.5,114.2,ASPHALT,88,102,77
61,64,635061.5,485064.5,114.2,ASPHALT,87,101,76
61,65,635061.5,485065.5,114.18,ASPHALT,90,100,76
61,66,635061.5,485066.5,114.15,ASPHALT,98,103,81
61,67,635061.5,485067.5,114.14,CONCRETE,147,141,125
61,68,635061.5,485068.5,114.1,ASPHALT,130,124,108
61,69,635061.5,485069.5,114.1,ASPHALT,112,107,88
61,70,635061.5,485070.5,114.08,ASPHALT,117,114,95
61,71,635061.5,485071.5,114.11,GRASS,72,83,66
61,72,635061.5,485072.5,113.84,ASPHALT,118,116,93
61,73,635061.5,485073.5,113.55,CONCRETE,173,171,159
61,74,635061.5,485074.5,113.55,CONCRETE,138,133,127
61,75,635061.5,485075.5,113.48,GRASS,59,59,51
61,76,635061.5,485076.5,113.55,GRASS,44,49,45
61,77,635061.5,485077.5,113.55,GRASS,40,46,46
61,78,635061.5,485078.5,113.56,GRASS,38,47,46
61,79,635061.5,485079.5,113.56,GRASS,37,46,45
61,80,635061.5,485080.5,113.56,GRASS,35,43,45
61,81,635061.5,485081.5,113.56,GRASS,35,44,43
61,82,635061.5,485082.5,113.55,GRASS,34,43,42
61,83,635061.5,485083.5,113.55,GRASS,34,43,42
61,84,635061.5,485084.5,113.54,GRASS,36,44,46
61,85,635061.5,485085.5,113.53,GRASS,35,44,43
61,86,635061.5,485086.5,113.53,GRASS,35,43,45
61,87,635061.5,485087.5,113.54,GRASS,34,43,42
61,88,635061.5,485088.5,113.54,GRASS,34,43,42
61,89,635061.5,485089.5,113.54,GRASS,35,43,45
61,90,635061.5,485090.5,113.52,GRASS,34,43,42
61,91,635061.5,485091.5,113.51,GRASS,34,43,42
61,92,635061.5,485092.5,113.53,GRASS,35,43,45
61,93,635061.5,485093.5,113.53,GRASS,34,43,42
61,94,635061.5,485094.5,113.53,GRASS,34,43,42
61,95,635061.5,485095.5,113.51,GRASS,35,44,43
61,96,635061.5,485096.5,113.51,GRASS,32,41,40
61,97,635061.5,485097.5,113.52,GRASS,34,43,42
61,98,635061.5,485098.5,113.52,GRASS,35,43,45
61,99,635061.5,485099.5,113.52,GRASS,35,44,43
62,0,635062.5,485000.5,117.2,GRASS,63,69,57
62,1,635062.5,485001.5,116.91,GRASS,80,86,72
62,2,635062.5,485002.5,116.91,GRASS,76,75,73
62,3,635062.5,485003.5,116.64,GRASS,56,57,52
62,4,635062.5,485004.5,116.22,ASPHALT,91,88,81
62,5,635062.5,485005.5,116.0,GRASS,58,60,55
62,6,635062.5,485006.5,115.74,GRASS,55,57,52
62,7,635062.5,485007.5,115.74,GRASS,46,52,52
62,8,635062.5,485008.5,115.5,GRASS,48,57,56
62,9,635062.5,485009.5,115.2,GRASS,35,44,41
62,10,635062.5,485010.5,115.0,GRASS,47,59,49
62,11,635062.5,485011.5,114.83,GRASS,56,61,55
62,12,635062.5,485012.5,114.83,GRASS,43,53,44
62,13,635062.5,485013.5,114.88,GRASS,38,48,40
62,14,635062.5,485014.5,114.97,GRASS,54,67,50
62,15,635062.5,485015.5,114.9,GRASS,55,72,54
62,16,635062.5,485016.5,114.9,GRASS,81,99,73
62,17,635062.5,485017.5,114.9,GRASS,64,87,61
62,18,635062.5,485018.5,114.93,GRASS,81,92,75
62,19,635062.5,485019.5,114.83,GRASS,75,90,69
62,20,635062.5,485020.5,114.86,GRASS,64,76,62
62,21,635062.5,485021.5,114.86,GRASS,72,86,71
62,22,635062.5,485022.5,114.8,GRASS,67,80,62
62,23,635062.5,485023.5,114.81,GRASS,55,69,56
62,24,635062.5,485024.5,114.77,GRASS,76,87,71
62,25,635062.5,485025.5,114.75,GRASS,81,92,75
62,26,635062.5,485026.5,114.75,ASPHALT,111,109,94
62,27,635062.5,485027.5,114.7,CONCRETE,150,140,128
62,28,635062.5,485028.5,114.67,CONCRETE,149,141,128
62,29,635062.5,485029.5,114.67,ASPHALT,95,100,80
62,30,635062.5,485030.5,114.62,GRASS,67,74,56
62,31,635062.5,485031.5,114.62,GRASS,75,82,64
62,32,635062.5,485032.5,114.56,ASPHALT,92,97,75
62,33,635062.5,485033.5,114.57,CONCRETE,135,128,112
62,34,635062.5,485034.5,114.57,ASPHALT,122,116,100
62,35,635062.5,485035.5,114.54,ASPHALT,94,96,75
62,36,635062.5,485036.5,114.54,GRASS,70,87,68
62,37,635062.5,485037.5,114.55,GRASS,64,78,63
62,38,635062.5,485038.5,114.6,ASPHALT,98,107,90
62,39,635062.5,485039.5,114.56,ASPHALT,90,102,82
62,40,635062.5,485040.5,114.56,GRASS,70,83,66
62,41,635062.5,485041.5,114.52,GRASS,56,68,54
62,42,635062.5,485042.5,114.52,GRASS,59,73,56
62,43,635062.5,485043.5,114.53,GRASS,75,90,71
62,44,635062.5,485044.5,114.51,GRASS,63,77,60
62,45,635062.5,485045.5,114.51,GRASS,68,81,64
62,46,635062.5,485046.5,114.44,ASPHALT,85,97,77
62,47,635062.5,485047.5,114.51,GRASS,80,93,73
62,48,635062.5,485048.5,114.48,GRASS,81,94,74
62,49,635062.5,485049.5,114.49,ASPHALT,92,105,87
62,50,635062.5,485050.5,114.49,GRASS,69,82,65
62,51,635062.5,485051.5,114.44,GRASS,62,75,58
62,52,635062.5,485052.5,114.38,ASPHALT,84,95,78
62,53,635062.5,485053.5,114.41,GRASS,71,83,63
62,54,635062.5,485054.5,114.38,GRASS,66,78,58
62,55,635062.5,485055.5,114.38,ASPHALT,89,101,81
62,56,635062.5,485056.5,114.39,ASPHALT,111,114,95
62,57,635062.5,485057.5,114.35,ASPHALT,128,125,108
62,58,635062.5,485058.5,114.34,ASPHALT,116,115,97
62,59,635062.5,485059.5,114.28,ASPHALT,110,115,92
62,60,635062.5,485060.5,114.28,ASPHALT,89,101,77
62,61,635062.5,485061.5,114.29,GRASS,81,94,74
62,62,635062.5,485062.5,114.18,GRASS,84,98,73
62,63,635062.5,485063.5,114.25,GRASS,81,95,72
62,64,635062.5,485064.5,114.25,ASPHALT,87,101,78
62,65,635062.5,485065.5,114.2,ASPHALT,105,113,92
62,66,635062.5,485066.5,114.2,CONCRETE,135,137,115
62,67,635062.5,485067.5,114.13,ASPHALT,130,125,105
62,68,635062.5,485068.5,114.11,ASPHALT,120,115,93
62,69,635062.5,485069.5,114.11,ASPHALT,113,112,91
62,70,635062.5,485070.5,114.08,ASPHALT,106,109,88
62,71,635062.5,485071.5,113.98,ASPHALT,110,110,86
62,72,635062.5,485072.5,113.65,CONCRETE,136,132,120
62,73,635062.5,485073.5,113.5,CONCRETE,141,138,129
62,74,635062.5,485074.5,113.5,ASPHALT,115,112,107
62,75,635062.5,485075.5,113.53,GRASS,50,53,46
62,76,635062.5,485076.5,113.55,GRASS,41,47,45
62,77,635062.5,485077.5,113.55,GRASS,37,46,45
62,78,635062.5,485078.5,113.57,GRASS,36,45,44
62,79,635062.5,485079.5,113.57,GRASS,37,46,45
62,80,635062.5,485080.5,113.56,GRASS,36,45,44
62,81,635062.5,485081.5,113.55,GRASS,37,43,43
62,82,635062.5,485082.5,113.54,GRASS,35,43,45
62,83,635062.5,485083.5,113.54,GRASS,38,44,44
62,84,635062.5,485084.5,113.53,GRASS,37,46,45
62,85,635062.5,485085.5,113.52,GRASS,34,43,42
62,86,635062.5,485086.5,113.52,GRASS,34,43,42
62,87,635062.5,485087.5,113.52,GRASS,33,41,43
62,88,635062.5,485088.5,113.52,GRASS,34,42,44
62,89,635062.5,485089.5,113.52,GRASS,35,44,43
62,90,635062.5,485090.5,113.52,GRASS,36,45,44
62,91,635062.5,485091.5,113.51,GRASS,33,43,44
62,92,635062.5,485092.5,113.51,GRASS,35,45,46
62,93,635062.5,485093.5,113.51,GRASS,34,42,44
62,94,635062.5,485094.5,113.51,GRASS,35,44,43
62,95,635062.5,485095.5,113.5,GRASS,34,42,44
62,96,635062.5,485096.5,113.5,GRASS,36,41,44
62,97,635062.5,485097.5,113.51,GRASS,34,43,42
62,98,635062.5,485098.5,113.51,GRASS,34,43,42
62,99,635062.5,485099.5,113.52,GRASS,34,43,42
63,0,635063.5,485000.5,117.2,ASPHALT,99,104,84
63,1,635063.5,485001.5,116.91,ASPHALT,97,99,85
63,2,635063.5,485002.5,116.91,GRASS,78,77,73
63,3,635063.5,485003.5,116.64,ASPHALT,83,81,82
63,4,635063.5,485004.5,116.22,GRASS,66,62,61
63,5,635063.5,485005.5,116.0,GRASS,50,49,47
63,6,635063.5,485006.5,115.74,GRASS,52,56,57
63,7,635063.5,485007.5,115.74,GRASS,25,33,35
63,8,635063.5,485008.5,115.5,GRASS,45,51,51
63,9,635063.5,485009.5,115.2,GRASS,62,68,64
63,10,635063.5,485010.5,115.0,GRASS,39,52,42
63,11,635063.5,485011.5,114.83,GRASS,31,42,38
63,12,635063.5,485012.5,114.83,GRASS,52,61,56
63,13,635063.5,485013.5,114.88,GRASS,48,58,50
63,14,635063.5,485014.5,114.97,GRASS,53,69,58
63,15,635063.5,485015.5,114.9,GRASS,70,85,64
63,16,635063.5,485016.5,114.9,GRASS,68,83,64
63,17,635063.5,485017.5,114.9,GRASS,61,79,55
63,18,635063.5,485018.5,114.93,GRASS,77,92,71
63,19,635063.5,485019.5,114.83,GRASS,82,95,75
63,20,635063.5,485020.5,114.86,GRASS,53,70,52
63,21,635063.5,485021.5,114.86,ASPHALT,82,96,79
63,22,635063.5,485022.5,114.8,ASPHALT,82,93,77
63,23,635063.5,485023.5,114.81,GRASS,71,82,66
63,24,635063.5,485024.5,114.77,ASPHALT,88,99,82
63,25,635063.5,485025.5,114.75,ASPHALT,82,93,77
63,26,635063.5,485026.5,114.75,CONCRETE,139,133,119
63,27,635063.5,485027.5,114.7,CONCRETE,145,133,119
63,28,635063.5,485028.5,114.67,ASPHALT,112,109,90
63,29,635063.5,485029.5,114.67,GRASS,79,90,73
63,30,635063.5,485030.5,114.62,CONCRETE,141,144,127
63,31,635063.5,485031.5,114.62,GRASS,74,85,68
63,32,635063.5,485032.5,114.56,ASPHALT,113,112,92
63,33,635063.5,485033.5,114.57,ASPHALT,125,118,102
63,34,635063.5,485034.5,114.57,ASPHALT,105,99,85
63,35,635063.5,485035.5,114.54,ASPHALT,92,97,75
63,36,635063.5,485036.5,114.54,GRASS,81,94,74
63,37,635063.5,485037.5,114.55,GRASS,81,92,75
63,38,635063.5,485038.5,114.6,GRASS,80,89,70
63,39,635063.5,485039.5,114.56,GRASS,78,89,72
63,40,635063.5,485040.5,114.56,GRASS,57,70,53
63,41,635063.5,485041.5,114.52,GRASS,75,88,70
63,42,635063.5,485042.5,114.52,GRASS,72,85,68
63,43,635063.5,485043.5,114.53,GRASS,75,88,70
63,44,635063.5,485044.5,114.51,GRASS,73,86,68
63,45,635063.5,485045.5,114.51,GRASS,77,88,71
63,46,635063.5,485046.5,114.44,GRASS,83,95,75
63,47,635063.5,485047.5,114.51,GRASS,77,88,71
63,48,635063.5,485048.5,114.48,GRASS,72,85,67
63,49,635063.5,485049.5,114.49,GRASS,77,88,71
63,50,635063.5,485050.5,114.49,GRASS,59,72,55
63,51,635063.5,485051.5,114.44,GRASS,59,72,54
63,52,635063.5,485052.5,114.38,GRASS,72,85,67
63,53,635063.5,485053.5,114.41,GRASS,77,90,70
63,54,635063.5,485054.5,114.38,GRASS,82,93,76
63,55,635063.5,485055.5,114.38,ASPHALT,94,99,77
63,56,635063.5,485056.5,114.39,ASPHALT,113,112,92
63,57,635063.5,485057.5,114.35,CONCRETE,149,139,127
63,58,635063.5,485058.5,114.34,ASPHALT,116,118,97
63,59,635063.5,485059.5,114.28,ASPHALT,103,111,87
63,60,635063.5,485060.5,114.28,ASPHALT,92,105,79
63,61,635063.5,485061.5,114.29,ASPHALT,88,100,76
63,62,635063.5,485062.5,114.18,GRASS,80,94,71
63,63,635063.5,485063.5,114.25,ASPHALT,85,99,76
63,64,635063.5,485064.5,114.25,ASPHALT,89,99,75
63,65,635063.5,485065.5,114.2,ASPHALT,89,92,73
63,66,635063.5,485066.5,114.2,ASPHALT,115,114,94
63,67,635063.5,485067.5,114.13,ASPHALT,134,129,110
63,68,635063.5,485068.5,114.11,CONCRETE,133,130,113
63,69,635063.5,485069.5,114.11,ASPHALT,120,117,98
63,70,635063.5,485070.5,114.08,ASPHALT,106,110,85
63,71,635063.5,485071.5,113.98,ASPHALT,113,112,92
63,72,635063.5,485072.5,113.65,CONCRETE,164,162,150
63,73,635063.5,485073.5,113.5,CONCRETE,136,131,125
63,74,635063.5,485074.5,113.5,GRASS,58,59,54
63,75,635063.5,485075.5,113.53,GRASS,43,47,46
63,76,635063.5,485076.5,113.55,GRASS,40,45,48
63,77,635063.5,485077.5,113.55,GRASS,38,47,46
63,78,635063.5,485078.5,113.57,GRASS,35,44,43
63,79,635063.5,485079.5,113.57,GRASS,36,45,44
63,80,635063.5,485080.5,113.56,GRASS,37,43,43
63,81,635063.5,485081.5,113.55,GRASS,36,45,44
63,82,635063.5,485082.5,113.54,GRASS,37,45,47
63,83,635063.5,485083.5,113.54,GRASS,35,43,45
63,84,635063.5,485084.5,113.53,GRASS,36,45,44
63,85,635063.5,485085.5,113.52,GRASS,34,43,42
63,86,635063.5,485086.5,113.52,GRASS,34,43,42
63,87,635063.5,485087.5,113.52,GRASS,35,44,43
63,88,635063.5,485088.5,113.52,GRASS,33,42,41
63,89,635063.5,485089.5,113.52,GRASS,34,42,44
63,90,635063.5,485090.5,113.52,GRASS,33,41,43
63,91,635063.5,485091.5,113.51,GRASS,34,42,44
63,92,635063.5,485092.5,113.51,GRASS,34,42,44
63,93,635063.5,485093.5,113.51,GRASS,35,43,45
63,94,635063.5,485094.5,113.51,GRASS,35,43,45
63,95,635063.5,485095.5,113.5,GRASS,33,43,44
63,96,635063.5,485096.5,113.5,GRASS,34,43,42
63,97,635063.5,485097.5,113.51,GRASS,35,44,43
63,98,635063.5,485098.5,113.51,GRASS,34,43,42
63,99,635063.5,485099.5,113.52,GRASS,32,40,42
64,0,635064.5,485000.5,116.77,GRASS,48,54,50
64,1,635064.5,485001.5,116.38,GRASS,54,56,55
64,2,635064.5,485002.5,116.38,GRASS,57,59,54
64,3,635064.5,485003.5,115.95,GRASS,46,52,50
64,4,635064.5,485004.5,115.67,GRASS,61,65,64
64,5,635064.5,485005.5,115.61,GRASS,44,44,44
64,6,635064.5,485006.5,115.44,GRASS,53,57,56
64,7,635064.5,485007.5,115.44,GRASS,58,66,55
64,8,635064.5,485008.5,115.21,GRASS,27,35,37
64,9,635064.5,485009.5,115.03,GRASS,31,41,42
64,10,635064.5,485010.5,114.92,GRASS,37,47,46
64,11,635064.5,485011.5,114.89,GRASS,35,47,43
64,12,635064.5,485012.5,114.89,GRASS,23,35,35
64,13,635064.5,485013.5,114.94,GRASS,39,53,53
64,14,635064.5,485014.5,114.93,GRASS,52,65,55
64,15,635064.5,485015.5,114.88,GRASS,67,79,65
64,16,635064.5,485016.5,114.9,GRASS,65,84,65
64,17,635064.5,485017.5,114.9,GRASS,71,86,65
64,18,635064.5,485018.5,114.84,ASPHALT,91,105,82
64,19,635064.5,485019.5,114.86,GRASS,61,80,61
64,20,635064.5,485020.5,114.85,GRASS,72,89,70
64,21,635064.5,485021.5,114.85,GRASS,64,78,63
64,22,635064.5,485022.5,114.82,GRASS,70,82,70
64,23,635064.5,485023.5,114.77,GRASS,63,74,60
64,24,635064.5,485024.5,114.76,GRASS,82,93,76
64,25,635064.5,485025.5,114.71,ASPHALT,99,106,88
64,26,635064.5,485026.5,114.71,CONCRETE,162,152,140
64,27,635064.5,485027.5,114.66,CONCRETE,167,157,145
64,28,635064.5,485028.5,114.65,ASPHALT,103,105,84
64,29,635064.5,485029.5,114.63,GRASS,80,87,71
64,30,635064.5,485030.5,114.61,ASPHALT,89,97,76
64,31,635064.5,485031.5,114.61,GRASS,85,94,75
64,32,635064.5,485032.5,114.58,ASPHALT,112,115,94
64,33,635064.5,485033.5,114.56,CONCRETE,142,136,120
64,34,635064.5,485034.5,114.55,CONCRETE,135,132,115
64,35,635064.5,485035.5,114.54,ASPHALT,97,106,85
64,36,635064.5,485036.5,114.54,GRASS,63,76,58
64,37,635064.5,485037.5,114.55,ASPHALT,115,120,100
64,38,635064.5,485038.5,114.56,GRASS,80,95,72
64,39,635064.5,485039.5,114.56,GRASS,77,90,72
64,40,635064.5,485040.5,114.56,GRASS,77,90,72
64,41,635064.5,485041.5,114.54,GRASS,66,79,59
64,42,635064.5,485042.5,114.54,GRASS,69,82,64
64,43,635064.5,485043.5,114.5,GRASS,77,88,71
64,44,635064.5,485044.5,114.51,GRASS,80,91,74
64,45,635064.5,485045.5,114.51,ASPHALT,87,99,79
64,46,635064.5,485046.5,114.49,GRASS,80,91,75
64,47,635064.5,485047.5,114.46,GRASS,80,89,70
64,48,635064.5,485048.5,114.47,ASPHALT,88,99,82
64,49,635064.5,485049.5,114.47,GRASS,67,80,63
64,50,635064.5,485050.5,114.47,ASPHALT,92,104,82
64,51,635064.5,485051.5,114.41,GRASS,67,82,63
64,52,635064.5,485052.5,114.38,GRASS,77,90,72
64,53,635064.5,485053.5,114.35,ASPHALT,85,97,77
64,54,635064.5,485054.5,114.39,GRASS,68,79,63
64,55,635064.5,485055.5,114.39,ASPHALT,99,102,81
64,56,635064.5,485056.5,114.36,ASPHALT,119,116,97
64,57,635064.5,485057.5,114.31,CONCRETE,159,151,138
64,58,635064.5,485058.5,114.3,ASPHALT,104,106,85
64,59,635064.5,485059.5,114.29,ASPHALT,99,103,80
64,60,635064.5,485060.5,114.29,ASPHALT,100,110,86
64,61,635064.5,485061.5,114.24,ASPHALT,91,104,78
64,62,635064.5,485062.5,114.24,ASPHALT,89,103,78
64,63,635064.5,485063.5,114.24,ASPHALT,93,105,81
64,64,635064.5,485064.5,114.24,ASPHALT,98,104,78
64,65,635064.5,485065.5,114.18,ASPHALT,133,130,111
64,66,635064.5,485066.5,114.15,ASPHALT,128,121,102
64,67,635064.5,485067.5,114.15,ASPHALT,124,119,100
64,68,635064.5,485068.5,114.08,ASPHALT,115,112,93
64,69,635064.5,485069.5,114.08,ASPHALT,110,110,86
64,70,635064.5,485070.5,114.09,ASPHALT,101,103,81
64,71,635064.5,485071.5,113.83,CONCRETE,166,164,151
64,72,635064.5,485072.5,113.5,CONCRETE,146,141,135
64,73,635064.5,485073.5,113.51,ASPHALT,96,95,90
64,74,635064.5,485074.5,113.51,GRASS,49,51,48
64,75,635064.5,485075.5,113.52,GRASS,41,47,47
64,76,635064.5,485076.5,113.53,GRASS,39,45,43
64,77,635064.5,485077.5,113.55,GRASS,36,41,44
64,78,635064.5,485078.5,113.53,GRASS,37,45,47
64,79,635064.5,485079.5,113.53,GRASS,36,44,46
64,80,635064.5,485080.5,113.51,GRASS,37,45,47
64,81,635064.5,485081.5,113.53,GRASS,36,45,44
64,82,635064.5,485082.5,113.55,GRASS,35,44,43
64,83,635064.5,485083.5,113.55,GRASS,37,43,43
64,84,635064.5,485084.5,113.58,GRASS,35,43,45
64,85,635064.5,485085.5,113.51,GRASS,34,42,45
64,86,635064.5,485086.5,113.52,GRASS,34,43,42
64,87,635064.5,485087.5,113.52,GRASS,35,44,43
64,88,635064.5,485088.5,113.52,GRASS,34,43,42
64,89,635064.5,485089.5,113.52,GRASS,34,44,43
64,90,635064.5,485090.5,113.51,GRASS,35,43,45
64,91,635064.5,485091.5,113.5,GRASS,34,42,44
64,92,635064.5,485092.5,113.51,GRASS,34,43,42
64,93,635064.5,485093.5,113.51,GRASS,34,43,42
64,94,635064.5,485094.5,113.46,GRASS,34,42,44
64,95,635064.5,485095.5,113.48,GRASS,34,42,44
64,96,635064.5,485096.5,113.51,GRASS,35,43,45
64,97,635064.5,485097.5,113.52,GRASS,35,43,45
64,98,635064.5,485098.5,113.52,GRASS,33,41,43
64,99,635064.5,485099.5,113.47,GRASS,34,43,42
65,0,635065.5,485000.5,116.21,GRASS,46,58,56
65,1,635065.5,485001.5,115.96,GRASS,24,31,37
65,2,635065.5,485002.5,115.96,GRASS,31,40,45
65,3,635065.5,485003.5,115.68,GRASS,35,39,42
65,4,635065.5,485004.5,115.47,GRASS,31,36,39
65,5,635065.5,485005.5,115.32,GRASS,46,50,51
65,6,635065.5,485006.5,115.2,GRASS,56,61,55
65,7,635065.5,485007.5,115.2,GRASS,66,71,67
65,8,635065.5,485008.5,114.97,GRASS,20,29,34
65,9,635065.5,485009.5,114.91,GRASS,19,28,35
65,10,635065.5,485010.5,114.85,GRASS,24,33,40
65,11,635065.5,485011.5,114.89,GRASS,39,51,47
65,12,635065.5,485012.5,114.89,GRASS,61,74,65
65,13,635065.5,485013.5,114.93,GRASS,30,45,38
65,14,635065.5,485014.5,114.85,GRASS,44,57,48
65,15,635065.5,485015.5,114.9,GRASS,46,62,51
65,16,635065.5,485016.5,114.88,GRASS,69,88,68
65,17,635065.5,485017.5,114.88,GRASS,80,93,75
65,18,635065.5,485018.5,114.88,GRASS,80,95,76
65,19,635065.5,485019.5,114.84,GRASS,75,92,73
65,20,635065.5,485020.5,114.83,GRASS,73,91,69
65,21,635065.5,485021.5,114.83,GRASS,67,84,66
65,22,635065.5,485022.5,114.8,GRASS,54,66,54
65,23,635065.5,485023.5,114.74,GRASS,59,70,54
65,24,635065.5,485024.5,114.75,ASPHALT,87,96,79
65,25,635065.5,485025.5,114.71,ASPHALT,97,99,85
65,26,635065.5,485026.5,114.71,CONCRETE,164,154,142
65,27,635065.5,485027.5,114.67,CONCRETE,168,158,146
65,28,635065.5,485028.5,114.63,ASPHALT,90,98,77
65,29,635065.5,485029.5,114.6,CONCRETE,147,145,130
65,30,635065.5,485030.5,114.59,GRASS,74,84,60
65,31,635065.5,485031.5,114.59,GRASS,83,91,70
65,32,635065.5,485032.5,114.59,ASPHALT,110,112,90
65,33,635065.5,485033.5,114.55,CONCRETE,148,142,126
65,34,635065.5,485034.5,114.55,CONCRETE,161,155,139
65,35,635065.5,485035.5,114.57,GRASS,74,87,67
65,36,635065.5,485036.5,114.57,ASPHALT,89,101,81
65,37,635065.5,485037.5,114.54,ASPHALT,86,98,78
65,38,635065.5,485038.5,114.57,GRASS,53,70,52
65,39,635065.5,485039.5,114.53,ASPHALT,91,104,84
65,40,635065.5,485040.5,114.53,GRASS,79,92,72
65,41,635065.5,485041.5,114.52,GRASS,75,89,66
65,42,635065.5,485042.5,114.51,GRASS,78,91,71
65,43,635065.5,485043.5,114.49,GRASS,64,77,60
65,44,635065.5,485044.5,114.48,GRASS,63,76,58
65,45,635065.5,485045.5,114.48,GRASS,66,79,61
65,46,635065.5,485046.5,114.46,GRASS,80,92,72
65,47,635065.5,485047.5,114.49,GRASS,74,86,66
65,48,635065.5,485048.5,114.45,GRASS,73,84,67
65,49,635065.5,485049.5,114.42,ASPHALT,82,95,77
65,50,635065.5,485050.5,114.42,ASPHALT,83,96,78
65,51,635065.5,485051.5,114.4,GRASS,70,85,66
65,52,635065.5,485052.5,114.38,GRASS,67,80,62
65,53,635065.5,485053.5,114.37,GRASS,82,94,74
65,54,635065.5,485054.5,114.34,ASPHALT,85,97,77
65,55,635065.5,485055.5,114.34,ASPHALT,102,107,85
65,56,635065.5,485056.5,114.3,ASPHALT,118,112,96
65,57,635065.5,485057.5,114.32,CONCRETE,152,142,130
65,58,635065.5,485058.5,114.26,ASPHALT,131,124,106
65,59,635065.5,485059.5,114.23,ASPHALT,117,115,94
65,60,635065.5,485060.5,114.23,ASPHALT,116,118,97
65,61,635065.5,485061.5,114.27,ASPHALT,124,123,102
65,62,635065.5,485062.5,114.21,ASPHALT,109,112,91
65,63,635065.5,485063.5,114.21,ASPHALT,114,117,96
65,64,635065.5,485064.5,114.21,ASPHALT,108,107,87
65,65,635065.5,485065.5,114.19,ASPHALT,124,117,98
65,66,635065.5,485066.5,114.19,ASPHALT,125,118,99
65,67,635065.5,485067.5,114.11,ASPHALT,113,106,88
65,68,635065.5,485068.5,114.1,ASPHALT,127,122,100
65,69,635065.5,485069.5,114.1,ASPHALT,121,123,102
65,70,635065.5,485070.5,113.96,ASPHALT,118,117,97
65,71,635065.5,485071.5,113.65,CONCRETE,158,156,144
65,72,635065.5,485072.5,113.53,CONCRETE,134,134,126
65,73,635065.5,485073.5,113.53,GRASS,56,57,49
65,74,635065.5,485074.5,113.53,GRASS,42,48,46
65,75,635065.5,485075.5,113.52,GRASS,40,46,46
65,76,635065.5,485076.5,113.53,GRASS,43,49,47
65,77,635065.5,485077.5,113.54,GRASS,36,44,46
65,78,635065.5,485078.5,113.53,GRASS,35,44,43
65,79,635065.5,485079.5,113.53,GRASS,36,45,44
65,80,635065.5,485080.5,113.51,GRASS,36,45,44
65,81,635065.5,485081.5,113.53,GRASS,36,45,44
65,82,635065.5,485082.5,113.55,GRASS,36,45,44
65,83,635065.5,485083.5,113.55,GRASS,35,44,43
65,84,635065.5,485084.5,113.57,GRASS,35,43,45
65,85,635065.5,485085.5,113.49,GRASS,34,43,42
65,86,635065.5,485086.5,113.51,GRASS,34,43,42
65,87,635065.5,485087.5,113.52,GRASS,34,43,42
65,88,635065.5,485088.5,113.52,GRASS,35,44,43
65,89,635065.5,485089.5,113.52,GRASS,35,43,45
65,90,635065.5,485090.5,113.49,GRASS,34,42,44
65,91,635065.5,485091.5,113.49,GRASS,35,44,43
65,92,635065.5,485092.5,113.49,GRASS,35,44,43
65,93,635065.5,485093.5,113.49,GRASS,33,43,44
65,94,635065.5,485094.5,113.53,GRASS,33,43,44
65,95,635065.5,485095.5,113.53,GRASS,34,42,44
65,96,635065.5,485096.5,113.54,GRASS,34,42,44
65,97,635065.5,485097.5,113.51,GRASS,34,43,42
65,98,635065.5,485098.5,113.51,GRASS,35,40,43
65,99,635065.5,485099.5,113.53,GRASS,34,42,44
66,0,635066.5,485000.5,115.79,GRASS,23,38,35
66,1,635066.5,485001.5,115.57,GRASS,22,33,37
66,2,635066.5,485002.5,115.57,GRASS,28,38,40
66,3,635066.5,485003.5,115.33,GRASS,41,44,49
66,4,635066.5,485004.5,115.28,GRASS,52,57,60
66,5,635066.5,485005.5,115.16,GRASS,43,47,50
66,6,635066.5,485006.5,115.07,GRASS,46,50,53
66,7,635066.5,485007.5,115.07,GRASS,35,39,42
66,8,635066.5,485008.5,114.94,GRASS,33,40,46
66,9,635066.5,485009.5,114.88,GRASS,33,40,46
66,10,635066.5,485010.5,114.92,GRASS,27,36,43
66,11,635066.5,485011.5,114.85,GRASS,28,42,42
66,12,635066.5,485012.5,114.85,GRASS,49,65,54
66,13,635066.5,485013.5,114.87,GRASS,54,66,56
66,14,635066.5,485014.5,114.88,GRASS,50,66,53
66,15,635066.5,485015.5,114.91,GRASS,77,96,74
66,16,635066.5,485016.5,114.84,GRASS,65,82,63
66,17,635066.5,485017.5,114.84,GRASS,72,85,65
66,18,635066.5,485018.5,114.8,ASPHALT,81,98,80
66,19,635066.5,485019.5,114.78,GRASS,77,94,75
66,20,635066.5,485020.5,114.81,ASPHALT,91,106,85
66,21,635066.5,485021.5,114.81,GRASS,66,80,63
66,22,635066.5,485022.5,114.82,GRASS,79,94,75
66,23,635066.5,485023.5,114.77,ASPHALT,82,96,79
66,24,635066.5,485024.5,114.75,ASPHALT,90,101,84
66,25,635066.5,485025.5,114.65,ASPHALT,127,124,107
66,26,635066.5,485026.5,114.65,ASPHALT,131,123,110
66,27,635066.5,485027.5,114.65,CONCRETE,161,152,137
66,28,635066.5,485028.5,114.62,GRASS,81,85,68
66,29,635066.5,485029.5,114.59,ASPHALT,95,98,79
66,30,635066.5,485030.5,114.6,GRASS,79,91,69
66,31,635066.5,485031.5,114.6,GRASS,83,92,71
66,32,635066.5,485032.5,114.59,ASPHALT,99,101,79
66,33,635066.5,485033.5,114.58,ASPHALT,106,103,86
66,34,635066.5,485034.5,114.57,CONCRETE,138,135,120
66,35,635066.5,485035.5,114.54,GRASS,79,92,74
66,36,635066.5,485036.5,114.54,ASPHALT,95,107,87
66,37,635066.5,485037.5,114.56,GRASS,70,84,67
66,38,635066.5,485038.5,114.52,GRASS,70,89,70
66,39,635066.5,485039.5,114.52,GRASS,67,82,63
66,40,635066.5,485040.5,114.52,GRASS,69,82,64
66,41,635066.5,485041.5,114.5,GRASS,68,81,63
66,42,635066.5,485042.5,114.48,GRASS,76,89,71
66,43,635066.5,485043.5,114.51,GRASS,72,87,66
66,44,635066.5,485044.5,114.47,GRASS,68,81,64
66,45,635066.5,485045.5,114.47,GRASS,60,74,57
66,46,635066.5,485046.5,114.49,GRASS,77,88,71
66,47,635066.5,485047.5,114.44,GRASS,75,88,68
66,48,635066.5,485048.5,114.41,GRASS,78,91,71
66,49,635066.5,485049.5,114.43,GRASS,62,75,57
66,50,635066.5,485050.5,114.43,GRASS,74,87,70
66,51,635066.5,485051.5,114.4,ASPHALT,85,99,76
66,52,635066.5,485052.5,114.38,GRASS,79,92,72
66,53,635066.5,485053.5,114.33,GRASS,85,97,75
66,54,635066.5,485054.5,114.32,GRASS,84,96,74
66,55,635066.5,485055.5,114.32,ASPHALT,105,108,87
66,56,635066.5,485056.5,114.29,ASPHALT,118,112,96
66,57,635066.5,485057.5,114.32,CONCRETE,144,136,123
66,58,635066.5,485058.5,114.27,ASPHALT,117,110,92
66,59,635066.5,485059.5,114.24,ASPHALT,117,114,95
66,60,635066.5,485060.5,114.24,ASPHALT,122,120,99
66,61,635066.5,485061.5,114.21,ASPHALT,124,119,100
66,62,635066.5,485062.5,114.19,ASPHALT,103,100,83
66,63,635066.5,485063.5,114.17,ASPHALT,111,108,89
66,64,635066.5,485064.5,114.17,ASPHALT,117,116,95
66,65,635066.5,485065.5,114.15,ASPHALT,113,111,90
66,66,635066.5,485066.5,114.12,ASPHALT,121,114,95
66,67,635066.5,485067.5,114.11,ASPHALT,135,128,110
66,68,635066.5,485068.5,114.09,ASPHALT,114,112,91
66,69,635066.5,485069.5,114.09,ASPHALT,105,107,83
66,70,635066.5,485070.5,113.76,CONCRETE,165,163,148
66,71,635066.5,485071.5,113.48,CONCRETE,137,134,127
66,72,635066.5,485072.5,113.48,GRASS,67,68,60
66,73,635066.5,485073.5,113.5,GRASS,47,49,46
66,74,635066.5,485074.5,113.5,GRASS,40,46,44
66,75,635066.5,485075.5,113.51,GRASS,39,45,45
66,76,635066.5,485076.5,113.53,GRASS,35,44,43
66,77,635066.5,485077.5,113.54,GRASS,36,45,44
66,78,635066.5,485078.5,113.54,GRASS,38,44,44
66,79,635066.5,485079.5,113.54,GRASS,35,44,43
66,80,635066.5,485080.5,113.52,GRASS,36,44,46
66,81,635066.5,485081.5,113.52,GRASS,36,45,44
66,82,635066.5,485082.5,113.53,GRASS,35,44,43
66,83,635066.5,485083.5,113.53,GRASS,34,43,42
66,84,635066.5,485084.5,113.55,GRASS,34,43,42
66,85,635066.5,485085.5,113.54,GRASS,34,42,44
66,86,635066.5,485086.5,113.51,GRASS,34,42,44
66,87,635066.5,485087.5,113.51,GRASS,34,42,44
66,88,635066.5,485088.5,113.51,GRASS,34,43,42
66,89,635066.5,485089.5,113.52,GRASS,33,42,41
66,90,635066.5,485090.5,113.48,GRASS,34,43,42
66,91,635066.5,485091.5,113.49,GRASS,34,43,42
66,92,635066.5,485092.5,113.51,GRASS,34,43,42
66,93,635066.5,485093.5,113.51,GRASS,35,44,43
66,94,635066.5,485094.5,113.5,GRASS,34,43,42
66,95,635066.5,485095.5,113.51,GRASS,35,44,43
66,96,635066.5,485096.5,113.52,GRASS,34,42,44
66,97,635066.5,485097.5,113.51,GRASS,34,42,44
66,98,635066.5,485098.5,113.51,GRASS,33,42,41
66,99,635066.5,485099.5,113.53,GRASS,35,43,45
67,0,635067.5,485000.5,115.66,GRASS,18,34,34
67,1,635067.5,485001.5,115.37,GRASS,20,34,35
67,2,635067.5,485002.5,115.37,GRASS,28,39,45
67,3,635067.5,485003.5,115.24,GRASS,52,57,61
67,4,635067.5,485004.5,115.16,GRASS,45,49,52
67,5,635067.5,485005.5,115.02,GRASS,34,38,41
67,6,635067.5,485006.5,114.96,GRASS,23,30,38
67,7,635067.5,485007.5,114.96,GRASS,24,31,37
67,8,635067.5,485008.5,114.91,GRASS,35,44,51
67,9,635067.5,485009.5,114.87,GRASS,31,40,47
67,10,635067.5,485010.5,114.88,GRASS,22,32,41
67,11,635067.5,485011.5,114.83,GRASS,20,31,37
67,12,635067.5,485012.5,114.83,GRASS,53,63,54
67,13,635067.5,485013.5,114.82,GRASS,67,78,61
67,14,635067.5,485014.5,114.8,GRASS,66,83,67
67,15,635067.5,485015.5,114.8,ASPHALT,82,100,78
67,16,635067.5,485016.5,114.81,GRASS,74,89,68
67,17,635067.5,485017.5,114.81,GRASS,82,96,73
67,18,635067.5,485018.5,114.85,ASPHALT,95,108,90
67,19,635067.5,485019.5,114.86,GRASS,78,95,76
67,20,635067.5,485020.5,114.78,GRASS,78,92,77
67,21,635067.5,485021.5,114.78,GRASS,74,91,72
67,22,635067.5,485022.5,114.75,GRASS,65,82,66
67,23,635067.5,485023.5,114.77,ASPHALT,87,100,82
67,24,635067.5,485024.5,114.71,ASPHALT,93,100,84
67,25,635067.5,485025.5,114.7,CONCRETE,140,132,119
67,26,635067.5,485026.5,114.7,CONCRETE,151,141,129
67,27,635067.5,485027.5,114.59,CONCRETE,158,153,134
67,28,635067.5,485028.5,114.59,CONCRETE,151,149,134
67,29,635067.5,485029.5,114.58,GRASS,87,92,70
67,30,635067.5,485030.5,114.58,GRASS,70,80,56
67,31,635067.5,485031.5,114.58,GRASS,82,87,67
67,32,635067.5,485032.5,114.57,ASPHALT,101,100,80
67,33,635067.5,485033.5,114.57,ASPHALT,98,96,81
67,34,635067.5,485034.5,114.57,ASPHALT,95,96,78
67,35,635067.5,485035.5,114.53,GRASS,74,87,67
67,36,635067.5,485036.5,114.53,ASPHALT,83,96,78
67,37,635067.5,485037.5,114.55,GRASS,55,67,53
67,38,635067.5,485038.5,114.55,GRASS,73,84,68
67,39,635067.5,485039.5,114.52,GRASS,74,89,70
67,40,635067.5,485040.5,114.52,GRASS,76,90,73
67,41,635067.5,485041.5,114.5,GRASS,55,69,52
67,42,635067.5,485042.5,114.51,GRASS,72,86,69
67,43,635067.5,485043.5,114.51,GRASS,69,84,65
67,44,635067.5,485044.5,114.49,ASPHALT,94,102,89
67,45,635067.5,485045.5,114.49,GRASS,61,75,58
67,46,635067.5,485046.5,114.46,GRASS,61,74,57
67,47,635067.5,485047.5,114.43,GRASS,79,92,72
67,48,635067.5,485048.5,114.44,ASPHALT,84,99,80
67,49,635067.5,485049.5,114.39,GRASS,70,84,67
67,50,635067.5,485050.5,114.39,GRASS,65,78,60
67,51,635067.5,485051.5,114.37,GRASS,77,91,68
67,52,635067.5,485052.5,114.34,GRASS,63,78,57
67,53,635067.5,485053.5,114.35,GRASS,81,94,74
67,54,635067.5,485054.5,114.31,ASPHALT,92,104,84
67,55,635067.5,485055.5,114.31,ASPHALT,110,107,88
67,56,635067.5,485056.5,114.3,CONCRETE,144,138,122
67,57,635067.5,485057.5,114.26,ASPHALT,131,126,107
67,58,635067.5,485058.5,114.24,ASPHALT,119,116,99
67,59,635067.5,485059.5,114.23,ASPHALT,98,99,81
67,60,635067.5,485060.5,114.23,ASPHALT,126,120,104
67,61,635067.5,485061.5,114.21,ASPHALT,135,128,110
67,62,635067.5,485062.5,114.18,ASPHALT,134,127,109
67,63,635067.5,485063.5,114.14,ASPHALT,117,114,95
67,64,635067.5,485064.5,114.14,ASPHALT,112,116,93
67,65,635067.5,485065.5,114.15,ASPHALT,103,102,81
67,66,635067.5,485066.5,114.11,ASPHALT,122,117,98
67,67,635067.5,485067.5,114.11,ASPHALT,122,117,98
67,68,635067.5,485068.5,113.98,ASPHALT,108,106,85
67,69,635067.5,485069.5,113.98,ASPHALT,114,109,90
67,70,635067.5,485070.5,113.61,CONCRETE,151,148,139
67,71,635067.5,485071.5,113.52,CONCRETE,145,144,139
67,72,635067.5,485072.5,113.49,GRASS,56,57,51
67,73,635067.5,485073.5,113.5,GRASS,43,47,46
67,74,635067.5,485074.5,113.5,GRASS,36,45,44
67,75,635067.5,485075.5,113.52,GRASS,39,47,49
67,76,635067.5,485076.5,113.53,GRASS,36,44,46
67,77,635067.5,485077.5,113.54,GRASS,36,45,44
67,78,635067.5,485078.5,113.55,GRASS,37,45,47
67,79,635067.5,485079.5,113.55,GRASS,38,47,46
67,80,635067.5,485080.5,113.54,GRASS,37,43,43
67,81,635067.5,485081.5,113.52,GRASS,35,44,43
67,82,635067.5,485082.5,113.53,GRASS,34,43,42
67,83,635067.5,485083.5,113.53,GRASS,34,43,42
67,84,635067.5,485084.5,113.54,GRASS,34,43,42
67,85,635067.5,485085.5,113.54,GRASS,35,44,43
67,86,635067.5,485086.5,113.5,GRASS,34,43,42
67,87,635067.5,485087.5,113.51,GRASS,34,42,44
67,88,635067.5,485088.5,113.51,GRASS,34,43,42
67,89,635067.5,485089.5,113.53,GRASS,33,41,43
67,90,635067.5,485090.5,113.52,GRASS,34,43,42
67,91,635067.5,485091.5,113.51,GRASS,35,43,45
67,92,635067.5,485092.5,113.47,GRASS,35,43,45
67,93,635067.5,485093.5,113.47,GRASS,34,43,42
67,94,635067.5,485094.5,113.48,GRASS,35,44,43
67,95,635067.5,485095.5,113.5,GRASS,33,41,43
67,96,635067.5,485096.5,113.5,GRASS,34,43,42
67,97,635067.5,485097.5,113.5,GRASS,34,43,42
67,98,635067.5,485098.5,113.5,GRASS,34,42,44
67,99,635067.5,485099.5,113.51,GRASS,36,44,46
68,0,635068.5,485000.5,115.57,GRASS,36,54,40
68,1,635068.5,485001.5,115.25,GRASS,42,54,54
68,2,635068.5,485002.5,115.25,GRASS,24,35,41
68,3,635068.5,485003.5,115.16,GRASS,37,44,52
68,4,635068.5,485004.5,115.14,GRASS,52,55,60
68,5,635068.5,485005.5,115.18,GRASS,36,41,44
68,6,635068.5,485006.5,115.0,GRASS,30,37,43
68,7,635068.5,485007.5,115.0,GRASS,22,29,35
68,8,635068.5,485008.5,114.97,GRASS,20,31,37
68,9,635068.5,485009.5,114.86,GRASS,20,30,39
68,10,635068.5,485010.5,114.88,GRASS,30,44,47
68,11,635068.5,485011.5,114.82,GRASS,48,63,56
68,12,635068.5,485012.5,114.82,GRASS,56,70,53
68,13,635068.5,485013.5,114.9,GRASS,61,78,60
68,14,635068.5,485014.5,114.86,GRASS,63,76,58
68,15,635068.5,485015.5,114.89,GRASS,70,85,66
68,16,635068.5,485016.5,114.86,GRASS,62,75,58
68,17,635068.5,485017.5,114.86,GRASS,80,91,74
68,18,635068.5,485018.5,114.88,GRASS,70,81,64
68,19,635068.5,485019.5,114.84,ASPHALT,86,101,78
68,20,635068.5,485020.5,114.79,GRASS,77,92,73
68,21,635068.5,485021.5,114.79,GRASS,76,89,71
68,22,635068.5,485022.5,114.76,GRASS,81,92,75
68,23,635068.5,485023.5,114.77,ASPHALT,85,98,78
68,24,635068.5,485024.5,114.71,ASPHALT,103,104,88
68,25,635068.5,485025.5,114.64,CONCRETE,164,152,140
68,26,635068.5,485026.5,114.64,CONCRETE,161,151,139
68,27,635068.5,485027.5,114.6,ASPHALT,113,110,93
68,28,635068.5,485028.5,114.56,ASPHALT,87,95,74
68,29,635068.5,485029.5,114.58,GRASS,77,91,68
68,30,635068.5,485030.5,114.56,GRASS,76,88,66
68,31,635068.5,485031.5,114.56,GRASS,90,92,71
68,32,635068.5,485032.5,114.55,ASPHALT,104,101,82
68,33,635068.5,485033.5,114.59,ASPHALT,101,98,83
68,34,635068.5,485034.5,114.55,ASPHALT,95,102,84
68,35,635068.5,485035.5,114.52,GRASS,78,91,71
68,36,635068.5,485036.5,114.52,ASPHALT,87,102,83
68,37,635068.5,485037.5,114.54,GRASS,59,76,58
68,38,635068.5,485038.5,114.56,GRASS,57,74,58
68,39,635068.5,485039.5,114.52,GRASS,54,68,53
68,40,635068.5,485040.5,114.52,GRASS,53,67,54
68,41,635068.5,485041.5,114.5,GRASS,68,82,65
68,42,635068.5,485042.5,114.5,GRASS,71,88,69
68,43,635068.5,485043.5,114.47,GRASS,69,86,68
68,44,635068.5,485044.5,114.49,GRASS,71,85,68
68,45,635068.5,485045.5,114.49,GRASS,68,85,67
68,46,635068.5,485046.5,114.46,GRASS,75,88,71
68,47,635068.5,485047.5,114.45,GRASS,82,96,73
68,48,635068.5,485048.5,114.41,GRASS,78,91,73
68,49,635068.5,485049.5,114.41,GRASS,77,90,72
68,50,635068.5,485050.5,114.41,ASPHALT,86,99,79
68,51,635068.5,485051.5,114.34,GRASS,70,85,66
68,52,635068.5,485052.5,114.34,ASPHALT,86,100,77
68,53,635068.5,485053.5,114.29,GRASS,82,96,73
68,54,635068.5,485054.5,114.3,ASPHALT,88,95,77
68,55,635068.5,485055.5,114.3,ASPHALT,118,116,95
68,56,635068.5,485056.5,114.29,CONCRETE,152,142,130
68,57,635068.5,485057.5,114.24,ASPHALT,121,116,97
68,58,635068.5,485058.5,114.22,ASPHALT,112,110,89
68,59,635068.5,485059.5,114.21,ASPHALT,109,108,90
68,60,635068.5,485060.5,114.21,ASPHALT,113,112,94
68,61,635068.5,485061.5,114.18,ASPHALT,118,113,94
68,62,635068.5,485062.5,114.16,CONCRETE,139,133,117
68,63,635068.5,485063.5,114.15,ASPHALT,129,124,104
68,64,635068.5,485064.5,114.15,ASPHALT,108,110,88
68,65,635068.5,485065.5,114.11,ASPHALT,108,107,86
68,66,635068.5,485066.5,114.08,ASPHALT,117,115,94
68,67,635068.5,485067.5,114.1,ASPHALT,100,102,80
68,68,635068.5,485068.5,113.78,ASPHALT,104,103,82
68,69,635068.5,485069.5,113.78,CONCRETE,173,170,155
68,70,635068.5,485070.5,113.5,CONCRETE,137,134,127
68,71,635068.5,485071.5,113.5,GRASS,62,62,54
68,72,635068.5,485072.5,113.52,GRASS,45,50,46
68,73,635068.5,485073.5,113.51,GRASS,40,46,46
68,74,635068.5,485074.5,113.51,GRASS,38,44,44
68,75,635068.5,485075.5,113.52,GRASS,36,44,46
68,76,635068.5,485076.5,113.53,GRASS,37,46,45
68,77,635068.5,485077.5,113.54,GRASS,35,44,43
68,78,635068.5,485078.5,113.54,GRASS,34,43,42
68,79,635068.5,485079.5,113.54,GRASS,34,43,42
68,80,635068.5,485080.5,113.54,GRASS,34,43,42
68,81,635068.5,485081.5,113.53,GRASS,35,43,45
68,82,635068.5,485082.5,113.53,GRASS,35,44,43
68,83,635068.5,485083.5,113.53,GRASS,36,45,44
68,84,635068.5,485084.5,113.54,GRASS,34,42,44
68,85,635068.5,485085.5,113.54,GRASS,34,42,44
68,86,635068.5,485086.5,113.53,GRASS,34,42,44
68,87,635068.5,485087.5,113.52,GRASS,35,44,43
68,88,635068.5,485088.5,113.52,GRASS,35,43,45
68,89,635068.5,485089.5,113.51,GRASS,34,42,44
68,90,635068.5,485090.5,113.51,GRASS,34,43,42
68,91,635068.5,485091.5,113.51,GRASS,34,42,44
68,92,635068.5,485092.5,113.49,GRASS,34,43,42
68,93,635068.5,485093.5,113.49,GRASS,33,41,43
68,94,635068.5,485094.5,113.5,GRASS,34,43,42
68,95,635068.5,485095.5,113.51,GRASS,35,44,43
68,96,635068.5,485096.5,113.51,GRASS,33,41,43
68,97,635068.5,485097.5,113.5,GRASS,33,41,43
68,98,635068.5,485098.5,113.5,GRASS,34,42,44
68,99,635068.5,485099.5,113.51,GRASS,33,41,44
69,0,635069.5,485000.5,115.37,GRASS,20,35,28
69,1,635069.5,485001.5,115.19,GRASS,29,43,44
69,2,635069.5,485002.5,115.19,GRASS,23,34,40
69,3,635069.5,485003.5,115.1,GRASS,21,28,38
69,4,635069.5,485004.5,115.07,GRASS,45,52,60
69,5,635069.5,485005.5,115.14,GRASS,36,41,47
69,6,635069.5,485006.5,115.05,GRASS,23,32,39
69,7,635069.5,485007.5,115.05,GRASS,29,40,46
69,8,635069.5,485008.5,114.91,GRASS,15,28,36
69,9,635069.5,485009.5,114.88,GRASS,17,27,36
69,10,635069.5,485010.5,114.84,GRASS,23,34,40
69,11,635069.5,485011.5,114.87,GRASS,31,43,39
69,12,635069.5,485012.5,114.87,ASPHALT,92,105,79
69,13,635069.5,485013.5,114.88,ASPHALT,85,99,76
69,14,635069.5,485014.5,114.81,GRASS,65,78,58
69,15,635069.5,485015.5,114.87,GRASS,79,93,70
69,16,635069.5,485016.5,114.92,GRASS,65,82,63
69,17,635069.5,485017.5,114.92,GRASS,73,86,68
69,18,635069.5,485018.5,114.81,GRASS,77,89,67
69,19,635069.5,485019.5,114.83,GRASS,70,83,63
69,20,635069.5,485020.5,114.76,ASPHALT,91,104,84
69,21,635069.5,485021.5,114.76,GRASS,83,92,73
69,22,635069.5,485022.5,114.75,GRASS,78,96,74
69,23,635069.5,485023.5,114.71,ASPHALT,102,110,89
69,24,635069.5,485024.5,114.67,ASPHALT,115,113,98
69,25,635069.5,485025.5,114.63,CONCRETE,141,134,118
69,26,635069.5,485026.5,114.63,CONCRETE,165,151,138
69,27,635069.5,485027.5,114.61,ASPHALT,129,126,109
69,28,635069.5,485028.5,114.6,GRASS,77,89,67
69,29,635069.5,485029.5,114.59,GRASS,74,87,69
69,30,635069.5,485030.5,114.58,GRASS,60,78,62
69,31,635069.5,485031.5,114.58,ASPHALT,101,102,88
69,32,635069.5,485032.5,114.56,ASPHALT,133,126,110
69,33,635069.5,485033.5,114.56,CONCRETE,152,149,132
69,34,635069.5,485034.5,114.55,GRASS,82,91,72
69,35,635069.5,485035.5,114.51,GRASS,78,91,73
69,36,635069.5,485036.5,114.51,GRASS,66,81,62
69,37,635069.5,485037.5,114.53,GRASS,61,78,59
69,38,635069.5,485038.5,114.52,GRASS,65,82,64
69,39,635069.5,485039.5,114.5,GRASS,77,91,74
69,40,635069.5,485040.5,114.5,GRASS,76,90,75
69,41,635069.5,485041.5,114.51,GRASS,73,86,68
69,42,635069.5,485042.5,114.51,GRASS,63,82,63
69,43,635069.5,485043.5,114.49,GRASS,66,83,65
69,44,635069.5,485044.5,114.49,GRASS,70,84,67
69,45,635069.5,485045.5,114.49,GRASS,62,76,59
69,46,635069.5,485046.5,114.44,GRASS,74,87,70
69,47,635069.5,485047.5,114.41,GRASS,83,95,73
69,48,635069.5,485048.5,114.41,GRASS,76,89,72
69,49,635069.5,485049.5,114.38,GRASS,66,79,61
69,50,635069.5,485050.5,114.38,GRASS,77,90,70
69,51,635069.5,485051.5,114.31,GRASS,65,82,63
69,52,635069.5,485052.5,114.32,GRASS,78,93,74
69,53,635069.5,485053.5,114.28,ASPHALT,92,102,78
69,54,635069.5,485054.5,114.28,ASPHALT,107,109,88
69,55,635069.5,485055.5,114.28,CONCRETE,140,133,117
69,56,635069.5,485056.5,114.26,CONCRETE,157,149,136
69,57,635069.5,485057.5,114.22,ASPHALT,123,116,98
69,58,635069.5,485058.5,114.21,ASPHALT,129,122,103
69,59,635069.5,485059.5,114.15,ASPHALT,121,116,97
69,60,635069.5,485060.5,114.15,ASPHALT,120,117,98
69,61,635069.5,485061.5,114.19,CONCRETE,136,129,111
69,62,635069.5,485062.5,114.15,ASPHALT,126,119,103
69,63,635069.5,485063.5,114.11,ASPHALT,118,113,93
69,64,635069.5,485064.5,114.11,ASPHALT,115,113,92
69,65,635069.5,485065.5,114.1,ASPHALT,119,117,96
69,66,635069.5,485066.5,114.09,ASPHALT,120,119,98
69,67,635069.5,485067.5,113.96,ASPHALT,116,115,94
69,68,635069.5,485068.5,113.61,ASPHALT,107,106,88
69,69,635069.5,485069.5,113.61,CONCRETE,139,137,125
69,70,635069.5,485070.5,113.55,ASPHALT,124,123,118
69,71,635069.5,485071.5,113.5,GRASS,54,57,50
69,72,635069.5,485072.5,113.51,GRASS,41,47,47
69,73,635069.5,485073.5,113.52,GRASS,38,47,46
69,74,635069.5,485074.5,113.52,GRASS,38,43,46
69,75,635069.5,485075.5,113.52,GRASS,35,43,45
69,76,635069.5,485076.5,113.53,GRASS,37,46,45
69,77,635069.5,485077.5,113.53,GRASS,37,43,43
69,78,635069.5,485078.5,113.53,GRASS,35,44,43
69,79,635069.5,485079.5,113.53,GRASS,35,43,45
69,80,635069.5,485080.5,113.54,GRASS,34,42,44
69,81,635069.5,485081.5,113.54,GRASS,36,42,42
69,82,635069.5,485082.5,113.54,GRASS,35,43,45
69,83,635069.5,485083.5,113.54,GRASS,34,43,42
69,84,635069.5,485084.5,113.54,GRASS,34,43,42
69,85,635069.5,485085.5,113.54,GRASS,33,42,41
69,86,635069.5,485086.5,113.52,GRASS,35,44,43
69,87,635069.5,485087.5,113.5,GRASS,33,43,44
69,88,635069.5,485088.5,113.5,GRASS,35,44,43
69,89,635069.5,485089.5,113.5,GRASS,33,42,41
69,90,635069.5,485090.5,113.5,GRASS,33,41,43
69,91,635069.5,485091.5,113.51,GRASS,34,43,42
69,92,635069.5,485092.5,113.5,GRASS,32,41,40
69,93,635069.5,485093.5,113.5,GRASS,34,42,44
69,94,635069.5,485094.5,113.51,GRASS,34,43,42
69,95,635069.5,485095.5,113.52,GRASS,34,42,44
69,96,635069.5,485096.5,113.51,GRASS,35,43,45
69,97,635069.5,485097.5,113.53,GRASS,35,43,45
69,98,635069.5,485098.5,113.53,GRASS,34,42,44
69,99,635069.5,485099.5,113.51,GRASS,33,42,41
70,0,635070.5,485000.5,115.37,GRASS,67,86,66
70,1,635070.5,485001.5,115.19,GRASS,25,42,36
70,2,635070.5,485002.5,115.19,GRASS,24,35,39
70,3,635070.5,485003.5,115.1,GRASS,31,38,46
70,4,635070.5,485004.5,115.07,GRASS,45,49,58
70,5,635070.5,485005.5,115.14,GRASS,20,29,38
70,6,635070.5,485006.5,115.05,GRASS,19,30,36
70,7,635070.5,485007.5,115.05,GRASS,37,50,56
70,8,635070.5,485008.5,114.91,GRASS,20,31,37
70,9,635070.5,485009.5,114.88,GRASS,22,38,37
70,10,635070.5,485010.5,114.84,GRASS,41,56,49
70,11,635070.5,485011.5,114.87,GRASS,45,61,50
70,12,635070.5,485012.5,114.87,GRASS,66,83,64
70,13,635070.5,485013.5,114.88,GRASS,63,71,56
70,14,635070.5,485014.5,114.81,ASPHALT,85,97,77
70,15,635070.5,485015.5,114.87,GRASS,78,92,69
70,16,635070.5,485016.5,114.92,ASPHALT,83,101,79
70,17,635070.5,485017.5,114.92,ASPHALT,85,100,81
70,18,635070.5,485018.5,114.81,ASPHALT,91,101,77
70,19,635070.5,485019.5,114.83,GRASS,84,96,72
70,20,635070.5,485020.5,114.76,GRASS,76,89,71
70,21,635070.5,485021.5,114.76,GRASS,81,93,73
70,22,635070.5,485022.5,114.75,ASPHALT,89,101,79
70,23,635070.5,485023.5,114.71,ASPHALT,110,115,95
70,24,635070.5,485024.5,114.67,CONCRETE,150,143,127
70,25,635070.5,485025.5,114.63,CONCRETE,161,149,137
70,26,635070.5,485026.5,114.63,CONCRETE,167,153,140
70,27,635070.5,485027.5,114.61,ASPHALT,101,103,82
70,28,635070.5,485028.5,114.6,GRASS,85,90,68
70,29,635070.5,485029.5,114.59,GRASS,63,75,55
70,30,635070.5,485030.5,114.58,GRASS,65,79,64
70,31,635070.5,485031.5,114.58,ASPHALT,111,112,94
70,32,635070.5,485032.5,114.56,CONCRETE,135,129,113
70,33,635070.5,485033.5,114.56,CONCRETE,153,147,131
70,34,635070.5,485034.5,114.55,GRASS,82,89,71
70,35,635070.5,485035.5,114.51,GRASS,75,88,70
70,36,635070.5,485036.5,114.51,GRASS,78,91,73
70,37,635070.5,485037.5,114.53,GRASS,77,92,71
70,38,635070.5,485038.5,114.52,GRASS,66,83,65
70,39,635070.5,485039.5,114.5,GRASS,67,85,63
70,40,635070.5,485040.5,114.5,GRASS,62,79,60
70,41,635070.5,485041.5,114.51,GRASS,57,71,54
70,42,635070.5,485042.5,114.51,GRASS,61,78,60
70,43,635070.5,485043.5,114.49,GRASS,71,85,68
70,44,635070.5,485044.5,114.49,GRASS,54,72,56
70,45,635070.5,485045.5,114.49,GRASS,53,70,52
70,46,635070.5,485046.5,114.44,GRASS,76,90,73
70,47,635070.5,485047.5,114.41,ASPHALT,85,98,80
70,48,635070.5,485048.5,114.41,GRASS,70,85,66
70,49,635070.5,485049.5,114.38,GRASS,81,96,73
70,50,635070.5,485050.5,114.38,GRASS,75,88,70
70,51,635070.5,485051.5,114.31,ASPHALT,89,103,80
70,52,635070.5,485052.5,114.32,GRASS,84,96,74
70,53,635070.5,485053.5,114.28,ASPHALT,98,103,83
70,54,635070.5,485054.5,114.28,ASPHALT,118,115,96
70,55,635070.5,485055.5,114.28,CONCRETE,165,155,143
70,56,635070.5,485056.5,114.26,CONCRETE,135,128,112
70,57,635070.5,485057.5,114.22,ASPHALT,117,112,93
70,58,635070.5,485058.5,114.21,CONCRETE,147,139,126
70,59,635070.5,485059.5,114.15,ASPHALT,115,109,93
70,60,635070.5,485060.5,114.15,ASPHALT,123,116,98
70,61,635070.5,485061.5,114.19,ASPHALT,132,125,107
70,62,635070.5,485062.5,114.15,ASPHALT,121,114,95
70,63,635070.5,485063.5,114.11,ASPHALT,111,109,88
70,64,635070.5,485064.5,114.11,ASPHALT,113,110,91
70,65,635070.5,485065.5,114.1,ASPHALT,118,115,96
70,66,635070.5,485066.5,114.09,GRASS,90,93,72
70,67,635070.5,485067.5,113.96,ASPHALT,120,120,96
70,68,635070.5,485068.5,113.61,CONCRETE,180,176,164
70,69,635070.5,485069.5,113.61,CONCRETE,145,145,137
70,70,635070.5,485070.5,113.55,GRASS,61,62,56
70,71,635070.5,485071.5,113.5,GRASS,47,49,46
70,72,635070.5,485072.5,113.51,GRASS,40,46,46
70,73,635070.5,485073.5,113.52,GRASS,41,47,47
70,74,635070.5,485074.5,113.52,GRASS,35,43,45
70,75,635070.5,485075.5,113.52,GRASS,36,44,46
70,76,635070.5,485076.5,113.53,GRASS,36,44,46
70,77,635070.5,485077.5,113.53,GRASS,35,43,45
70,78,635070.5,485078.5,113.53,GRASS,35,44,43
70,79,635070.5,485079.5,113.53,GRASS,33,42,41
70,80,635070.5,485080.5,113.54,GRASS,36,44,46
70,81,635070.5,485081.5,113.54,GRASS,34,43,40
70,82,635070.5,485082.5,113.54,GRASS,35,44,43
70,83,635070.5,485083.5,113.54,GRASS,34,42,44
70,84,635070.5,485084.5,113.54,GRASS,34,43,42
70,85,635070.5,485085.5,113.54,GRASS,34,43,42
70,86,635070.5,485086.5,113.52,GRASS,34,42,44
70,87,635070.5,485087.5,113.5,GRASS,34,44,45
70,88,635070.5,485088.5,113.5,GRASS,36,45,44
70,89,635070.5,485089.5,113.5,GRASS,34,42,44
70,90,635070.5,485090.5,113.5,GRASS,34,42,44
70,91,635070.5,485091.5,113.51,GRASS,34,42,44
70,92,635070.5,485092.5,113.5,GRASS,33,43,42
70,93,635070.5,485093.5,113.5,GRASS,35,43,45
70,94,635070.5,485094.5,113.51,GRASS,34,43,42
70,95,635070.5,485095.5,113.52,GRASS,33,41,44
70,96,635070.5,485096.5,113.51,GRASS,33,41,43
70,97,635070.5,485097.5,113.53,GRASS,34,43,42
70,98,635070.5,485098.5,113.53,GRASS,34,42,44
70,99,635070.5,485099.5,113.51,GRASS,33,42,41
71,0,635071.5,485000.5,115.2,GRASS,40,52,48
71,1,635071.5,485001.5,115.12,GRASS,36,47,53
71,2,635071.5,485002.5,115.12,GRASS,41,49,52
71,3,635071.5,485003.5,115.08,GRASS,47,47,55
71,4,635071.5,485004.5,115.03,GRASS,27,34,40
71,5,635071.5,485005.5,115.03,GRASS,17,28,32
71,6,635071.5,485006.5,115.0,GRASS,19,30,36
71,7,635071.5,485007.5,115.0,GRASS,19,33,36
71,8,635071.5,485008.5,115.0,GRASS,27,41,41
71,9,635071.5,485009.5,114.95,GRASS,30,45,38
71,10,635071.5,485010.5,114.87,GRASS,57,74,58
71,11,635071.5,485011.5,114.78,GRASS,58,77,58
71,12,635071.5,485012.5,114.78,GRASS,78,95,76
71,13,635071.5,485013.5,114.85,GRASS,60,78,62
71,14,635071.5,485014.5,114.82,GRASS,68,86,64
71,15,635071.5,485015.5,114.86,GRASS,71,84,66
71,16,635071.5,485016.5,114.81,ASPHALT,101,109,88
71,17,635071.5,485017.5,114.81,ASPHALT,88,102,79
71,18,635071.5,485018.5,114.77,GRASS,87,97,72
71,19,635071.5,485019.5,114.81,GRASS,85,94,73
71,20,635071.5,485020.5,114.77,GRASS,76,88,64
71,21,635071.5,485021.5,114.77,GRASS,73,87,64
71,22,635071.5,485022.5,114.72,GRASS,85,97,75
71,23,635071.5,485023.5,114.69,ASPHALT,101,104,87
71,24,635071.5,485024.5,114.65,CONCRETE,162,153,138
71,25,635071.5,485025.5,114.61,CONCRETE,165,153,139
71,26,635071.5,485026.5,114.61,CONCRETE,141,135,119
71,27,635071.5,485027.5,114.61,ASPHALT,92,97,74
71,28,635071.5,485028.5,114.56,ASPHALT,104,106,85
71,29,635071.5,485029.5,114.6,GRASS,74,81,63
71,30,635071.5,485030.5,114.54,GRASS,78,87,70
71,31,635071.5,485031.5,114.54,ASPHALT,105,104,84
71,32,635071.5,485032.5,114.56,ASPHALT,108,105,90
71,33,635071.5,485033.5,114.59,ASPHALT,111,103,90
71,34,635071.5,485034.5,114.55,ASPHALT,86,98,78
71,35,635071.5,485035.5,114.54,GRASS,71,89,67
71,36,635071.5,485036.5,114.54,GRASS,66,80,65
71,37,635071.5,485037.5,114.5,GRASS,78,91,73
71,38,635071.5,485038.5,114.54,GRASS,67,84,66
71,39,635071.5,485039.5,114.54,GRASS,72,87,68
71,40,635071.5,485040.5,114.54,GRASS,55,72,53
71,41,635071.5,485041.5,114.5,GRASS,78,93,74
71,42,635071.5,485042.5,114.48,GRASS,81,96,75
71,43,635071.5,485043.5,114.44,GRASS,62,76,59
71,44,635071.5,485044.5,114.44,GRASS,71,88,70
71,45,635071.5,485045.5,114.44,GRASS,55,69,52
71,46,635071.5,485046.5,114.43,GRASS,66,81,62
71,47,635071.5,485047.5,114.41,GRASS,60,73,55
71,48,635071.5,485048.5,114.41,GRASS,69,82,64
71,49,635071.5,485049.5,114.4,GRASS,75,87,67
71,50,635071.5,485050.5,114.4,GRASS,76,89,69
71,51,635071.5,485051.5,114.31,GRASS,75,87,67
71,52,635071.5,485052.5,114.3,ASPHALT,95,100,78
71,53,635071.5,485053.5,114.26,ASPHALT,108,107,89
71,54,635071.5,485054.5,114.25,ASPHALT,132,125,106
71,55,635071.5,485055.5,114.25,CONCRETE,152,142,130
71,56,635071.5,485056.5,114.26,ASPHALT,126,119,103
71,57,635071.5,485057.5,114.23,ASPHALT,134,127,108
71,58,635071.5,485058.5,114.21,ASPHALT,126,119,103
71,59,635071.5,485059.5,114.19,ASPHALT,117,112,93
71,60,635071.5,485060.5,114.19,ASPHALT,120,115,96
71,61,635071.5,485061.5,114.19,ASPHALT,120,115,96
71,62,635071.5,485062.5,114.1,CONCRETE,137,132,113
71,63,635071.5,485063.5,114.13,ASPHALT,109,107,86
71,64,635071.5,485064.5,114.13,ASPHALT,119,114,95
71,65,635071.5,485065.5,114.07,ASPHALT,112,110,89
71,66,635071.5,485066.5,114.1,ASPHALT,95,100,77
71,67,635071.5,485067.5,113.83,ASPHALT,107,106,88
71,68,635071.5,485068.5,113.45,CONCRETE,137,137,129
71,69,635071.5,485069.5,113.45,CONCRETE,128,129,123
71,70,635071.5,485070.5,113.46,GRASS,50,52,47
71,71,635071.5,485071.5,113.5,GRASS,42,46,47
71,72,635071.5,485072.5,113.5,GRASS,39,45,45
71,73,635071.5,485073.5,113.54,GRASS,37,46,45
71,74,635071.5,485074.5,113.54,GRASS,36,44,46
71,75,635071.5,485075.5,113.52,GRASS,35,44,43
71,76,635071.5,485076.5,113.52,GRASS,37,43,43
71,77,635071.5,485077.5,113.53,GRASS,37,42,45
71,78,635071.5,485078.5,113.53,GRASS,34,43,42
71,79,635071.5,485079.5,113.53,GRASS,34,43,42
71,80,635071.5,485080.5,113.53,GRASS,34,42,44
71,81,635071.5,485081.5,113.54,GRASS,36,41,44
71,82,635071.5,485082.5,113.54,GRASS,36,42,42
71,83,635071.5,485083.5,113.54,GRASS,34,43,42
71,84,635071.5,485084.5,113.53,GRASS,34,43,42
71,85,635071.5,485085.5,113.51,GRASS,34,43,42
71,86,635071.5,485086.5,113.51,GRASS,34,42,44
71,87,635071.5,485087.5,113.49,GRASS,34,42,44
71,88,635071.5,485088.5,113.49,GRASS,34,43,42
71,89,635071.5,485089.5,113.48,GRASS,34,42,44
71,90,635071.5,485090.5,113.5,GRASS,37,46,45
71,91,635071.5,485091.5,113.51,GRASS,33,41,43
71,92,635071.5,485092.5,113.5,GRASS,34,43,42
71,93,635071.5,485093.5,113.5,GRASS,34,42,44
71,94,635071.5,485094.5,113.53,GRASS,33,41,43
71,95,635071.5,485095.5,113.53,GRASS,33,41,43
71,96,635071.5,485096.5,113.53,GRASS,35,44,43
71,97,635071.5,485097.5,113.55,GRASS,33,42,41
71,98,635071.5,485098.5,113.55,GRASS,34,42,44
71,99,635071.5,485099.5,113.54,GRASS,32,41,40
72,0,635072.5,485000.5,115.17,GRASS,54,59,62
72,1,635072.5,485001.5,115.06,GRASS,42,47,51
72,2,635072.5,485002.5,115.06,GRASS,39,44,50
72,3,635072.5,485003.5,115.02,GRASS,37,42,48
72,4,635072.5,485004.5,115.06,GRASS,36,47,49
72,5,635072.5,485005.5,115.05,GRASS,24,38,38
72,6,635072.5,485006.5,115.07,GRASS,35,55,43
72,7,635072.5,485007.5,115.07,GRASS,39,57,45
72,8,635072.5,485008.5,115.0,GRASS,33,53,41
72,9,635072.5,485009.5,114.96,GRASS,58,77,58
72,10,635072.5,485010.5,114.88,GRASS,51,66,47
72,11,635072.5,485011.5,114.84,GRASS,74,91,72
72,12,635072.5,485012.5,114.84,GRASS,69,83,66
72,13,635072.5,485013.5,114.82,GRASS,72,85,67
72,14,635072.5,485014.5,114.82,GRASS,71,86,67
72,15,635072.5,485015.5,114.82,GRASS,65,80,59
72,16,635072.5,485016.5,114.8,GRASS,78,91,73
72,17,635072.5,485017.5,114.8,ASPHALT,85,96,79
72,18,635072.5,485018.5,114.86,ASPHALT,84,96,76
72,19,635072.5,485019.5,114.82,ASPHALT,90,100,76
72,20,635072.5,485020.5,114.76,GRASS,82,95,75
72,21,635072.5,485021.5,114.76,ASPHALT,87,96,77
72,22,635072.5,485022.5,114.78,ASPHALT,95,107,85
72,23,635072.5,485023.5,114.67,ASPHALT,105,108,89
72,24,635072.5,485024.5,114.65,CONCRETE,160,151,136
72,25,635072.5,485025.5,114.61,CONCRETE,168,154,141
72,26,635072.5,485026.5,114.61,GRASS,85,90,70
72,27,635072.5,485027.5,114.64,GRASS,73,85,63
72,28,635072.5,485028.5,114.57,ASPHALT,95,103,80
72,29,635072.5,485029.5,114.59,GRASS,76,90,67
72,30,635072.5,485030.5,114.57,GRASS,71,80,61
72,31,635072.5,485031.5,114.57,ASPHALT,118,115,96
72,32,635072.5,485032.5,114.57,ASPHALT,106,100,86
72,33,635072.5,485033.5,114.54,ASPHALT,113,116,97
72,34,635072.5,485034.5,114.55,GRASS,77,92,71
72,35,635072.5,485035.5,114.53,GRASS,62,76,59
72,36,635072.5,485036.5,114.53,GRASS,53,72,53
72,37,635072.5,485037.5,114.56,GRASS,71,88,72
72,38,635072.5,485038.5,114.54,GRASS,78,93,74
72,39,635072.5,485039.5,114.52,GRASS,72,85,68
72,40,635072.5,485040.5,114.52,GRASS,71,85,68
72,41,635072.5,485041.5,114.5,GRASS,65,82,64
72,42,635072.5,485042.5,114.47,GRASS,81,94,76
72,43,635072.5,485043.5,114.5,GRASS,80,95,76
72,44,635072.5,485044.5,114.47,GRASS,73,88,69
72,45,635072.5,485045.5,114.47,GRASS,77,92,73
72,46,635072.5,485046.5,114.43,GRASS,60,75,56
72,47,635072.5,485047.5,114.43,GRASS,72,87,68
72,48,635072.5,485048.5,114.4,GRASS,67,82,61
72,49,635072.5,485049.5,114.37,GRASS,76,87,70
72,50,635072.5,485050.5,114.37,GRASS,77,86,67
72,51,635072.5,485051.5,114.29,GRASS,79,91,71
72,52,635072.5,485052.5,114.27,ASPHALT,103,108,86
72,53,635072.5,485053.5,114.26,ASPHALT,114,111,94
72,54,635072.5,485054.5,114.24,CONCRETE,142,133,118
72,55,635072.5,485055.5,114.24,CONCRETE,156,146,134
72,56,635072.5,485056.5,114.22,CONCRETE,141,132,117
72,57,635072.5,485057.5,114.23,CONCRETE,147,138,123
72,58,635072.5,485058.5,114.22,ASPHALT,117,111,95
72,59,635072.5,485059.5,114.19,ASPHALT,120,115,96
72,60,635072.5,485060.5,114.19,ASPHALT,113,110,91
72,61,635072.5,485061.5,114.14,ASPHALT,107,109,87
72,62,635072.5,485062.5,114.09,ASPHALT,101,100,80
72,63,635072.5,485063.5,114.09,ASPHALT,112,109,90
72,64,635072.5,485064.5,114.09,ASPHALT,106,108,87
72,65,635072.5,485065.5,114.1,ASPHALT,96,99,80
72,66,635072.5,485066.5,114.04,ASPHALT,109,108,87
72,67,635072.5,485067.5,113.63,CONCRETE,177,173,161
72,68,635072.5,485068.5,113.51,CONCRETE,138,137,132
72,69,635072.5,485069.5,113.51,GRASS,63,64,58
72,70,635072.5,485070.5,113.51,GRASS,44,49,45
72,71,635072.5,485071.5,113.5,GRASS,39,45,45
72,72,635072.5,485072.5,113.52,GRASS,37,45,47
72,73,635072.5,485073.5,113.5,GRASS,35,43,45
72,74,635072.5,485074.5,113.5,GRASS,36,45,44
72,75,635072.5,485075.5,113.52,GRASS,35,44,43
72,76,635072.5,485076.5,113.52,GRASS,36,44,46
72,77,635072.5,485077.5,113.53,GRASS,34,44,43
72,78,635072.5,485078.5,113.53,GRASS,35,44,43
72,79,635072.5,485079.5,113.53,GRASS,35,43,45
72,80,635072.5,485080.5,113.53,GRASS,35,43,45
72,81,635072.5,485081.5,113.54,GRASS,34,42,44
72,82,635072.5,485082.5,113.54,GRASS,34,42,44
72,83,635072.5,485083.5,113.54,GRASS,35,41,41
72,84,635072.5,485084.5,113.53,GRASS,34,42,44
72,85,635072.5,485085.5,113.53,GRASS,34,42,44
72,86,635072.5,485086.5,113.51,GRASS,34,43,42
72,87,635072.5,485087.5,113.47,GRASS,34,42,44
72,88,635072.5,485088.5,113.47,GRASS,33,42,41
72,89,635072.5,485089.5,113.5,GRASS,34,43,42
72,90,635072.5,485090.5,113.53,GRASS,33,41,43
72,91,635072.5,485091.5,113.56,GRASS,35,44,43
72,92,635072.5,485092.5,113.53,GRASS,33,41,43
72,93,635072.5,485093.5,113.53,GRASS,34,42,44
72,94,635072.5,485094.5,113.55,GRASS,33,42,41
72,95,635072.5,485095.5,113.53,GRASS,34,43,42
72,96,635072.5,485096.5,113.52,GRASS,34,42,44
72,97,635072.5,485097.5,113.53,GRASS,33,42,41
72,98,635072.5,485098.5,113.53,GRASS,33,42,41
72,99,635072.5,485099.5,113.54,GRASS,35,43,45
73,0,635073.5,485000.5,115.16,GRASS,49,53,54
73,1,635073.5,485001.5,115.09,GRASS,47,51,50
73,2,635073.5,485002.5,115.09,GRASS,57,63,63
73,3,635073.5,485003.5,115.12,GRASS,24,34,35
73,4,635073.5,485004.5,115.06,GRASS,52,71,52
73,5,635073.5,485005.5,115.12,GRASS,39,57,41
73,6,635073.5,485006.5,115.13,GRASS,56,76,49
73,7,635073.5,485007.5,115.13,GRASS,40,59,37
73,8,635073.5,485008.5,115.03,GRASS,47,66,47
73,9,635073.5,485009.5,115.04,GRASS,55,74,54
73,10,635073.5,485010.5,114.92,GRASS,67,80,63
73,11,635073.5,485011.5,114.92,GRASS,41,55,42
73,12,635073.5,485012.5,114.92,ASPHALT,82,100,78
73,13,635073.5,485013.5,114.88,GRASS,61,76,57
73,14,635073.5,485014.5,114.83,GRASS,64,77,60
73,15,635073.5,485015.5,114.75,ASPHALT,90,103,85
73,16,635073.5,485016.5,114.75,GRASS,80,93,75
73,17,635073.5,485017.5,114.75,GRASS,79,92,74
73,18,635073.5,485018.5,114.72,GRASS,61,74,54
73,19,635073.5,485019.5,114.76,GRASS,77,86,67
73,20,635073.5,485020.5,114.76,ASPHALT,97,106,87
73,21,635073.5,485021.5,114.76,GRASS,79,88,71
73,22,635073.5,485022.5,114.74,ASPHALT,93,102,83
73,23,635073.5,485023.5,114.67,ASPHALT,111,105,89
73,24,635073.5,485024.5,114.62,CONCRETE,154,142,128
73,25,635073.5,485025.5,114.63,CONCRETE,162,150,136
73,26,635073.5,485026.5,114.63,ASPHALT,93,96,75
73,27,635073.5,485027.5,114.58,GRASS,80,89,70
73,28,635073.5,485028.5,114.61,ASPHALT,91,99,78
73,29,635073.5,485029.5,114.59,ASPHALT,90,99,78
73,30,635073.5,485030.5,114.55,ASPHALT,109,112,91
73,31,635073.5,485031.5,114.55,ASPHALT,132,129,112
73,32,635073.5,485032.5,114.58,CONCRETE,160,153,137
73,33,635073.5,485033.5,114.56,ASPHALT,88,102,79
73,34,635073.5,485034.5,114.53,ASPHALT,85,100,79
73,35,635073.5,485035.5,114.5,GRASS,76,91,72
73,36,635073.5,485036.5,114.5,GRASS,64,81,65
73,37,635073.5,485037.5,114.51,ASPHALT,80,99,79
73,38,635073.5,485038.5,114.52,ASPHALT,84,99,80
73,39,635073.5,485039.5,114.47,GRASS,72,86,69
73,40,635073.5,485040.5,114.47,GRASS,72,86,69
73,41,635073.5,485041.5,114.49,GRASS,66,80,65
73,42,635073.5,485042.5,114.52,GRASS,79,92,74
73,43,635073.5,485043.5,114.48,GRASS,78,91,73
73,44,635073.5,485044.5,114.42,GRASS,73,88,69
73,45,635073.5,485045.5,114.42,GRASS,66,79,61
73,46,635073.5,485046.5,114.44,GRASS,72,85,65
73,47,635073.5,485047.5,114.41,GRASS,72,87,66
73,48,635073.5,485048.5,114.39,GRASS,80,89,68
73,49,635073.5,485049.5,114.36,GRASS,70,82,62
73,50,635073.5,485050.5,114.36,GRASS,75,84,65
73,51,635073.5,485051.5,114.3,GRASS,75,87,63
73,52,635073.5,485052.5,114.25,ASPHALT,97,102,80
73,53,635073.5,485053.5,114.24,ASPHALT,122,119,100
73,54,635073.5,485054.5,114.21,CONCRETE,153,144,129
73,55,635073.5,485055.5,114.21,CONCRETE,137,127,115
73,56,635073.5,485056.5,114.21,CONCRETE,140,131,114
73,57,635073.5,485057.5,114.19,ASPHALT,91,92,78
73,58,635073.5,485058.5,114.18,ASPHALT,117,118,102
73,59,635073.5,485059.5,114.19,ASPHALT,119,116,97
73,60,635073.5,485060.5,114.19,ASPHALT,101,103,82
73,61,635073.5,485061.5,114.15,ASPHALT,112,109,90
73,62,635073.5,485062.5,114.12,ASPHALT,112,110,89
73,63,635073.5,485063.5,114.08,ASPHALT,118,116,95
73,64,635073.5,485064.5,114.08,ASPHALT,112,110,89
73,65,635073.5,485065.5,114.07,ASPHALT,110,107,90
73,66,635073.5,485066.5,113.77,CONCRETE,146,143,128
73,67,635073.5,485067.5,113.5,CONCRETE,155,152,143
73,68,635073.5,485068.5,113.49,CONCRETE,128,129,123
73,69,635073.5,485069.5,113.49,GRASS,52,54,49
73,70,635073.5,485070.5,113.52,GRASS,43,47,46
73,71,635073.5,485071.5,113.49,GRASS,38,44,44
73,72,635073.5,485072.5,113.54,GRASS,36,44,46
73,73,635073.5,485073.5,113.51,GRASS,34,42,44
73,74,635073.5,485074.5,113.51,GRASS,35,44,43
73,75,635073.5,485075.5,113.52,GRASS,34,43,42
73,76,635073.5,485076.5,113.52,GRASS,34,42,44
73,77,635073.5,485077.5,113.53,GRASS,34,42,44
73,78,635073.5,485078.5,113.53,GRASS,35,43,45
73,79,635073.5,485079.5,113.53,GRASS,34,43,42
73,80,635073.5,485080.5,113.53,GRASS,34,43,42
73,81,635073.5,485081.5,113.54,GRASS,34,42,44
73,82,635073.5,485082.5,113.54,GRASS,34,42,44
73,83,635073.5,485083.5,113.54,GRASS,34,43,42
73,84,635073.5,485084.5,113.53,GRASS,35,44,43
73,85,635073.5,485085.5,113.53,GRASS,35,44,43
73,86,635073.5,485086.5,113.52,GRASS,35,44,43
73,87,635073.5,485087.5,113.52,GRASS,33,42,41
73,88,635073.5,485088.5,113.52,GRASS,38,47,46
73,89,635073.5,485089.5,113.52,GRASS,34,43,42
73,90,635073.5,485090.5,113.52,GRASS,34,43,42
73,91,635073.5,485091.5,113.54,GRASS,32,41,40
73,92,635073.5,485092.5,113.56,GRASS,34,43,42
73,93,635073.5,485093.5,113.56,GRASS,33,42,41
73,94,635073.5,485094.5,113.53,GRASS,34,42,44
73,95,635073.5,485095.5,113.51,GRASS,35,44,43
73,96,635073.5,485096.5,113.5,GRASS,34,42,44
73,97,635073.5,485097.5,113.51,GRASS,34,42,44
73,98,635073.5,485098.5,113.51,GRASS,33,41,43
73,99,635073.5,485099.5,113.52,GRASS,33,41,43
74,0,635074.5,485000.5,115.08,GRASS,79,81,78
74,1,635074.5,485001.5,115.17,GRASS,51,55,54
74,2,635074.5,485002.5,115.17,GRASS,67,76,57
74,3,635074.5,485003.5,115.15,GRASS,57,81,57
74,4,635074.5,485004.5,115.13,GRASS,70,95,63
74,5,635074.5,485005.5,115.06,GRASS,38,57,38
74,6,635074.5,485006.5,115.1,GRASS,76,100,66
74,7,635074.5,485007.5,115.1,GRASS,77,102,70
74,8,635074.5,485008.5,115.04,GRASS,72,97,65
74,9,635074.5,485009.5,115.06,GRASS,78,96,72
74,10,635074.5,485010.5,115.05,GRASS,79,97,75
74,11,635074.5,485011.5,114.97,GRASS,34,46,44
74,12,635074.5,485012.5,114.97,GRASS,78,83,63
74,13,635074.5,485013.5,114.83,GRASS,78,86,63
74,14,635074.5,485014.5,114.84,ASPHALT,92,104,82
74,15,635074.5,485015.5,114.75,GRASS,68,82,59
74,16,635074.5,485016.5,114.71,GRASS,80,93,75
74,17,635074.5,485017.5,114.71,GRASS,65,80,61
74,18,635074.5,485018.5,114.71,ASPHALT,87,100,80
74,19,635074.5,485019.5,114.69,GRASS,62,75,58
74,20,635074.5,485020.5,114.68,GRASS,69,76,58
74,21,635074.5,485021.5,114.68,GRASS,84,98,73
74,22,635074.5,485022.5,114.65,ASPHALT,94,101,83
74,23,635074.5,485023.5,114.66,CONCRETE,158,149,134
74,24,635074.5,485024.5,114.63,CONCRETE,165,151,138
74,25,635074.5,485025.5,114.6,ASPHALT,130,123,105
74,26,635074.5,485026.5,114.6,ASPHALT,92,97,77
74,27,635074.5,485027.5,114.55,GRASS,69,87,65
74,28,635074.5,485028.5,114.57,GRASS,65,78,61
74,29,635074.5,485029.5,114.55,DIRT,103,98,79
74,30,635074.5,485030.5,114.58,ASPHALT,120,115,95
74,31,635074.5,485031.5,114.58,ASPHALT,129,123,107
74,32,635074.5,485032.5,114.58,CONCRETE,140,133,117
74,33,635074.5,485033.5,114.55,GRASS,71,84,66
74,34,635074.5,485034.5,114.51,GRASS,69,86,68
74,35,635074.5,485035.5,114.53,GRASS,67,84,66
74,36,635074.5,485036.5,114.53,GRASS,76,91,72
74,37,635074.5,485037.5,114.53,GRASS,80,95,74
74,38,635074.5,485038.5,114.48,GRASS,81,94,74
74,39,635074.5,485039.5,114.51,GRASS,68,81,64
74,40,635074.5,485040.5,114.51,ASPHALT,89,100,83
74,41,635074.5,485041.5,114.49,ASPHALT,85,97,77
74,42,635074.5,485042.5,114.48,ASPHALT,91,103,83
74,43,635074.5,485043.5,114.44,ASPHALT,86,99,81
74,44,635074.5,485044.5,114.42,GRASS,75,90,71
74,45,635074.5,485045.5,114.42,GRASS,62,79,61
74,46,635074.5,485046.5,114.44,GRASS,67,82,63
74,47,635074.5,485047.5,114.39,GRASS,72,85,68
74,48,635074.5,485048.5,114.4,GRASS,76,89,69
74,49,635074.5,485049.5,114.37,GRASS,77,90,70
74,50,635074.5,485050.5,114.37,GRASS,75,88,70
74,51,635074.5,485051.5,114.3,ASPHALT,95,107,83
74,52,635074.5,485052.5,114.29,ASPHALT,110,113,92
74,53,635074.5,485053.5,114.25,ASPHALT,116,111,92
74,54,635074.5,485054.5,114.23,CONCRETE,164,154,142
74,55,635074.5,485055.5,114.23,CONCRETE,147,137,125
74,56,635074.5,485056.5,114.18,CONCRETE,154,146,133
74,57,635074.5,485057.5,114.2,ASPHALT,116,113,96
74,58,635074.5,485058.5,114.17,ASPHALT,126,121,101
74,59,635074.5,485059.5,114.16,ASPHALT,106,111,89
74,60,635074.5,485060.5,114.16,ASPHALT,95,100,77
74,61,635074.5,485061.5,114.13,ASPHALT,98,101,80
74,62,635074.5,485062.5,114.12,ASPHALT,116,115,94
74,63,635074.5,485063.5,114.12,ASPHALT,102,106,83
74,64,635074.5,485064.5,114.12,ASPHALT,103,107,84
74,65,635074.5,485065.5,113.97,ASPHALT,123,120,101
74,66,635074.5,485066.5,113.65,CONCRETE,158,156,144
74,67,635074.5,485067.5,113.54,CONCRETE,154,154,146
74,68,635074.5,485068.5,113.53,GRASS,58,59,54
74,69,635074.5,485069.5,113.53,GRASS,45,50,46
74,70,635074.5,485070.5,113.52,GRASS,40,46,46
74,71,635074.5,485071.5,113.51,GRASS,39,45,45
74,72,635074.5,485072.5,113.54,GRASS,35,43,45
74,73,635074.5,485073.5,113.52,GRASS,36,45,44
74,74,635074.5,485074.5,113.52,GRASS,35,44,43
74,75,635074.5,485075.5,113.53,GRASS,35,44,43
74,76,635074.5,485076.5,113.53,GRASS,34,43,42
74,77,635074.5,485077.5,113.54,GRASS,34,43,42
74,78,635074.5,485078.5,113.54,GRASS,34,43,42
74,79,635074.5,485079.5,113.54,GRASS,33,41,44
74,80,635074.5,485080.5,113.55,GRASS,34,43,42
74,81,635074.5,485081.5,113.55,GRASS,35,44,43
74,82,635074.5,485082.5,113.53,GRASS,34,43,42
74,83,635074.5,485083.5,113.53,GRASS,34,43,40
74,84,635074.5,485084.5,113.53,GRASS,34,42,44
74,85,635074.5,485085.5,113.52,GRASS,34,44,45
74,86,635074.5,485086.5,113.5,GRASS,34,42,44
74,87,635074.5,485087.5,113.52,GRASS,34,43,42
74,88,635074.5,485088.5,113.52,GRASS,35,44,43
74,89,635074.5,485089.5,113.54,GRASS,33,43,44
74,90,635074.5,485090.5,113.53,GRASS,34,42,44
74,91,635074.5,485091.5,113.53,GRASS,34,43,42
74,92,635074.5,485092.5,113.54,GRASS,33,41,43
74,93,635074.5,485093.5,113.54,GRASS,34,42,44
74,94,635074.5,485094.5,113.52,GRASS,34,43,42
74,95,635074.5,485095.5,113.5,GRASS,34,42,44
74,96,635074.5,485096.5,113.47,GRASS,34,44,45
74,97,635074.5,485097.5,113.51,GRASS,34,43,42
74,98,635074.5,485098.5,113.51,GRASS,34,43,42
74,99,635074.5,485099.5,113.52,GRASS,34,43,42
75,0,635075.5,485000.5,115.11,GRASS,48,55,48
75,1,635075.5,485001.5,115.18,GRASS,62,86,64
75,2,635075.5,485002.5,115.18,ASPHALT,93,92,74
75,3,635075.5,485003.5,115.17,GRASS,70,75,52
75,4,635075.5,485004.5,115.12,GRASS,63,89,52
75,5,635075.5,485005.5,115.12,GRASS,87,112,72
75,6,635075.5,485006.5,115.07,GRASS,50,67,49
75,7,635075.5,485007.5,115.07,GRASS,81,103,67
75,8,635075.5,485008.5,115.03,GRASS,81,107,72
75,9,635075.5,485009.5,115.05,GRASS,54,77,51
75,10,635075.5,485010.5,115.07,GRASS,48,65,49
75,11,635075.5,485011.5,115.02,GRASS,67,79,59
75,12,635075.5,485012.5,115.02,ASPHALT,118,116,95
75,13,635075.5,485013.5,114.89,GRASS,86,95,66
75,14,635075.5,485014.5,114.81,ASPHALT,96,101,81
75,15,635075.5,485015.5,114.76,ASPHALT,99,104,84
75,16,635075.5,485016.5,114.73,ASPHALT,94,97,80
75,17,635075.5,485017.5,114.73,ASPHALT,103,111,90
75,18,635075.5,485018.5,114.7,ASPHALT,102,114,92
75,19,635075.5,485019.5,114.67,GRASS,81,89,68
75,20,635075.5,485020.5,114.66,ASPHALT,91,102,85
75,21,635075.5,485021.5,114.66,ASPHALT,110,118,97
75,22,635075.5,485022.5,114.69,ASPHALT,97,102,82
75,23,635075.5,485023.5,114.66,CONCRETE,162,152,140
75,24,635075.5,485024.5,114.62,CONCRETE,169,155,142
75,25,635075.5,485025.5,114.59,ASPHALT,98,97,77
75,26,635075.5,485026.5,114.59,ASPHALT,100,108,85
75,27,635075.5,485027.5,114.56,GRASS,82,95,75
75,28,635075.5,485028.5,114.56,GRASS,85,90,70
75,29,635075.5,485029.5,114.53,DIRT,98,98,74
75,30,635075.5,485030.5,114.57,ASPHALT,112,111,90
75,31,635075.5,485031.5,114.57,ASPHALT,106,103,86
75,32,635075.5,485032.5,114.53,ASPHALT,97,102,82
75,33,635075.5,485033.5,114.55,GRASS,75,86,69
75,34,635075.5,485034.5,114.49,GRASS,78,93,74
75,35,635075.5,485035.5,114.5,GRASS,75,92,73
75,36,635075.5,485036.5,114.5,GRASS,69,84,65
75,37,635075.5,485037.5,114.5,GRASS,74,87,67
75,38,635075.5,485038.5,114.49,GRASS,79,92,75
75,39,635075.5,485039.5,114.47,GRASS,80,95,76
75,40,635075.5,485040.5,114.47,GRASS,82,97,76
75,41,635075.5,485041.5,114.47,ASPHALT,82,95,77
75,42,635075.5,485042.5,114.43,GRASS,81,96,77
75,43,635075.5,485043.5,114.43,GRASS,81,94,74
75,44,635075.5,485044.5,114.39,GRASS,78,92,75
75,45,635075.5,485045.5,114.39,GRASS,76,93,74
75,46,635075.5,485046.5,114.4,ASPHALT,84,97,77
75,47,635075.5,485047.5,114.41,GRASS,72,87,68
75,48,635075.5,485048.5,114.37,GRASS,78,91,71
75,49,635075.5,485049.5,114.35,GRASS,58,73,52
75,50,635075.5,485050.5,114.35,GRASS,70,83,63
75,51,635075.5,485051.5,114.3,GRASS,83,92,71
75,52,635075.5,485052.5,114.25,ASPHALT,99,100,82
75,53,635075.5,485053.5,114.22,ASPHALT,130,123,107
75,54,635075.5,485054.5,114.23,CONCRETE,154,145,130
75,55,635075.5,485055.5,114.23,CONCRETE,160,150,138
75,56,635075.5,485056.5,114.23,CONCRETE,138,131,113
75,57,635075.5,485057.5,114.18,ASPHALT,122,115,97
75,58,635075.5,485058.5,114.19,ASPHALT,112,115,94
75,59,635075.5,485059.5,114.16,ASPHALT,94,102,79
75,60,635075.5,485060.5,114.16,ASPHALT,102,107,85
75,61,635075.5,485061.5,114.13,ASPHALT,97,102,80
75,62,635075.5,485062.5,114.08,ASPHALT,111,113,91
75,63,635075.5,485063.5,114.08,ASPHALT,108,106,85
75,64,635075.5,485064.5,114.08,ASPHALT,97,99,78
75,65,635075.5,485065.5,113.77,CONCRETE,159,157,144
75,66,635075.5,485066.5,113.55,CONCRETE,130,130,122
75,67,635075.5,485067.5,113.55,ASPHALT,108,109,104
75,68,635075.5,485068.5,113.54,GRASS,48,51,44
75,69,635075.5,485069.5,113.54,GRASS,41,45,44
75,70,635075.5,485070.5,113.53,GRASS,39,45,43
75,71,635075.5,485071.5,113.52,GRASS,44,49,52
75,72,635075.5,485072.5,113.53,GRASS,36,44,46
75,73,635075.5,485073.5,113.53,GRASS,35,43,45
75,74,635075.5,485074.5,113.53,GRASS,35,43,45
75,75,635075.5,485075.5,113.54,GRASS,34,42,44
75,76,635075.5,485076.5,113.54,GRASS,35,44,43
75,77,635075.5,485077.5,113.55,GRASS,35,43,45
75,78,635075.5,485078.5,113.55,GRASS,35,43,45
75,79,635075.5,485079.5,113.55,GRASS,34,44,45
75,80,635075.5,485080.5,113.55,GRASS,35,44,43
75,81,635075.5,485081.5,113.54,GRASS,33,42,41
75,82,635075.5,485082.5,113.5,GRASS,35,43,45
75,83,635075.5,485083.5,113.5,GRASS,35,44,43
75,84,635075.5,485084.5,113.52,GRASS,34,42,44
75,85,635075.5,485085.5,113.51,GRASS,35,44,41
75,86,635075.5,485086.5,113.46,GRASS,35,43,45
75,87,635075.5,485087.5,113.47,GRASS,34,43,42
75,88,635075.5,485088.5,113.47,GRASS,35,44,43
75,89,635075.5,485089.5,113.51,GRASS,33,41,43
75,90,635075.5,485090.5,113.5,GRASS,33,42,41
75,91,635075.5,485091.5,113.51,GRASS,33,42,41
75,92,635075.5,485092.5,113.52,GRASS,34,42,44
75,93,635075.5,485093.5,113.52,GRASS,34,42,44
75,94,635075.5,485094.5,113.52,GRASS,34,43,42
75,95,635075.5,485095.5,113.48,GRASS,36,44,46
75,96,635075.5,485096.5,113.44,GRASS,35,44,43
75,97,635075.5,485097.5,113.48,GRASS,33,42,41
75,98,635075.5,485098.5,113.48,GRASS,33,41,43
75,99,635075.5,485099.5,113.51,GRASS,33,42,41
76,0,635076.5,485000.5,115.18,GRASS,52,71,52
76,1,635076.5,485001.5,115.17,GRASS,48,64,38
76,2,635076.5,485002.5,115.17,GRASS,79,89,65
76,3,635076.5,485003.5,115.11,GRASS,75,89,64
76,4,635076.5,485004.5,115.11,GRASS,79,93,67
76,5,635076.5,485005.5,115.03,GRASS,81,93,69
76,6,635076.5,485006.5,115.0,ASPHALT,92,109,75
76,7,635076.5,485007.5,115.0,GRASS,77,99,61
76,8,635076.5,485008.5,115.06,GRASS,82,103,72
76,9,635076.5,485009.5,115.01,GRASS,22,39,21
76,10,635076.5,485010.5,115.01,GRASS,55,69,54
76,11,635076.5,485011.5,115.0,GRASS,86,91,69
76,12,635076.5,485012.5,115.0,ASPHALT,96,107,77
76,13,635076.5,485013.5,114.97,GRASS,75,87,63
76,14,635076.5,485014.5,114.87,ASPHALT,93,103,79
76,15,635076.5,485015.5,114.73,ASPHALT,89,97,74
76,16,635076.5,485016.5,114.72,GRASS,52,55,46
76,17,635076.5,485017.5,114.72,ASPHALT,96,101,79
76,18,635076.5,485018.5,114.72,ASPHALT,100,104,81
76,19,635076.5,485019.5,114.73,GRASS,80,92,70
76,20,635076.5,485020.5,114.68,GRASS,72,87,68
76,21,635076.5,485021.5,114.68,GRASS,76,89,71
76,22,635076.5,485022.5,114.64,ASPHALT,110,107,90
76,23,635076.5,485023.5,114.62,CONCRETE,165,155,143
76,24,635076.5,485024.5,114.57,CONCRETE,169,160,143
76,25,635076.5,485025.5,114.58,ASPHALT,100,105,83
76,26,635076.5,485026.5,114.58,ASPHALT,87,101,78
76,27,635076.5,485027.5,114.57,ASPHALT,94,106,84
76,28,635076.5,485028.5,114.55,ASPHALT,104,109,87
76,29,635076.5,485029.5,114.55,ASPHALT,127,122,102
76,30,635076.5,485030.5,114.55,ASPHALT,132,125,107
76,31,635076.5,485031.5,114.55,CONCRETE,160,153,137
76,32,635076.5,485032.5,114.5,GRASS,80,89,70
76,33,635076.5,485033.5,114.51,GRASS,74,92,70
76,34,635076.5,485034.5,114.5,GRASS,76,93,75
76,35,635076.5,485035.5,114.48,GRASS,62,74,60
76,36,635076.5,485036.5,114.48,ASPHALT,85,100,81
76,37,635076.5,485037.5,114.47,GRASS,78,93,72
76,38,635076.5,485038.5,114.46,GRASS,71,86,67
76,39,635076.5,485039.5,114.49,GRASS,79,96,77
76,40,635076.5,485040.5,114.49,GRASS,62,79,63
76,41,635076.5,485041.5,114.47,ASPHALT,86,101,82
76,42,635076.5,485042.5,114.44,GRASS,58,72,57
76,43,635076.5,485043.5,114.37,GRASS,74,88,71
76,44,635076.5,485044.5,114.44,ASPHALT,85,104,82
76,45,635076.5,485045.5,114.44,GRASS,68,82,65
76,46,635076.5,485046.5,114.42,ASPHALT,90,105,84
76,47,635076.5,485047.5,114.4,GRASS,72,89,71
76,48,635076.5,485048.5,114.37,GRASS,75,90,69
76,49,635076.5,485049.5,114.36,GRASS,78,93,72
76,50,635076.5,485050.5,114.36,ASPHALT,90,103,83
76,51,635076.5,485051.5,114.24,ASPHALT,95,103,80
76,52,635076.5,485052.5,114.25,ASPHALT,114,113,95
76,53,635076.5,485053.5,114.21,CONCRETE,148,139,124
76,54,635076.5,485054.5,114.23,CONCRETE,151,141,129
76,55,635076.5,485055.5,114.23,ASPHALT,134,127,111
76,56,635076.5,485056.5,114.18,ASPHALT,133,128,109
76,57,635076.5,485057.5,114.17,ASPHALT,126,121,102
76,58,635076.5,485058.5,114.17,ASPHALT,104,106,85
76,59,635076.5,485059.5,114.1,ASPHALT,87,99,75
76,60,635076.5,485060.5,114.1,ASPHALT,102,111,90
76,61,635076.5,485061.5,114.1,ASPHALT,98,108,84
76,62,635076.5,485062.5,114.1,ASPHALT,102,107,84
76,63,635076.5,485063.5,113.98,ASPHALT,90,95,73
76,64,635076.5,485064.5,113.98,ASPHALT,101,102,84
76,65,635076.5,485065.5,113.62,CONCRETE,153,151,139
76,66,635076.5,485066.5,113.51,CONCRETE,141,142,136
76,67,635076.5,485067.5,113.5,GRASS,58,59,53
76,68,635076.5,485068.5,113.52,GRASS,45,49,48
76,69,635076.5,485069.5,113.52,GRASS,41,45,46
76,70,635076.5,485070.5,113.54,GRASS,47,52,55
76,71,635076.5,485071.5,113.53,GRASS,35,43,45
76,72,635076.5,485072.5,113.52,GRASS,37,46,45
76,73,635076.5,485073.5,113.53,GRASS,36,44,46
76,74,635076.5,485074.5,113.53,GRASS,34,44,45
76,75,635076.5,485075.5,113.54,GRASS,34,43,42
76,76,635076.5,485076.5,113.55,GRASS,34,43,42
76,77,635076.5,485077.5,113.55,GRASS,35,44,43
76,78,635076.5,485078.5,113.55,GRASS,34,42,44
76,79,635076.5,485079.5,113.55,GRASS,35,44,43
76,80,635076.5,485080.5,113.54,GRASS,34,43,42
76,81,635076.5,485081.5,113.52,GRASS,35,43,45
76,82,635076.5,485082.5,113.46,GRASS,35,43,45
76,83,635076.5,485083.5,113.46,GRASS,34,43,42
76,84,635076.5,485084.5,113.48,GRASS,34,42,44
76,85,635076.5,485085.5,113.5,GRASS,35,41,41
76,86,635076.5,485086.5,113.52,GRASS,35,44,43
76,87,635076.5,485087.5,113.52,GRASS,34,43,42
76,88,635076.5,485088.5,113.52,GRASS,35,43,45
76,89,635076.5,485089.5,113.53,GRASS,36,45,44
76,90,635076.5,485090.5,113.51,GRASS,35,43,45
76,91,635076.5,485091.5,113.52,GRASS,34,43,42
76,92,635076.5,485092.5,113.53,GRASS,34,43,42
76,93,635076.5,485093.5,113.53,GRASS,34,43,40
76,94,635076.5,485094.5,113.49,GRASS,34,42,44
76,95,635076.5,485095.5,113.47,GRASS,34,42,44
76,96,635076.5,485096.5,113.46,GRASS,34,43,42
76,97,635076.5,485097.5,113.46,GRASS,32,40,42
76,98,635076.5,485098.5,113.46,GRASS,33,41,43
76,99,635076.5,485099.5,113.49,GRASS,33,43,44
77,0,635077.5,485000.5,115.18,GRASS,52,65,48
77,1,635077.5,485001.5,115.17,GRASS,75,88,62
77,2,635077.5,485002.5,115.17,ASPHALT,91,107,78
77,3,635077.5,485003.5,115.11,GRASS,70,93,67
77,4,635077.5,485004.5,115.11,GRASS,63,81,55
77,5,635077.5,485005.5,115.03,GRASS,65,83,61
77,6,635077.5,485006.5,115.0,GRASS,73,91,67
77,7,635077.5,485007.5,115.0,GRASS,37,51,36
77,8,635077.5,485008.5,115.06,GRASS,22,36,36
77,9,635077.5,485009.5,115.01,GRASS,36,48,44
77,10,635077.5,485010.5,115.01,GRASS,51,64,54
77,11,635077.5,485011.5,115.0,ASPHALT,90,104,79
77,12,635077.5,485012.5,115.0,GRASS,61,74,56
77,13,635077.5,485013.5,114.97,ASPHALT,87,106,78
77,14,635077.5,485014.5,114.87,GRASS,67,86,56
77,15,635077.5,485015.5,114.73,GRASS,85,104,74
77,16,635077.5,485016.5,114.72,GRASS,48,61,51
77,17,635077.5,485017.5,114.72,GRASS,33,42,37
77,18,635077.5,485018.5,114.72,GRASS,41,50,45
77,19,635077.5,485019.5,114.73,GRASS,64,75,61
77,20,635077.5,485020.5,114.68,ASPHALT,79,96,80
77,21,635077.5,485021.5,114.68,GRASS,83,90,74
77,22,635077.5,485022.5,114.64,ASPHALT,133,125,112
77,23,635077.5,485023.5,114.62,CONCRETE,168,154,141
77,24,635077.5,485024.5,114.57,CONCRETE,148,139,122
77,25,635077.5,485025.5,114.58,ASPHALT,105,107,86
77,26,635077.5,485026.5,114.58,GRASS,81,96,75
77,27,635077.5,485027.5,114.57,ASPHALT,87,96,79
77,28,635077.5,485028.5,114.55,ASPHALT,97,100,81
77,29,635077.5,485029.5,114.55,CONCRETE,148,141,123
77,30,635077.5,485030.5,114.55,ASPHALT,126,120,104
77,31,635077.5,485031.5,114.55,ASPHALT,134,127,111
77,32,635077.5,485032.5,114.5,GRASS,55,67,53
77,33,635077.5,485033.5,114.51,GRASS,63,76,59
77,34,635077.5,485034.5,114.5,GRASS,57,70,53
77,35,635077.5,485035.5,114.48,GRASS,67,82,63
77,36,635077.5,485036.5,114.48,GRASS,74,88,71
77,37,635077.5,485037.5,114.47,GRASS,63,76,58
77,38,635077.5,485038.5,114.46,GRASS,68,83,64
77,39,635077.5,485039.5,114.49,GRASS,75,92,73
77,40,635077.5,485040.5,114.49,GRASS,68,85,67
77,41,635077.5,485041.5,114.47,GRASS,70,85,66
77,42,635077.5,485042.5,114.44,GRASS,70,87,69
77,43,635077.5,485043.5,114.37,GRASS,71,88,70
77,44,635077.5,485044.5,114.44,GRASS,59,76,58
77,45,635077.5,485045.5,114.44,GRASS,76,91,72
77,46,635077.5,485046.5,114.42,ASPHALT,85,98,78
77,47,635077.5,485047.5,114.4,GRASS,77,94,75
77,48,635077.5,485048.5,114.37,GRASS,83,96,76
77,49,635077.5,485049.5,114.36,GRASS,75,88,70
77,50,635077.5,485050.5,114.36,ASPHALT,94,103,84
77,51,635077.5,485051.5,114.24,ASPHALT,101,104,85
77,52,635077.5,485052.5,114.25,ASPHALT,109,111,90
77,53,635077.5,485053.5,114.21,CONCRETE,148,138,126
77,54,635077.5,485054.5,114.23,ASPHALT,135,126,111
77,55,635077.5,485055.5,114.23,ASPHALT,115,110,91
77,56,635077.5,485056.5,114.18,ASPHALT,129,123,107
77,57,635077.5,485057.5,114.17,CONCRETE,135,130,111
77,58,635077.5,485058.5,114.17,ASPHALT,113,116,95
77,59,635077.5,485059.5,114.1,ASPHALT,98,106,83
77,60,635077.5,485060.5,114.1,ASPHALT,94,106,82
77,61,635077.5,485061.5,114.1,ASPHALT,94,106,84
77,62,635077.5,485062.5,114.1,ASPHALT,103,113,89
77,63,635077.5,485063.5,113.98,ASPHALT,91,96,74
77,64,635077.5,485064.5,113.98,CONCRETE,175,173,160
77,65,635077.5,485065.5,113.62,CONCRETE,145,142,133
77,66,635077.5,485066.5,113.51,GRASS,70,71,63
77,67,635077.5,485067.5,113.5,GRASS,45,50,46
77,68,635077.5,485068.5,113.52,GRASS,40,45,48
77,69,635077.5,485069.5,113.52,GRASS,39,45,45
77,70,635077.5,485070.5,113.54,GRASS,35,44,43
77,71,635077.5,485071.5,113.53,GRASS,34,43,42
77,72,635077.5,485072.5,113.52,GRASS,35,44,43
77,73,635077.5,485073.5,113.53,GRASS,36,45,44
77,74,635077.5,485074.5,113.53,GRASS,37,46,45
77,75,635077.5,485075.5,113.54,GRASS,34,43,42
77,76,635077.5,485076.5,113.55,GRASS,35,43,45
77,77,635077.5,485077.5,113.55,GRASS,33,43,44
77,78,635077.5,485078.5,113.55,GRASS,36,44,46
77,79,635077.5,485079.5,113.55,GRASS,36,45,44
77,80,635077.5,485080.5,113.54,GRASS,33,42,41
77,81,635077.5,485081.5,113.52,GRASS,40,48,51
77,82,635077.5,485082.5,113.46,GRASS,35,44,43
77,83,635077.5,485083.5,113.46,GRASS,37,42,45
77,84,635077.5,485084.5,113.48,GRASS,34,42,44
77,85,635077.5,485085.5,113.5,GRASS,33,42,41
77,86,635077.5,485086.5,113.52,GRASS,34,43,42
77,87,635077.5,485087.5,113.52,GRASS,33,41,43
77,88,635077.5,485088.5,113.52,GRASS,33,41,43
77,89,635077.5,485089.5,113.53,GRASS,37,43,43
77,90,635077.5,485090.5,113.51,GRASS,36,42,42
77,91,635077.5,485091.5,113.52,GRASS,34,43,42
77,92,635077.5,485092.5,113.53,GRASS,34,42,44
77,93,635077.5,485093.5,113.53,GRASS,34,43,42
77,94,635077.5,485094.5,113.49,GRASS,34,43,42
77,95,635077.5,485095.5,113.47,GRASS,34,42,44
77,96,635077.5,485096.5,113.46,GRASS,32,41,40
77,97,635077.5,485097.5,113.46,GRASS,33,42,41
77,98,635077.5,485098.5,113.46,GRASS,34,43,42
77,99,635077.5,485099.5,113.49,GRASS,33,42,41
78,0,635078.5,485000.5,115.24,ASPHALT,86,107,76
78,1,635078.5,485001.5,115.17,ASPHALT,86,110,76
78,2,635078.5,485002.5,115.17,GRASS,81,97,68
78,3,635078.5,485003.5,115.17,GRASS,72,92,64
78,4,635078.5,485004.5,115.09,GRASS,72,90,66
78,5,635078.5,485005.5,114.98,GRASS,67,85,61
78,6,635078.5,485006.5,115.01,GRASS,60,74,57
78,7,635078.5,485007.5,115.01,GRASS,62,76,59
78,8,635078.5,485008.5,115.03,GRASS,29,43,43
78,9,635078.5,485009.5,115.02,GRASS,24,34,35
78,10,635078.5,485010.5,115.0,GRASS,40,58,42
78,11,635078.5,485011.5,114.95,GRASS,65,86,55
78,12,635078.5,485012.5,114.95,ASPHALT,92,114,78
78,13,635078.5,485013.5,115.01,GRASS,79,99,71
78,14,635078.5,485014.5,115.0,GRASS,80,99,71
78,15,635078.5,485015.5,114.79,GRASS,38,54,41
78,16,635078.5,485016.5,114.78,GRASS,45,61,48
78,17,635078.5,485017.5,114.78,GRASS,47,64,48
78,18,635078.5,485018.5,114.73,GRASS,23,37,40
78,19,635078.5,485019.5,114.68,GRASS,32,43,47
78,20,635078.5,485020.5,114.67,GRASS,32,47,42
78,21,635078.5,485021.5,114.67,GRASS,80,91,75
78,22,635078.5,485022.5,114.65,CONCRETE,159,149,137
78,23,635078.5,485023.5,114.59,CONCRETE,163,149,136
78,24,635078.5,485024.5,114.58,ASPHALT,118,111,93
78,25,635078.5,485025.5,114.57,ASPHALT,93,101,78
78,26,635078.5,485026.5,114.57,ASPHALT,93,107,81
78,27,635078.5,485027.5,114.56,ASPHALT,91,99,78
78,28,635078.5,485028.5,114.53,ASPHALT,100,99,79
78,29,635078.5,485029.5,114.54,ASPHALT,117,110,91
78,30,635078.5,485030.5,114.53,ASPHALT,106,103,88
78,31,635078.5,485031.5,114.53,ASPHALT,91,98,80
78,32,635078.5,485032.5,114.52,ASPHALT,82,93,77
78,33,635078.5,485033.5,114.53,GRASS,69,82,64
78,34,635078.5,485034.5,114.49,GRASS,72,86,69
78,35,635078.5,485035.5,114.48,GRASS,63,76,59
78,36,635078.5,485036.5,114.48,GRASS,69,82,65
78,37,635078.5,485037.5,114.48,GRASS,64,79,60
78,38,635078.5,485038.5,114.49,GRASS,66,80,65
78,39,635078.5,485039.5,114.46,GRASS,71,86,67
78,40,635078.5,485040.5,114.46,GRASS,71,86,67
78,41,635078.5,485041.5,114.46,GRASS,65,82,64
78,42,635078.5,485042.5,114.38,GRASS,61,78,59
78,43,635078.5,485043.5,114.37,GRASS,63,80,62
78,44,635078.5,485044.5,114.44,ASPHALT,81,95,78
78,45,635078.5,485045.5,114.44,GRASS,64,81,62
78,46,635078.5,485046.5,114.43,GRASS,77,94,75
78,47,635078.5,485047.5,114.41,GRASS,68,83,62
78,48,635078.5,485048.5,114.34,ASPHALT,93,107,84
78,49,635078.5,485049.5,114.33,GRASS,74,87,69
78,50,635078.5,485050.5,114.33,ASPHALT,87,95,74
78,51,635078.5,485051.5,114.24,ASPHALT,91,96,76
78,52,635078.5,485052.5,114.24,ASPHALT,118,115,98
78,53,635078.5,485053.5,114.21,CONCRETE,152,142,130
78,54,635078.5,485054.5,114.18,ASPHALT,134,127,111
78,55,635078.5,485055.5,114.18,ASPHALT,122,119,102
78,56,635078.5,485056.5,114.19,ASPHALT,114,111,92
78,57,635078.5,485057.5,114.18,ASPHALT,117,114,95
78,58,635078.5,485058.5,114.14,ASPHALT,108,111,90
78,59,635078.5,485059.5,114.12,ASPHALT,95,100,78
78,60,635078.5,485060.5,114.12,ASPHALT,87,99,77
78,61,635078.5,485061.5,114.11,ASPHALT,92,104,80
78,62,635078.5,485062.5,114.08,ASPHALT,89,99,75
78,63,635078.5,485063.5,113.78,ASPHALT,101,104,85
78,64,635078.5,485064.5,113.78,CONCRETE,149,142,134
78,65,635078.5,485065.5,113.47,CONCRETE,133,133,125
78,66,635078.5,485066.5,113.48,GRASS,55,56,50
78,67,635078.5,485067.5,113.49,GRASS,42,46,45
78,68,635078.5,485068.5,113.5,GRASS,40,46,46
78,69,635078.5,485069.5,113.5,GRASS,38,44,44
78,70,635078.5,485070.5,113.51,GRASS,37,46,45
78,71,635078.5,485071.5,113.52,GRASS,38,44,44
78,72,635078.5,485072.5,113.53,GRASS,36,45,44
78,73,635078.5,485073.5,113.54,GRASS,34,43,42
78,74,635078.5,485074.5,113.54,GRASS,37,45,47
78,75,635078.5,485075.5,113.55,GRASS,35,44,43
78,76,635078.5,485076.5,113.56,GRASS,34,42,44
78,77,635078.5,485077.5,113.55,GRASS,36,45,44
78,78,635078.5,485078.5,113.54,GRASS,36,45,44
78,79,635078.5,485079.5,113.54,GRASS,34,42,44
78,80,635078.5,485080.5,113.53,GRASS,34,43,42
78,81,635078.5,485081.5,113.48,GRASS,35,43,46
78,82,635078.5,485082.5,113.48,GRASS,33,42,41
78,83,635078.5,485083.5,113.48,GRASS,35,44,43
78,84,635078.5,485084.5,113.49,GRASS,34,43,42
78,85,635078.5,485085.5,113.51,GRASS,35,43,45
78,86,635078.5,485086.5,113.52,GRASS,33,42,41
78,87,635078.5,485087.5,113.53,GRASS,36,42,42
78,88,635078.5,485088.5,113.53,GRASS,33,42,41
78,89,635078.5,485089.5,113.56,GRASS,33,41,43
78,90,635078.5,485090.5,113.55,GRASS,33,41,43
78,91,635078.5,485091.5,113.55,GRASS,33,41,43
78,92,635078.5,485092.5,113.55,GRASS,34,42,44
78,93,635078.5,485093.5,113.55,GRASS,33,41,43
78,94,635078.5,485094.5,113.54,GRASS,33,42,41
78,95,635078.5,485095.5,113.52,GRASS,33,41,43
78,96,635078.5,485096.5,113.51,GRASS,34,42,44
78,97,635078.5,485097.5,113.49,GRASS,33,42,41
78,98,635078.5,485098.5,113.49,GRASS,34,43,42
78,99,635078.5,485099.5,113.52,GRASS,34,42,44
79,0,635079.5,485000.5,115.22,GRASS,73,94,61
79,1,635079.5,485001.5,115.1,ASPHALT,98,122,86
79,2,635079.5,485002.5,115.1,ASPHALT,96,111,80
79,3,635079.5,485003.5,115.13,GRASS,73,88,65
79,4,635079.5,485004.5,115.05,GRASS,58,76,54
79,5,635079.5,485005.5,115.06,GRASS,72,88,61
79,6,635079.5,485006.5,115.05,GRASS,46,63,47
79,7,635079.5,485007.5,115.05,GRASS,47,61,48
79,8,635079.5,485008.5,114.96,GRASS,24,38,39
79,9,635079.5,485009.5,115.01,GRASS,20,30,39
79,10,635079.5,485010.5,114.97,GRASS,24,37,28
79,11,635079.5,485011.5,114.97,ASPHALT,105,127,88
79,12,635079.5,485012.5,114.97,GRASS,78,102,66
79,13,635079.5,485013.5,115.0,GRASS,80,102,66
79,14,635079.5,485014.5,114.96,GRASS,66,87,56
79,15,635079.5,485015.5,115.0,GRASS,24,45,30
79,16,635079.5,485016.5,114.8,GRASS,36,51,48
79,17,635079.5,485017.5,114.8,GRASS,28,44,44
79,18,635079.5,485018.5,114.72,GRASS,23,34,40
79,19,635079.5,485019.5,114.71,GRASS,24,37,43
79,20,635079.5,485020.5,114.65,GRASS,37,49,47
79,21,635079.5,485021.5,114.65,ASPHALT,90,99,82
79,22,635079.5,485022.5,114.59,CONCRETE,161,149,137
79,23,635079.5,485023.5,114.56,CONCRETE,166,154,140
79,24,635079.5,485024.5,114.59,ASPHALT,107,106,88
79,25,635079.5,485025.5,114.53,ASPHALT,105,113,92
79,26,635079.5,485026.5,114.53,ASPHALT,88,96,75
79,27,635079.5,485027.5,114.56,GRASS,70,85,66
79,28,635079.5,485028.5,114.54,CONCRETE,142,135,117
79,29,635079.5,485029.5,114.53,CONCRETE,158,151,132
79,30,635079.5,485030.5,114.52,CONCRETE,157,150,134
79,31,635079.5,485031.5,114.52,ASPHALT,88,97,78
79,32,635079.5,485032.5,114.53,GRASS,75,88,71
79,33,635079.5,485033.5,114.51,ASPHALT,89,102,85
79,34,635079.5,485034.5,114.49,GRASS,64,78,63
79,35,635079.5,485035.5,114.47,GRASS,62,75,58
79,36,635079.5,485036.5,114.47,GRASS,71,84,66
79,37,635079.5,485037.5,114.48,GRASS,72,85,67
79,38,635079.5,485038.5,114.45,ASPHALT,82,97,78
79,39,635079.5,485039.5,114.43,GRASS,65,82,63
79,40,635079.5,485040.5,114.43,GRASS,71,86,67
79,41,635079.5,485041.5,114.42,GRASS,72,89,70
79,42,635079.5,485042.5,114.39,GRASS,64,78,61
79,43,635079.5,485043.5,114.36,GRASS,64,81,62
79,44,635079.5,485044.5,114.41,GRASS,74,91,72
79,45,635079.5,485045.5,114.41,ASPHALT,86,101,82
79,46,635079.5,485046.5,114.38,GRASS,71,85,62
79,47,635079.5,485047.5,114.38,ASPHALT,98,112,87
79,48,635079.5,485048.5,114.33,GRASS,74,89,70
79,49,635079.5,485049.5,114.33,GRASS,77,90,72
79,50,635079.5,485050.5,114.33,ASPHALT,105,114,93
79,51,635079.5,485051.5,114.27,ASPHALT,90,95,73
79,52,635079.5,485052.5,114.24,CONCRETE,145,139,125
79,53,635079.5,485053.5,114.19,ASPHALT,132,123,108
79,54,635079.5,485054.5,114.17,ASPHALT,124,117,99
79,55,635079.5,485055.5,114.17,ASPHALT,118,115,98
79,56,635079.5,485056.5,114.12,ASPHALT,127,124,105
79,57,635079.5,485057.5,114.15,ASPHALT,111,112,94
79,58,635079.5,485058.5,114.13,ASPHALT,106,107,93
79,59,635079.5,485059.5,114.08,ASPHALT,103,105,83
79,60,635079.5,485060.5,114.08,ASPHALT,95,103,80
79,61,635079.5,485061.5,114.11,GRASS,81,95,72
79,62,635079.5,485062.5,113.98,ASPHALT,91,100,79
79,63,635079.5,485063.5,113.59,CONCRETE,174,171,156
79,64,635079.5,485064.5,113.59,CONCRETE,137,134,125
79,65,635079.5,485065.5,113.5,GRASS,65,65,57
79,66,635079.5,485066.5,113.51,GRASS,45,50,46
79,67,635079.5,485067.5,113.52,GRASS,40,46,44
79,68,635079.5,485068.5,113.53,GRASS,37,46,43
79,69,635079.5,485069.5,113.53,GRASS,37,46,45
79,70,635079.5,485070.5,113.53,GRASS,39,45,45
79,71,635079.5,485071.5,113.53,GRASS,41,47,45
79,72,635079.5,485072.5,113.53,GRASS,36,45,44
79,73,635079.5,485073.5,113.55,GRASS,36,44,46
79,74,635079.5,485074.5,113.55,GRASS,35,43,45
79,75,635079.5,485075.5,113.56,GRASS,35,43,45
79,76,635079.5,485076.5,113.55,GRASS,36,45,44
79,77,635079.5,485077.5,113.54,GRASS,35,44,43
79,78,635079.5,485078.5,113.53,GRASS,35,43,45
79,79,635079.5,485079.5,113.53,GRASS,35,43,45
79,80,635079.5,485080.5,113.5,GRASS,33,42,41
79,81,635079.5,485081.5,113.5,GRASS,36,42,42
79,82,635079.5,485082.5,113.5,GRASS,34,43,42
79,83,635079.5,485083.5,113.5,GRASS,35,44,43
79,84,635079.5,485084.5,113.51,GRASS,31,41,42
79,85,635079.5,485085.5,113.51,GRASS,34,42,44
79,86,635079.5,485086.5,113.52,GRASS,34,43,42
79,87,635079.5,485087.5,113.53,GRASS,34,43,42
79,88,635079.5,485088.5,113.53,GRASS,34,42,44
79,89,635079.5,485089.5,113.56,GRASS,34,43,42
79,90,635079.5,485090.5,113.58,GRASS,33,41,43
79,91,635079.5,485091.5,113.57,GRASS,33,41,43
79,92,635079.5,485092.5,113.55,GRASS,33,41,43
79,93,635079.5,485093.5,113.55,GRASS,35,41,41
79,94,635079.5,485094.5,113.54,GRASS,32,40,42
79,95,635079.5,485095.5,113.54,GRASS,35,43,45
79,96,635079.5,485096.5,113.54,GRASS,33,41,43
79,97,635079.5,485097.5,113.54,GRASS,34,43,42
79,98,635079.5,485098.5,113.54,GRASS,34,43,42
79,99,635079.5,485099.5,113.54,GRASS,33,42,41
80,0,635080.5,485000.5,115.16,GRASS,83,109,74
80,1,635080.5,485001.5,115.14,GRASS,83,107,75
80,2,635080.5,485002.5,115.14,GRASS,72,88,59
80,3,635080.5,485003.5,115.1,GRASS,58,73,52
80,4,635080.5,485004.5,115.09,GRASS,84,100,71
80,5,635080.5,485005.5,115.11,GRASS,57,75,53
80,6,635080.5,485006.5,115.05,GRASS,54,71,52
80,7,635080.5,485007.5,115.05,GRASS,47,63,50
80,8,635080.5,485008.5,115.05,GRASS,44,59,52
80,9,635080.5,485009.5,115.02,GRASS,19,30,32
80,10,635080.5,485010.5,114.94,GRASS,53,65,61
80,11,635080.5,485011.5,115.0,ASPHALT,87,106,76
80,12,635080.5,485012.5,115.0,ASPHALT,95,118,76
80,13,635080.5,485013.5,114.99,GRASS,86,108,70
80,14,635080.5,485014.5,115.03,GRASS,40,58,36
80,15,635080.5,485015.5,115.09,GRASS,41,55,42
80,16,635080.5,485016.5,115.11,GRASS,56,73,57
80,17,635080.5,485017.5,115.11,GRASS,48,66,50
80,18,635080.5,485018.5,114.9,GRASS,25,36,40
80,19,635080.5,485019.5,114.73,GRASS,52,65,55
80,20,635080.5,485020.5,114.66,GRASS,39,52,43
80,21,635080.5,485021.5,114.66,ASPHALT,94,98,83
80,22,635080.5,485022.5,114.61,CONCRETE,166,152,139
80,23,635080.5,485023.5,114.55,CONCRETE,165,153,137
80,24,635080.5,485024.5,114.55,ASPHALT,88,96,75
80,25,635080.5,485025.5,114.54,ASPHALT,100,109,88
80,26,635080.5,485026.5,114.54,ASPHALT,107,112,90
80,27,635080.5,485027.5,114.51,ASPHALT,101,106,86
80,28,635080.5,485028.5,114.55,ASPHALT,125,120,101
80,29,635080.5,485029.5,114.54,ASPHALT,99,97,84
80,30,635080.5,485030.5,114.53,ASPHALT,93,89,80
80,31,635080.5,485031.5,114.53,GRASS,81,94,76
80,32,635080.5,485032.5,114.54,GRASS,62,76,59
80,33,635080.5,485033.5,114.49,GRASS,71,86,67
80,34,635080.5,485034.5,114.49,GRASS,69,83,66
80,35,635080.5,485035.5,114.47,GRASS,68,83,64
80,36,635080.5,485036.5,114.47,ASPHALT,88,101,84
80,37,635080.5,485037.5,114.46,GRASS,71,84,66
80,38,635080.5,485038.5,114.47,GRASS,64,77,60
80,39,635080.5,485039.5,114.48,GRASS,59,73,58
80,40,635080.5,485040.5,114.48,GRASS,72,85,67
80,41,635080.5,485041.5,114.43,GRASS,72,87,68
80,42,635080.5,485042.5,114.37,GRASS,77,92,73
80,43,635080.5,485043.5,114.4,GRASS,66,81,60
80,44,635080.5,485044.5,114.38,GRASS,77,92,71
80,45,635080.5,485045.5,114.38,GRASS,71,86,65
80,46,635080.5,485046.5,114.39,GRASS,74,89,70
80,47,635080.5,485047.5,114.36,ASPHALT,89,103,78
80,48,635080.5,485048.5,114.34,GRASS,66,83,64
80,49,635080.5,485049.5,114.31,GRASS,83,96,76
80,50,635080.5,485050.5,114.31,GRASS,76,91,72
80,51,635080.5,485051.5,114.25,ASPHALT,104,108,91
80,52,635080.5,485052.5,114.19,CONCRETE,157,147,135
80,53,635080.5,485053.5,114.19,CONCRETE,137,127,115
80,54,635080.5,485054.5,114.15,CONCRETE,135,129,113
80,55,635080.5,485055.5,114.15,ASPHALT,123,120,101
80,56,635080.5,485056.5,114.11,ASPHALT,129,126,107
80,57,635080.5,485057.5,114.11,ASPHALT,109,112,93
80,58,635080.5,485058.5,114.1,ASPHALT,110,114,91
80,59,635080.5,485059.5,114.09,ASPHALT,116,120,95
80,60,635080.5,485060.5,114.09,ASPHALT,100,104,81
80,61,635080.5,485061.5,114.05,ASPHALT,87,99,75
80,62,635080.5,485062.5,113.82,ASPHALT,106,109,92
80,63,635080.5,485063.5,113.52,CONCRETE,148,146,134
80,64,635080.5,485064.5,113.52,CONCRETE,136,136,128
80,65,635080.5,485065.5,113.53,GRASS,52,53,48
80,66,635080.5,485066.5,113.54,GRASS,41,47,45
80,67,635080.5,485067.5,113.54,GRASS,40,46,46
80,68,635080.5,485068.5,113.54,GRASS,41,47,45
80,69,635080.5,485069.5,113.54,GRASS,40,46,46
80,70,635080.5,485070.5,113.54,GRASS,37,46,45
80,71,635080.5,485071.5,113.54,GRASS,37,46,45
80,72,635080.5,485072.5,113.54,GRASS,35,44,43
80,73,635080.5,485073.5,113.56,GRASS,36,45,42
80,74,635080.5,485074.5,113.56,GRASS,34,42,44
80,75,635080.5,485075.5,113.55,GRASS,34,43,42
80,76,635080.5,485076.5,113.52,GRASS,35,43,45
80,77,635080.5,485077.5,113.53,GRASS,34,43,42
80,78,635080.5,485078.5,113.52,GRASS,34,42,44
80,79,635080.5,485079.5,113.52,GRASS,35,43,45
80,80,635080.5,485080.5,113.52,GRASS,34,43,42
80,81,635080.5,485081.5,113.52,GRASS,35,44,43
80,82,635080.5,485082.5,113.52,GRASS,33,42,41
80,83,635080.5,485083.5,113.52,GRASS,34,43,42
80,84,635080.5,485084.5,113.5,GRASS,33,42,41
80,85,635080.5,485085.5,113.53,GRASS,34,43,42
80,86,635080.5,485086.5,113.52,GRASS,35,44,43
80,87,635080.5,485087.5,113.53,GRASS,34,42,44
80,88,635080.5,485088.5,113.53,GRASS,33,42,41
80,89,635080.5,485089.5,113.54,GRASS,34,42,44
80,90,635080.5,485090.5,113.54,GRASS,33,42,41
80,91,635080.5,485091.5,113.54,GRASS,33,42,41
80,92,635080.5,485092.5,113.54,GRASS,33,42,41
80,93,635080.5,485093.5,113.54,GRASS,33,41,43
80,94,635080.5,485094.5,113.53,GRASS,33,41,43
80,95,635080.5,485095.5,113.53,GRASS,36,44,46
80,96,635080.5,485096.5,113.53,GRASS,34,42,44
80,97,635080.5,485097.5,113.54,GRASS,33,41,43
80,98,635080.5,485098.5,113.54,GRASS,33,41,43
80,99,635080.5,485099.5,113.54,GRASS,33,41,43
81,0,635081.5,485000.5,115.12,GRASS,84,109,70
81,1,635081.5,485001.5,115.11,GRASS,72,96,64
81,2,635081.5,485002.5,115.11,GRASS,81,98,66
81,3,635081.5,485003.5,115.1,GRASS,72,91,61
81,4,635081.5,485004.5,115.05,GRASS,67,85,59
81,5,635081.5,485005.5,115.09,GRASS,61,79,53
81,6,635081.5,485006.5,115.06,GRASS,66,80,65
81,7,635081.5,485007.5,115.06,GRASS,63,82,63
81,8,635081.5,485008.5,115.02,GRASS,47,62,59
81,9,635081.5,485009.5,114.99,GRASS,22,33,37
81,10,635081.5,485010.5,114.96,GRASS,24,38,39
81,11,635081.5,485011.5,114.99,GRASS,34,47,37
81,12,635081.5,485012.5,114.99,GRASS,77,90,62
81,13,635081.5,485013.5,115.09,GRASS,82,105,63
81,14,635081.5,485014.5,115.1,GRASS,74,95,64
81,15,635081.5,485015.5,115.16,GRASS,54,72,50
81,16,635081.5,485016.5,115.29,GRASS,41,54,45
81,17,635081.5,485017.5,115.29,GRASS,36,49,42
81,18,635081.5,485018.5,115.11,GRASS,55,65,54
81,19,635081.5,485019.5,114.88,GRASS,61,76,57
81,20,635081.5,485020.5,114.67,ASPHALT,84,97,77
81,21,635081.5,485021.5,114.67,ASPHALT,109,112,93
81,22,635081.5,485022.5,114.61,CONCRETE,166,152,139
81,23,635081.5,485023.5,114.56,CONCRETE,159,150,135
81,24,635081.5,485024.5,114.58,ASPHALT,93,103,79
81,25,635081.5,485025.5,114.54,ASPHALT,99,112,86
81,26,635081.5,485026.5,114.54,ASPHALT,101,106,84
81,27,635081.5,485027.5,114.55,ASPHALT,125,120,100
81,28,635081.5,485028.5,114.56,ASPHALT,120,117,100
81,29,635081.5,485029.5,114.54,ASPHALT,122,118,106
81,30,635081.5,485030.5,114.54,ASPHALT,96,105,86
81,31,635081.5,485031.5,114.54,GRASS,74,89,70
81,32,635081.5,485032.5,114.51,GRASS,85,82,65
81,33,635081.5,485033.5,114.53,GRASS,61,61,49
81,34,635081.5,485034.5,114.48,GRASS,71,82,66
81,35,635081.5,485035.5,114.46,GRASS,73,85,65
81,36,635081.5,485036.5,114.46,GRASS,73,84,67
81,37,635081.5,485037.5,114.44,GRASS,58,71,54
81,38,635081.5,485038.5,114.47,GRASS,65,79,62
81,39,635081.5,485039.5,114.45,ASPHALT,82,95,78
81,40,635081.5,485040.5,114.45,GRASS,70,85,66
81,41,635081.5,485041.5,114.42,GRASS,73,90,71
81,42,635081.5,485042.5,114.39,GRASS,60,77,58
81,43,635081.5,485043.5,114.38,GRASS,68,83,62
81,44,635081.5,485044.5,114.36,GRASS,72,87,68
81,45,635081.5,485045.5,114.36,GRASS,72,85,68
81,46,635081.5,485046.5,114.36,GRASS,74,88,63
81,47,635081.5,485047.5,114.33,GRASS,83,97,74
81,48,635081.5,485048.5,114.29,GRASS,74,88,71
81,49,635081.5,485049.5,114.32,ASPHALT,90,102,80
81,50,635081.5,485050.5,114.32,ASPHALT,87,99,79
81,51,635081.5,485051.5,114.23,ASPHALT,119,120,102
81,52,635081.5,485052.5,114.19,CONCRETE,153,143,131
81,53,635081.5,485053.5,114.18,ASPHALT,133,126,108
81,54,635081.5,485054.5,114.17,ASPHALT,132,125,107
81,55,635081.5,485055.5,114.17,CONCRETE,136,131,112
81,56,635081.5,485056.5,114.13,ASPHALT,111,108,89
81,57,635081.5,485057.5,114.09,ASPHALT,114,113,93
81,58,635081.5,485058.5,114.11,ASPHALT,112,111,91
81,59,635081.5,485059.5,114.1,ASPHALT,95,100,78
81,60,635081.5,485060.5,114.1,GRASS,86,98,74
81,61,635081.5,485061.5,114.0,ASPHALT,91,96,76
81,62,635081.5,485062.5,113.62,CONCRETE,188,184,173
81,63,635081.5,485063.5,113.52,CONCRETE,139,136,129
81,64,635081.5,485064.5,113.52,GRASS,63,63,55
81,65,635081.5,485065.5,113.54,GRASS,49,51,48
81,66,635081.5,485066.5,113.54,GRASS,42,48,48
81,67,635081.5,485067.5,113.54,GRASS,38,46,48
81,68,635081.5,485068.5,113.54,GRASS,39,45,45
81,69,635081.5,485069.5,113.54,GRASS,39,45,45
81,70,635081.5,485070.5,113.55,GRASS,37,45,47
81,71,635081.5,485071.5,113.55,GRASS,38,44,44
81,72,635081.5,485072.5,113.56,GRASS,35,44,43
81,73,635081.5,485073.5,113.55,GRASS,35,44,43
81,74,635081.5,485074.5,113.55,GRASS,36,45,44
81,75,635081.5,485075.5,113.54,GRASS,38,44,44
81,76,635081.5,485076.5,113.53,GRASS,35,43,45
81,77,635081.5,485077.5,113.52,GRASS,35,44,43
81,78,635081.5,485078.5,113.53,GRASS,32,40,42
81,79,635081.5,485079.5,113.53,GRASS,33,41,43
81,80,635081.5,485080.5,113.53,GRASS,34,43,42
81,81,635081.5,485081.5,113.53,GRASS,35,44,43
81,82,635081.5,485082.5,113.53,GRASS,34,43,42
81,83,635081.5,485083.5,113.53,GRASS,34,43,42
81,84,635081.5,485084.5,113.52,GRASS,34,43,42
81,85,635081.5,485085.5,113.52,GRASS,34,42,44
81,86,635081.5,485086.5,113.52,GRASS,33,42,41
81,87,635081.5,485087.5,113.52,GRASS,33,41,43
81,88,635081.5,485088.5,113.52,GRASS,33,41,43
81,89,635081.5,485089.5,113.55,GRASS,33,42,41
81,90,635081.5,485090.5,113.51,GRASS,34,42,44
81,91,635081.5,485091.5,113.51,GRASS,33,43,42
81,92,635081.5,485092.5,113.51,GRASS,34,42,44
81,93,635081.5,485093.5,113.51,GRASS,32,41,40
81,94,635081.5,485094.5,113.52,GRASS,35,44,43
81,95,635081.5,485095.5,113.53,GRASS,32,42,43
81,96,635081.5,485096.5,113.54,GRASS,32,41,40
81,97,635081.5,485097.5,113.54,GRASS,33,42,41
81,98,635081.5,485098.5,113.54,GRASS,33,42,41
81,99,635081.5,485099.5,113.54,GRASS,32,41,40
82,0,635082.5,485000.5,115.1,GRASS,86,107,74
82,1,635082.5,485001.5,115.09,ASPHALT,90,108,82
82,2,635082.5,485002.5,115.09,GRASS,76,97,64
82,3,635082.5,485003.5,115.11,GRASS,84,100,73
82,4,635082.5,485004.5,115.04,GRASS,64,79,56
82,5,635082.5,485005.5,115.05,GRASS,60,77,58
82,6,635082.5,485006.5,115.05,GRASS,40,59,37
82,7,635082.5,485007.5,115.05,GRASS,41,55,40
82,8,635082.5,485008.5,115.0,GRASS,23,35,35
82,9,635082.5,485009.5,114.9,GRASS,29,40,44
82,10,635082.5,485010.5,114.97,GRASS,54,65,57
82,11,635082.5,485011.5,115.03,GRASS,80,94,71
82,12,635082.5,485012.5,115.03,GRASS,82,91,70
82,13,635082.5,485013.5,115.1,GRASS,73,80,62
82,14,635082.5,485014.5,115.16,GRASS,81,90,69
82,15,635082.5,485015.5,115.1,GRASS,82,101,69
82,16,635082.5,485016.5,115.2,GRASS,75,87,65
82,17,635082.5,485017.5,115.2,GRASS,65,78,58
82,18,635082.5,485018.5,115.23,ASPHALT,91,99,84
82,19,635082.5,485019.5,115.05,GRASS,56,70,55
82,20,635082.5,485020.5,114.72,GRASS,84,98,75
82,21,635082.5,485021.5,114.72,ASPHALT,100,104,87
82,22,635082.5,485022.5,114.6,CONCRETE,165,151,138
82,23,635082.5,485023.5,114.56,CONCRETE,158,151,135
82,24,635082.5,485024.5,114.6,ASPHALT,93,102,81
82,25,635082.5,485025.5,114.57,GRASS,73,88,67
82,26,635082.5,485026.5,114.57,ASPHALT,98,108,84
82,27,635082.5,485027.5,114.56,ASPHALT,113,112,91
82,28,635082.5,485028.5,114.59,CONCRETE,141,138,123
82,29,635082.5,485029.5,114.56,CONCRETE,149,146,131
82,30,635082.5,485030.5,114.56,ASPHALT,86,95,76
82,31,635082.5,485031.5,114.56,GRASS,87,84,69
82,32,635082.5,485032.5,114.52,DIRT,98,81,71
82,33,635082.5,485033.5,114.5,GRASS,86,71,66
82,34,635082.5,485034.5,114.5,ASPHALT,92,96,81
82,35,635082.5,485035.5,114.47,GRASS,76,89,71
82,36,635082.5,485036.5,114.47,ASPHALT,98,111,93
82,37,635082.5,485037.5,114.47,GRASS,69,82,64
82,38,635082.5,485038.5,114.44,GRASS,66,79,61
82,39,635082.5,485039.5,114.43,GRASS,64,77,60
82,40,635082.5,485040.5,114.43,ASPHALT,82,95,77
82,41,635082.5,485041.5,114.38,GRASS,70,85,66
82,42,635082.5,485042.5,114.38,GRASS,77,92,73
82,43,635082.5,485043.5,114.4,GRASS,69,84,65
82,44,635082.5,485044.5,114.36,GRASS,78,91,71
82,45,635082.5,485045.5,114.36,GRASS,81,94,76
82,46,635082.5,485046.5,114.36,ASPHALT,89,101,79
82,47,635082.5,485047.5,114.33,GRASS,79,91,69
82,48,635082.5,485048.5,114.26,GRASS,82,96,73
82,49,635082.5,485049.5,114.25,ASPHALT,93,105,81
82,50,635082.5,485050.5,114.25,ASPHALT,96,101,79
82,51,635082.5,485051.5,114.21,CONCRETE,135,127,114
82,52,635082.5,485052.5,114.19,ASPHALT,133,126,108
82,53,635082.5,485053.5,114.17,ASPHALT,125,120,100
82,54,635082.5,485054.5,114.16,ASPHALT,127,120,104
82,55,635082.5,485055.5,114.16,ASPHALT,129,122,104
82,56,635082.5,485056.5,114.11,ASPHALT,118,117,97
82,57,635082.5,485057.5,114.11,ASPHALT,107,109,87
82,58,635082.5,485058.5,114.07,ASPHALT,98,108,81
82,59,635082.5,485059.5,114.08,ASPHALT,91,100,79
82,60,635082.5,485060.5,114.08,ASPHALT,96,101,79
82,61,635082.5,485061.5,113.84,ASPHALT,117,118,100
82,62,635082.5,485062.5,113.52,CONCRETE,136,133,124
82,63,635082.5,485063.5,113.53,ASPHALT,127,127,119
82,64,635082.5,485064.5,113.53,GRASS,57,59,54
82,65,635082.5,485065.5,113.53,GRASS,42,46,45
82,66,635082.5,485066.5,113.55,GRASS,48,54,54
82,67,635082.5,485067.5,113.55,GRASS,36,44,46
82,68,635082.5,485068.5,113.55,GRASS,40,48,50
82,69,635082.5,485069.5,113.55,GRASS,38,47,46
82,70,635082.5,485070.5,113.55,GRASS,35,43,45
82,71,635082.5,485071.5,113.55,GRASS,37,42,45
82,72,635082.5,485072.5,113.56,GRASS,34,42,44
82,73,635082.5,485073.5,113.54,GRASS,37,45,47
82,74,635082.5,485074.5,113.54,GRASS,34,43,42
82,75,635082.5,485075.5,113.53,GRASS,34,43,42
82,76,635082.5,485076.5,113.52,GRASS,33,41,43
82,77,635082.5,485077.5,113.51,GRASS,33,41,43
82,78,635082.5,485078.5,113.54,GRASS,35,44,43
82,79,635082.5,485079.5,113.54,GRASS,33,42,41
82,80,635082.5,485080.5,113.55,GRASS,33,42,41
82,81,635082.5,485081.5,113.54,GRASS,34,43,42
82,82,635082.5,485082.5,113.52,GRASS,34,42,44
82,83,635082.5,485083.5,113.52,GRASS,37,43,43
82,84,635082.5,485084.5,113.51,GRASS,33,42,41
82,85,635082.5,485085.5,113.51,GRASS,35,43,45
82,86,635082.5,485086.5,113.5,GRASS,33,42,41
82,87,635082.5,485087.5,113.53,GRASS,33,42,41
82,88,635082.5,485088.5,113.53,GRASS,34,42,44
82,89,635082.5,485089.5,113.51,GRASS,32,40,42
82,90,635082.5,485090.5,113.49,GRASS,34,43,42
82,91,635082.5,485091.5,113.49,GRASS,32,42,43
82,92,635082.5,485092.5,113.5,GRASS,34,42,44
82,93,635082.5,485093.5,113.5,GRASS,34,42,44
82,94,635082.5,485094.5,113.53,GRASS,33,41,43
82,95,635082.5,485095.5,113.51,GRASS,33,41,43
82,96,635082.5,485096.5,113.54,GRASS,33,42,41
82,97,635082.5,485097.5,113.54,GRASS,32,40,42
82,98,635082.5,485098.5,113.54,GRASS,33,41,43
82,99,635082.5,485099.5,113.54,GRASS,33,42,41
83,0,635083.5,485000.5,115.1,GRASS,56,74,52
83,1,635083.5,485001.5,115.09,GRASS,72,92,65
83,2,635083.5,485002.5,115.09,GRASS,78,98,71
83,3,635083.5,485003.5,115.11,GRASS,56,75,45
83,4,635083.5,485004.5,115.04,GRASS,71,86,65
83,5,635083.5,485005.5,115.05,GRASS,67,84,65
83,6,635083.5,485006.5,115.05,GRASS,33,44,38
83,7,635083.5,485007.5,115.05,GRASS,24,38,38
83,8,635083.5,485008.5,115.0,GRASS,27,39,35
83,9,635083.5,485009.5,114.9,GRASS,76,84,69
83,10,635083.5,485010.5,114.97,GRASS,83,91,70
83,11,635083.5,485011.5,115.03,ASPHALT,89,99,75
83,12,635083.5,485012.5,115.03,GRASS,78,87,66
83,13,635083.5,485013.5,115.1,GRASS,81,87,73
83,14,635083.5,485014.5,115.16,ASPHALT,90,93,74
83,15,635083.5,485015.5,115.1,ASPHALT,87,95,74
83,16,635083.5,485016.5,115.2,GRASS,70,81,64
83,17,635083.5,485017.5,115.2,GRASS,71,84,67
83,18,635083.5,485018.5,115.23,GRASS,72,86,69
83,19,635083.5,485019.5,115.05,GRASS,76,89,72
83,20,635083.5,485020.5,114.72,ASPHALT,85,98,80
83,21,635083.5,485021.5,114.72,ASPHALT,112,115,96
83,22,635083.5,485022.5,114.6,CONCRETE,167,155,139
83,23,635083.5,485023.5,114.56,CONCRETE,148,142,126
83,24,635083.5,485024.5,114.6,ASPHALT,94,99,79
83,25,635083.5,485025.5,114.57,ASPHALT,85,100,77
83,26,635083.5,485026.5,114.57,ASPHALT,93,101,77
83,27,635083.5,485027.5,114.56,ASPHALT,91,94,73
83,28,635083.5,485028.5,114.59,ASPHALT,112,107,88
83,29,635083.5,485029.5,114.56,ASPHALT,87,95,74
83,30,635083.5,485030.5,114.56,ASPHALT,82,100,78
83,31,635083.5,485031.5,114.56,GRASS,67,74,58
83,32,635083.5,485032.5,114.52,DIRT,114,97,87
83,33,635083.5,485033.5,114.5,DIRT,95,83,71
83,34,635083.5,485034.5,114.5,GRASS,74,75,61
83,35,635083.5,485035.5,114.47,GRASS,67,81,64
83,36,635083.5,485036.5,114.47,GRASS,75,88,70
83,37,635083.5,485037.5,114.47,GRASS,64,77,60
83,38,635083.5,485038.5,114.44,GRASS,79,94,75
83,39,635083.5,485039.5,114.43,GRASS,69,83,66
83,40,635083.5,485040.5,114.43,GRASS,67,80,63
83,41,635083.5,485041.5,114.38,GRASS,77,92,73
83,42,635083.5,485042.5,114.38,GRASS,66,79,59
83,43,635083.5,485043.5,114.4,GRASS,76,93,74
83,44,635083.5,485044.5,114.36,ASPHALT,90,105,86
83,45,635083.5,485045.5,114.36,ASPHALT,84,99,80
83,46,635083.5,485046.5,114.36,GRASS,79,92,72
83,47,635083.5,485047.5,114.33,ASPHALT,87,101,78
83,48,635083.5,485048.5,114.26,GRASS,85,99,74
83,49,635083.5,485049.5,114.25,ASPHALT,90,102,78
83,50,635083.5,485050.5,114.25,ASPHALT,110,112,90
83,51,635083.5,485051.5,114.21,CONCRETE,150,144,128
83,52,635083.5,485052.5,114.19,ASPHALT,115,112,93
83,53,635083.5,485053.5,114.17,ASPHALT,126,121,101
83,54,635083.5,485054.5,114.16,CONCRETE,144,137,119
83,55,635083.5,485055.5,114.16,ASPHALT,130,125,106
83,56,635083.5,485056.5,114.11,ASPHALT,108,110,89
83,57,635083.5,485057.5,114.11,ASPHALT,100,104,81
83,58,635083.5,485058.5,114.07,GRASS,85,95,71
83,59,635083.5,485059.5,114.08,ASPHALT,96,106,81
83,60,635083.5,485060.5,114.08,ASPHALT,98,100,79
83,61,635083.5,485061.5,113.84,CONCRETE,178,174,163
83,62,635083.5,485062.5,113.52,CONCRETE,142,141,136
83,63,635083.5,485063.5,113.53,GRASS,63,63,55
83,64,635083.5,485064.5,113.53,GRASS,49,53,52
83,65,635083.5,485065.5,113.53,GRASS,42,48,48
83,66,635083.5,485066.5,113.55,GRASS,37,45,47
83,67,635083.5,485067.5,113.55,GRASS,44,50,50
83,68,635083.5,485068.5,113.55,GRASS,37,46,45
83,69,635083.5,485069.5,113.55,GRASS,41,50,49
83,70,635083.5,485070.5,113.55,GRASS,35,43,45
83,71,635083.5,485071.5,113.55,GRASS,39,48,47
83,72,635083.5,485072.5,113.56,GRASS,34,42,44
83,73,635083.5,485073.5,113.54,GRASS,34,42,44
83,74,635083.5,485074.5,113.54,GRASS,34,43,42
83,75,635083.5,485075.5,113.53,GRASS,32,42,43
83,76,635083.5,485076.5,113.52,GRASS,34,42,44
83,77,635083.5,485077.5,113.51,GRASS,33,41,43
83,78,635083.5,485078.5,113.54,GRASS,34,42,44
83,79,635083.5,485079.5,113.54,GRASS,34,43,42
83,80,635083.5,485080.5,113.55,GRASS,34,42,44
83,81,635083.5,485081.5,113.54,GRASS,33,42,41
83,82,635083.5,485082.5,113.52,GRASS,34,42,44
83,83,635083.5,485083.5,113.52,GRASS,34,42,44
83,84,635083.5,485084.5,113.51,GRASS,34,43,42
83,85,635083.5,485085.5,113.51,GRASS,35,44,43
83,86,635083.5,485086.5,113.5,GRASS,34,43,42
83,87,635083.5,485087.5,113.53,GRASS,35,44,43
83,88,635083.5,485088.5,113.53,GRASS,33,41,43
83,89,635083.5,485089.5,113.51,GRASS,34,43,42
83,90,635083.5,485090.5,113.49,GRASS,36,45,44
83,91,635083.5,485091.5,113.49,GRASS,35,43,45
83,92,635083.5,485092.5,113.5,GRASS,34,43,42
83,93,635083.5,485093.5,113.5,GRASS,33,42,41
83,94,635083.5,485094.5,113.53,GRASS,33,41,43
83,95,635083.5,485095.5,113.51,GRASS,34,43,42
83,96,635083.5,485096.5,113.54,GRASS,33,41,43
83,97,635083.5,485097.5,113.54,GRASS,32,40,42
83,98,635083.5,485098.5,113.54,GRASS,33,42,41
83,99,635083.5,485099.5,113.54,GRASS,32,42,44
84,0,635084.5,485000.5,115.15,GRASS,32,48,35
84,1,635084.5,485001.5,115.22,GRASS,49,63,46
84,2,635084.5,485002.5,115.22,GRASS,39,53,40
84,3,635084.5,485003.5,115.18,GRASS,61,76,57
84,4,635084.5,485004.5,115.11,GRASS,41,54,45
84,5,635084.5,485005.5,115.09,GRASS,26,42,31
84,6,635084.5,485006.5,115.06,GRASS,24,39,36
84,7,635084.5,485007.5,115.06,GRASS,26,41,38
84,8,635084.5,485008.5,114.98,ASPHALT,92,101,84
84,9,635084.5,485009.5,114.95,GRASS,85,89,72
84,10,635084.5,485010.5,115.04,GRASS,81,94,74
84,11,635084.5,485011.5,115.11,GRASS,81,94,74
84,12,635084.5,485012.5,115.11,ASPHALT,94,102,81
84,13,635084.5,485013.5,115.1,ASPHALT,88,92,75
84,14,635084.5,485014.5,115.18,ASPHALT,99,100,84
84,15,635084.5,485015.5,115.16,ASPHALT,89,93,76
84,16,635084.5,485016.5,115.19,ASPHALT,96,108,88
84,17,635084.5,485017.5,115.19,GRASS,80,95,74
84,18,635084.5,485018.5,115.13,GRASS,69,80,64
84,19,635084.5,485019.5,115.1,GRASS,79,90,73
84,20,635084.5,485020.5,114.82,ASPHALT,85,96,79
84,21,635084.5,485021.5,114.82,ASPHALT,104,103,85
84,22,635084.5,485022.5,114.64,CONCRETE,167,151,138
84,23,635084.5,485023.5,114.62,CONCRETE,154,147,131
84,24,635084.5,485024.5,114.61,ASPHALT,91,99,78
84,25,635084.5,485025.5,114.61,GRASS,85,95,71
84,26,635084.5,485026.5,114.61,ASPHALT,108,109,91
84,27,635084.5,485027.5,114.58,ASPHALT,112,111,93
84,28,635084.5,485028.5,114.57,CONCRETE,162,153,138
84,29,635084.5,485029.5,114.54,ASPHALT,109,121,97
84,30,635084.5,485030.5,114.52,GRASS,74,89,70
84,31,635084.5,485031.5,114.52,GRASS,66,78,58
84,32,635084.5,485032.5,114.51,GRASS,89,93,70
84,33,635084.5,485033.5,114.51,GRASS,77,88,72
84,34,635084.5,485034.5,114.46,GRASS,69,84,63
84,35,635084.5,485035.5,114.48,GRASS,65,79,62
84,36,635084.5,485036.5,114.48,GRASS,76,89,71
84,37,635084.5,485037.5,114.44,GRASS,58,72,57
84,38,635084.5,485038.5,114.41,GRASS,53,67,52
84,39,635084.5,485039.5,114.4,GRASS,73,87,70
84,40,635084.5,485040.5,114.4,GRASS,69,83,66
84,41,635084.5,485041.5,114.39,GRASS,67,81,64
84,42,635084.5,485042.5,114.37,GRASS,64,79,60
84,43,635084.5,485043.5,114.36,ASPHALT,84,97,77
84,44,635084.5,485044.5,114.33,GRASS,72,85,65
84,45,635084.5,485045.5,114.33,ASPHALT,84,96,76
84,46,635084.5,485046.5,114.3,ASPHALT,95,104,83
84,47,635084.5,485047.5,114.28,ASPHALT,92,106,83
84,48,635084.5,485048.5,114.25,ASPHALT,86,98,76
84,49,635084.5,485049.5,114.25,ASPHALT,88,98,74
84,50,635084.5,485050.5,114.25,ASPHALT,103,106,85
84,51,635084.5,485051.5,114.2,CONCRETE,139,133,117
84,52,635084.5,485052.5,114.18,ASPHALT,110,109,89
84,53,635084.5,485053.5,114.15,ASPHALT,120,118,97
84,54,635084.5,485054.5,114.12,ASPHALT,128,121,103
84,55,635084.5,485055.5,114.12,ASPHALT,120,119,99
84,56,635084.5,485056.5,114.13,ASPHALT,107,109,87
84,57,635084.5,485057.5,114.09,ASPHALT,106,110,87
84,58,635084.5,485058.5,114.09,ASPHALT,102,110,87
84,59,635084.5,485059.5,114.03,ASPHALT,92,102,78
84,60,635084.5,485060.5,114.03,CONCRETE,134,131,116
84,61,635084.5,485061.5,113.67,CONCRETE,149,146,137
84,62,635084.5,485062.5,113.48,ASPHALT,117,118,110
84,63,635084.5,485063.5,113.54,GRASS,50,53,46
84,64,635084.5,485064.5,113.54,GRASS,42,46,45
84,65,635084.5,485065.5,113.54,GRASS,37,46,45
84,66,635084.5,485066.5,113.55,GRASS,39,48,47
84,67,635084.5,485067.5,113.56,GRASS,41,50,49
84,68,635084.5,485068.5,113.56,GRASS,36,44,46
84,69,635084.5,485069.5,113.56,GRASS,35,43,45
84,70,635084.5,485070.5,113.56,GRASS,44,52,54
84,71,635084.5,485071.5,113.57,GRASS,36,44,46
84,72,635084.5,485072.5,113.55,GRASS,42,50,52
84,73,635084.5,485073.5,113.54,GRASS,35,44,43
84,74,635084.5,485074.5,113.54,GRASS,43,52,51
84,75,635084.5,485075.5,113.52,GRASS,35,43,45
84,76,635084.5,485076.5,113.52,GRASS,33,41,43
84,77,635084.5,485077.5,113.51,GRASS,34,42,44
84,78,635084.5,485078.5,113.51,GRASS,34,42,44
84,79,635084.5,485079.5,113.51,GRASS,34,43,42
84,80,635084.5,485080.5,113.55,GRASS,33,41,43
84,81,635084.5,485081.5,113.54,GRASS,35,44,43
84,82,635084.5,485082.5,113.53,GRASS,34,42,44
84,83,635084.5,485083.5,113.53,GRASS,33,41,43
84,84,635084.5,485084.5,113.52,GRASS,34,43,42
84,85,635084.5,485085.5,113.51,GRASS,33,41,43
84,86,635084.5,485086.5,113.51,GRASS,33,41,43
84,87,635084.5,485087.5,113.54,GRASS,35,43,45
84,88,635084.5,485088.5,113.54,GRASS,33,41,43
84,89,635084.5,485089.5,113.53,GRASS,34,42,44
84,90,635084.5,485090.5,113.51,GRASS,34,42,44
84,91,635084.5,485091.5,113.5,GRASS,35,43,45
84,92,635084.5,485092.5,113.5,GRASS,34,43,42
84,93,635084.5,485093.5,113.5,GRASS,33,42,41
84,94,635084.5,485094.5,113.5,GRASS,33,41,43
84,95,635084.5,485095.5,113.51,GRASS,33,41,43
84,96,635084.5,485096.5,113.51,GRASS,32,41,40
84,97,635084.5,485097.5,113.54,GRASS,34,42,44
84,98,635084.5,485098.5,113.54,GRASS,33,42,41
84,99,635084.5,485099.5,113.54,GRASS,34,42,44
85,0,635085.5,485000.5,115.1,GRASS,31,47,37
85,1,635085.5,485001.5,115.16,GRASS,23,37,37
85,2,635085.5,485002.5,115.16,GRASS,16,29,35
85,3,635085.5,485003.5,115.11,GRASS,20,35,32
85,4,635085.5,485004.5,115.09,GRASS,52,70,48
85,5,635085.5,485005.5,115.09,GRASS,34,52,36
85,6,635085.5,485006.5,115.07,GRASS,69,86,70
85,7,635085.5,485007.5,115.07,GRASS,24,35,39
85,8,635085.5,485008.5,115.03,GRASS,66,78,68
85,9,635085.5,485009.5,115.04,ASPHALT,86,93,77
85,10,635085.5,485010.5,115.1,GRASS,77,92,71
85,11,635085.5,485011.5,115.17,GRASS,68,80,60
85,12,635085.5,485012.5,115.17,ASPHALT,100,107,89
85,13,635085.5,485013.5,115.18,ASPHALT,98,101,82
85,14,635085.5,485014.5,115.19,ASPHALT,95,97,76
85,15,635085.5,485015.5,115.18,GRASS,82,86,71
85,16,635085.5,485016.5,115.19,GRASS,67,78,64
85,17,635085.5,485017.5,115.19,GRASS,64,75,58
85,18,635085.5,485018.5,115.09,ASPHALT,93,102,81
85,19,635085.5,485019.5,114.99,ASPHALT,93,105,83
85,20,635085.5,485020.5,114.82,ASPHALT,94,102,81
85,21,635085.5,485021.5,114.82,ASPHALT,131,125,109
85,22,635085.5,485022.5,114.73,CONCRETE,166,152,139
85,23,635085.5,485023.5,114.64,CONCRETE,163,156,140
85,24,635085.5,485024.5,114.6,ASPHALT,86,98,76
85,25,635085.5,485025.5,114.6,GRASS,76,91,70
85,26,635085.5,485026.5,114.6,ASPHALT,105,110,88
85,27,635085.5,485027.5,114.62,CONCRETE,143,137,121
85,28,635085.5,485028.5,114.58,ASPHALT,112,106,92
85,29,635085.5,485029.5,114.6,GRASS,60,74,57
85,30,635085.5,485030.5,114.55,GRASS,75,86,69
85,31,635085.5,485031.5,114.55,GRASS,83,96,76
85,32,635085.5,485032.5,114.53,GRASS,71,86,67
85,33,635085.5,485033.5,114.5,GRASS,71,85,70
85,34,635085.5,485034.5,114.5,GRASS,64,77,60
85,35,635085.5,485035.5,114.46,GRASS,70,85,64
85,36,635085.5,485036.5,114.46,GRASS,78,93,72
85,37,635085.5,485037.5,114.44,GRASS,65,82,64
85,38,635085.5,485038.5,114.41,GRASS,66,83,65
85,39,635085.5,485039.5,114.39,GRASS,67,84,66
85,40,635085.5,485040.5,114.39,GRASS,67,81,64
85,41,635085.5,485041.5,114.37,ASPHALT,80,94,79
85,42,635085.5,485042.5,114.37,ASPHALT,82,95,77
85,43,635085.5,485043.5,114.35,GRASS,81,94,76
85,44,635085.5,485044.5,114.29,GRASS,65,80,61
85,45,635085.5,485045.5,114.29,ASPHALT,87,99,79
85,46,635085.5,485046.5,114.28,ASPHALT,94,103,82
85,47,635085.5,485047.5,114.24,ASPHALT,90,103,85
85,48,635085.5,485048.5,114.24,GRASS,84,98,75
85,49,635085.5,485049.5,114.22,ASPHALT,110,115,95
85,50,635085.5,485050.5,114.22,CONCRETE,144,138,124
85,51,635085.5,485051.5,114.2,ASPHALT,126,121,102
85,52,635085.5,485052.5,114.16,ASPHALT,113,115,94
85,53,635085.5,485053.5,114.15,ASPHALT,111,110,90
85,54,635085.5,485054.5,114.13,ASPHALT,112,111,91
85,55,635085.5,485055.5,114.13,ASPHALT,95,98,77
85,56,635085.5,485056.5,114.13,ASPHALT,97,102,79
85,57,635085.5,485057.5,114.09,ASPHALT,102,104,83
85,58,635085.5,485058.5,114.08,ASPHALT,103,108,86
85,59,635085.5,485059.5,113.85,ASPHALT,110,115,93
85,60,635085.5,485060.5,113.85,CONCRETE,178,174,163
85,61,635085.5,485061.5,113.48,CONCRETE,149,146,137
85,62,635085.5,485062.5,113.5,GRASS,59,60,54
85,63,635085.5,485063.5,113.51,GRASS,43,47,46
85,64,635085.5,485064.5,113.51,GRASS,38,47,46
85,65,635085.5,485065.5,113.53,GRASS,39,47,49
85,66,635085.5,485066.5,113.55,GRASS,44,53,52
85,67,635085.5,485067.5,113.56,GRASS,37,46,45
85,68,635085.5,485068.5,113.57,GRASS,36,45,44
85,69,635085.5,485069.5,113.57,GRASS,35,44,43
85,70,635085.5,485070.5,113.57,GRASS,39,47,49
85,71,635085.5,485071.5,113.56,GRASS,34,42,44
85,72,635085.5,485072.5,113.54,GRASS,34,42,44
85,73,635085.5,485073.5,113.53,GRASS,44,49,52
85,74,635085.5,485074.5,113.53,GRASS,34,42,44
85,75,635085.5,485075.5,113.52,GRASS,41,50,49
85,76,635085.5,485076.5,113.51,GRASS,32,40,42
85,77,635085.5,485077.5,113.52,GRASS,38,46,48
85,78,635085.5,485078.5,113.51,GRASS,33,41,43
85,79,635085.5,485079.5,113.51,GRASS,33,41,43
85,80,635085.5,485080.5,113.5,GRASS,34,42,44
85,81,635085.5,485081.5,113.52,GRASS,35,44,43
85,82,635085.5,485082.5,113.53,GRASS,34,42,44
85,83,635085.5,485083.5,113.53,GRASS,35,43,45
85,84,635085.5,485084.5,113.52,GRASS,34,42,44
85,85,635085.5,485085.5,113.52,GRASS,34,43,42
85,86,635085.5,485086.5,113.52,GRASS,35,43,45
85,87,635085.5,485087.5,113.55,GRASS,35,44,43
85,88,635085.5,485088.5,113.55,GRASS,33,42,41
85,89,635085.5,485089.5,113.53,GRASS,34,43,42
85,90,635085.5,485090.5,113.52,GRASS,33,41,43
85,91,635085.5,485091.5,113.5,GRASS,34,42,44
85,92,635085.5,485092.5,113.51,GRASS,33,42,41
85,93,635085.5,485093.5,113.51,GRASS,34,42,44
85,94,635085.5,485094.5,113.49,GRASS,33,42,41
85,95,635085.5,485095.5,113.52,GRASS,33,42,41
85,96,635085.5,485096.5,113.47,GRASS,33,41,43
85,97,635085.5,485097.5,113.5,GRASS,31,40,39
85,98,635085.5,485098.5,113.5,GRASS,32,40,42
85,99,635085.5,485099.5,113.5,GRASS,32,40,42
86,0,635086.5,485000.5,115.14,GRASS,47,64,48
86,1,635086.5,485001.5,115.15,GRASS,21,36,29
86,2,635086.5,485002.5,115.15,GRASS,18,29,35
86,3,635086.5,485003.5,115.05,GRASS,19,33,34
86,4,635086.5,485004.5,115.07,GRASS,33,49,38
86,5,635086.5,485005.5,115.06,GRASS,79,103,71
86,6,635086.5,485006.5,115.05,GRASS,60,79,60
86,7,635086.5,485007.5,115.05,GRASS,21,33,33
86,8,635086.5,485008.5,115.11,GRASS,54,66,62
86,9,635086.5,485009.5,115.1,GRASS,71,79,64
86,10,635086.5,485010.5,115.15,ASPHALT,89,97,76
86,11,635086.5,485011.5,115.22,GRASS,79,86,68
86,12,635086.5,485012.5,115.22,GRASS,83,87,70
86,13,635086.5,485013.5,115.25,GRASS,82,85,68
86,14,635086.5,485014.5,115.21,ASPHALT,111,113,91
86,15,635086.5,485015.5,115.16,ASPHALT,97,106,85
86,16,635086.5,485016.5,115.11,GRASS,62,73,59
86,17,635086.5,485017.5,115.11,GRASS,70,78,65
86,18,635086.5,485018.5,115.04,ASPHALT,93,98,76
86,19,635086.5,485019.5,114.9,ASPHALT,99,100,82
86,20,635086.5,485020.5,114.78,ASPHALT,115,114,93
86,21,635086.5,485021.5,114.78,ASPHALT,126,119,101
86,22,635086.5,485022.5,114.73,CONCRETE,166,154,140
86,23,635086.5,485023.5,114.66,CONCRETE,166,154,140
86,24,635086.5,485024.5,114.62,ASPHALT,96,101,81
86,25,635086.5,485025.5,114.6,ASPHALT,90,97,79
86,26,635086.5,485026.5,114.6,ASPHALT,96,98,77
86,27,635086.5,485027.5,114.61,CONCRETE,139,130,115
86,28,635086.5,485028.5,114.59,ASPHALT,88,97,78
86,29,635086.5,485029.5,114.61,GRASS,57,69,55
86,30,635086.5,485030.5,114.59,GRASS,72,86,69
86,31,635086.5,485031.5,114.59,GRASS,73,82,65
86,32,635086.5,485032.5,114.59,GRASS,73,88,69
86,33,635086.5,485033.5,114.52,GRASS,79,96,78
86,34,635086.5,485034.5,114.5,ASPHALT,84,102,80
86,35,635086.5,485035.5,114.45,GRASS,71,86,67
86,36,635086.5,485036.5,114.45,GRASS,71,86,67
86,37,635086.5,485037.5,114.42,GRASS,74,89,70
86,38,635086.5,485038.5,114.39,GRASS,75,90,71
86,39,635086.5,485039.5,114.35,GRASS,80,94,77
86,40,635086.5,485040.5,114.35,GRASS,69,84,65
86,41,635086.5,485041.5,114.35,GRASS,77,91,74
86,42,635086.5,485042.5,114.34,GRASS,83,97,74
86,43,635086.5,485043.5,114.31,GRASS,71,84,64
86,44,635086.5,485044.5,114.27,GRASS,66,83,65
86,45,635086.5,485045.5,114.27,ASPHALT,84,95,78
86,46,635086.5,485046.5,114.24,GRASS,81,92,75
86,47,635086.5,485047.5,114.25,ASPHALT,92,100,79
86,48,635086.5,485048.5,114.18,ASPHALT,91,99,76
86,49,635086.5,485049.5,114.16,ASPHALT,106,109,88
86,50,635086.5,485050.5,114.16,CONCRETE,158,151,135
86,51,635086.5,485051.5,114.16,ASPHALT,119,118,98
86,52,635086.5,485052.5,114.17,ASPHALT,111,113,92
86,53,635086.5,485053.5,114.15,ASPHALT,120,123,102
86,54,635086.5,485054.5,114.13,ASPHALT,103,108,85
86,55,635086.5,485055.5,114.13,ASPHALT,103,108,85
86,56,635086.5,485056.5,114.09,ASPHALT,93,103,79
86,57,635086.5,485057.5,114.08,ASPHALT,104,107,86
86,58,635086.5,485058.5,114.01,ASPHALT,102,107,87
86,59,635086.5,485059.5,113.62,ASPHALT,98,99,83
86,60,635086.5,485060.5,113.62,CONCRETE,159,154,148
86,61,635086.5,485061.5,113.53,CONCRETE,134,134,124
86,62,635086.5,485062.5,113.53,GRASS,49,52,45
86,63,635086.5,485063.5,113.53,GRASS,42,46,45
86,64,635086.5,485064.5,113.53,GRASS,37,46,45
86,65,635086.5,485065.5,113.54,GRASS,37,46,43
86,66,635086.5,485066.5,113.54,GRASS,36,45,44
86,67,635086.5,485067.5,113.57,GRASS,48,56,58
86,68,635086.5,485068.5,113.57,GRASS,35,44,43
86,69,635086.5,485069.5,113.57,GRASS,36,44,46
86,70,635086.5,485070.5,113.57,GRASS,37,45,47
86,71,635086.5,485071.5,113.55,GRASS,34,42,44
86,72,635086.5,485072.5,113.53,GRASS,32,41,40
86,73,635086.5,485073.5,113.53,GRASS,44,52,54
86,74,635086.5,485074.5,113.53,GRASS,31,41,42
86,75,635086.5,485075.5,113.51,GRASS,35,43,45
86,76,635086.5,485076.5,113.52,GRASS,36,46,48
86,77,635086.5,485077.5,113.51,GRASS,37,45,47
86,78,635086.5,485078.5,113.5,GRASS,38,47,46
86,79,635086.5,485079.5,113.5,GRASS,34,42,44
86,80,635086.5,485080.5,113.51,GRASS,41,49,51
86,81,635086.5,485081.5,113.52,GRASS,34,43,42
86,82,635086.5,485082.5,113.52,GRASS,35,43,45
86,83,635086.5,485083.5,113.52,GRASS,33,41,43
86,84,635086.5,485084.5,113.52,GRASS,34,42,44
86,85,635086.5,485085.5,113.51,GRASS,35,43,45
86,86,635086.5,485086.5,113.53,GRASS,33,42,41
86,87,635086.5,485087.5,113.55,GRASS,33,42,41
86,88,635086.5,485088.5,113.55,GRASS,33,42,41
86,89,635086.5,485089.5,113.53,GRASS,34,43,42
86,90,635086.5,485090.5,113.52,GRASS,33,41,43
86,91,635086.5,485091.5,113.5,GRASS,33,41,43
86,92,635086.5,485092.5,113.52,GRASS,32,41,40
86,93,635086.5,485093.5,113.52,GRASS,33,41,43
86,94,635086.5,485094.5,113.52,GRASS,33,42,41
86,95,635086.5,485095.5,113.52,GRASS,34,43,42
86,96,635086.5,485096.5,113.52,GRASS,34,42,44
86,97,635086.5,485097.5,113.51,GRASS,33,42,41
86,98,635086.5,485098.5,113.51,GRASS,34,42,44
86,99,635086.5,485099.5,113.5,GRASS,34,43,42
87,0,635087.5,485000.5,115.22,GRASS,77,96,66
87,1,635087.5,485001.5,115.09,GRASS,23,38,33
87,2,635087.5,485002.5,115.09,GRASS,26,40,40
87,3,635087.5,485003.5,115.07,GRASS,28,44,41
87,4,635087.5,485004.5,115.04,GRASS,48,71,43
87,5,635087.5,485005.5,115.01,ASPHALT,87,108,77
87,6,635087.5,485006.5,115.1,GRASS,33,49,38
87,7,635087.5,485007.5,115.1,GRASS,22,36,36
87,8,635087.5,485008.5,115.14,GRASS,68,81,71
87,9,635087.5,485009.5,115.21,GRASS,74,83,66
87,10,635087.5,485010.5,115.19,ASPHALT,95,104,85
87,11,635087.5,485011.5,115.23,GRASS,79,86,68
87,12,635087.5,485012.5,115.23,GRASS,85,89,72
87,13,635087.5,485013.5,115.2,GRASS,88,89,71
87,14,635087.5,485014.5,115.18,GRASS,85,97,75
87,15,635087.5,485015.5,115.09,ASPHALT,104,109,89
87,16,635087.5,485016.5,115.02,ASPHALT,89,98,79
87,17,635087.5,485017.5,115.02,GRASS,71,84,67
87,18,635087.5,485018.5,114.94,ASPHALT,96,105,84
87,19,635087.5,485019.5,114.87,ASPHALT,109,111,90
87,20,635087.5,485020.5,114.82,ASPHALT,128,122,106
87,21,635087.5,485021.5,114.82,ASPHALT,113,108,89
87,22,635087.5,485022.5,114.75,CONCRETE,167,151,136
87,23,635087.5,485023.5,114.67,CONCRETE,167,154,138
87,24,635087.5,485024.5,114.63,ASPHALT,131,122,105
87,25,635087.5,485025.5,114.61,ASPHALT,117,115,94
87,26,635087.5,485026.5,114.61,ASPHALT,111,110,90
87,27,635087.5,485027.5,114.6,CONCRETE,162,153,138
87,28,635087.5,485028.5,114.59,GRASS,81,94,76
87,29,635087.5,485029.5,114.63,GRASS,64,82,66
87,30,635087.5,485030.5,114.57,GRASS,66,80,65
87,31,635087.5,485031.5,114.57,ASPHALT,87,98,82
87,32,635087.5,485032.5,114.58,GRASS,76,87,71
87,33,635087.5,485033.5,114.53,GRASS,72,87,68
87,34,635087.5,485034.5,114.49,ASPHALT,87,102,79
87,35,635087.5,485035.5,114.48,GRASS,64,79,56
87,36,635087.5,485036.5,114.48,GRASS,58,75,56
87,37,635087.5,485037.5,114.45,GRASS,62,79,63
87,38,635087.5,485038.5,114.36,GRASS,66,80,63
87,39,635087.5,485039.5,114.36,GRASS,74,89,70
87,40,635087.5,485040.5,114.36,GRASS,75,92,73
87,41,635087.5,485041.5,114.35,GRASS,77,92,71
87,42,635087.5,485042.5,114.3,GRASS,70,84,61
87,43,635087.5,485043.5,114.28,GRASS,77,92,71
87,44,635087.5,485044.5,114.23,GRASS,80,95,74
87,45,635087.5,485045.5,114.23,GRASS,78,91,71
87,46,635087.5,485046.5,114.21,ASPHALT,91,100,79
87,47,635087.5,485047.5,114.22,ASPHALT,92,102,78
87,48,635087.5,485048.5,114.2,ASPHALT,94,99,79
87,49,635087.5,485049.5,114.16,ASPHALT,123,120,103
87,50,635087.5,485050.5,114.16,ASPHALT,111,108,91
87,51,635087.5,485051.5,114.16,ASPHALT,113,116,95
87,52,635087.5,485052.5,114.15,ASPHALT,108,112,89
87,53,635087.5,485053.5,114.13,ASPHALT,111,115,92
87,54,635087.5,485054.5,114.09,ASPHALT,104,112,88
87,55,635087.5,485055.5,114.09,ASPHALT,101,111,87
87,56,635087.5,485056.5,114.08,ASPHALT,94,104,79
87,57,635087.5,485057.5,114.06,ASPHALT,96,104,81
87,58,635087.5,485058.5,113.83,ASPHALT,127,126,105
87,59,635087.5,485059.5,113.54,CONCRETE,170,168,156
87,60,635087.5,485060.5,113.54,CONCRETE,133,130,123
87,61,635087.5,485061.5,113.54,GRASS,57,58,50
87,62,635087.5,485062.5,113.55,GRASS,44,49,45
87,63,635087.5,485063.5,113.55,GRASS,41,45,44
87,64,635087.5,485064.5,113.55,GRASS,39,45,45
87,65,635087.5,485065.5,113.56,GRASS,40,46,44
87,66,635087.5,485066.5,113.57,GRASS,36,45,44
87,67,635087.5,485067.5,113.57,GRASS,36,44,46
87,68,635087.5,485068.5,113.58,GRASS,37,45,47
87,69,635087.5,485069.5,113.58,GRASS,35,43,45
87,70,635087.5,485070.5,113.56,GRASS,36,45,44
87,71,635087.5,485071.5,113.54,GRASS,34,42,44
87,72,635087.5,485072.5,113.52,GRASS,34,43,42
87,73,635087.5,485073.5,113.51,GRASS,33,41,43
87,74,635087.5,485074.5,113.51,GRASS,34,43,42
87,75,635087.5,485075.5,113.52,GRASS,33,41,43
87,76,635087.5,485076.5,113.52,GRASS,49,57,59
87,77,635087.5,485077.5,113.51,GRASS,34,42,44
87,78,635087.5,485078.5,113.51,GRASS,34,42,44
87,79,635087.5,485079.5,113.51,GRASS,37,47,46
87,80,635087.5,485080.5,113.51,GRASS,34,42,44
87,81,635087.5,485081.5,113.52,GRASS,36,44,46
87,82,635087.5,485082.5,113.52,GRASS,33,41,43
87,83,635087.5,485083.5,113.52,GRASS,39,47,49
87,84,635087.5,485084.5,113.51,GRASS,33,41,43
87,85,635087.5,485085.5,113.51,GRASS,35,43,45
87,86,635087.5,485086.5,113.54,GRASS,34,42,44
87,87,635087.5,485087.5,113.55,GRASS,33,42,41
87,88,635087.5,485088.5,113.55,GRASS,34,43,42
87,89,635087.5,485089.5,113.54,GRASS,33,41,43
87,90,635087.5,485090.5,113.52,GRASS,34,42,44
87,91,635087.5,485091.5,113.51,GRASS,32,40,42
87,92,635087.5,485092.5,113.51,GRASS,36,45,44
87,93,635087.5,485093.5,113.51,GRASS,34,42,44
87,94,635087.5,485094.5,113.53,GRASS,34,42,44
87,95,635087.5,485095.5,113.52,GRASS,33,41,43
87,96,635087.5,485096.5,113.52,GRASS,33,42,41
87,97,635087.5,485097.5,113.51,GRASS,32,42,41
87,98,635087.5,485098.5,113.51,GRASS,34,42,44
87,99,635087.5,485099.5,113.5,GRASS,34,44,45
88,0,635088.5,485000.5,115.17,GRASS,59,79,52
88,1,635088.5,485001.5,115.12,GRASS,24,40,30
88,2,635088.5,485002.5,115.12,GRASS,33,50,44
88,3,635088.5,485003.5,115.06,GRASS,46,63,53
88,4,635088.5,485004.5,115.06,ASPHALT,89,110,79
88,5,635088.5,485005.5,115.11,GRASS,79,100,69
88,6,635088.5,485006.5,115.14,GRASS,35,52,34
88,7,635088.5,485007.5,115.14,GRASS,33,48,45
88,8,635088.5,485008.5,115.07,GRASS,65,79,62
88,9,635088.5,485009.5,115.14,ASPHALT,90,101,85
88,10,635088.5,485010.5,115.21,GRASS,50,61,47
88,11,635088.5,485011.5,115.18,GRASS,78,89,72
88,12,635088.5,485012.5,115.18,GRASS,80,89,72
88,13,635088.5,485013.5,115.14,GRASS,88,93,73
88,14,635088.5,485014.5,115.13,GRASS,66,73,57
88,15,635088.5,485015.5,114.99,GRASS,68,81,63
88,16,635088.5,485016.5,115.0,ASPHALT,91,99,78
88,17,635088.5,485017.5,115.0,ASPHALT,89,92,75
88,18,635088.5,485018.5,114.94,ASPHALT,106,108,87
88,19,635088.5,485019.5,114.88,CONCRETE,136,129,113
88,20,635088.5,485020.5,114.84,ASPHALT,107,104,85
88,21,635088.5,485021.5,114.84,ASPHALT,126,121,102
88,22,635088.5,485022.5,114.73,CONCRETE,171,155,142
88,23,635088.5,485023.5,114.68,CONCRETE,166,153,137
88,24,635088.5,485024.5,114.66,CONCRETE,152,145,127
88,25,635088.5,485025.5,114.62,ASPHALT,123,120,101
88,26,635088.5,485026.5,114.62,ASPHALT,128,123,104
88,27,635088.5,485027.5,114.62,ASPHALT,105,104,86
88,28,635088.5,485028.5,114.63,GRASS,63,80,61
88,29,635088.5,485029.5,114.65,GRASS,69,83,66
88,30,635088.5,485030.5,114.63,ASPHALT,104,119,96
88,31,635088.5,485031.5,114.63,GRASS,80,92,72
88,32,635088.5,485032.5,114.63,ASPHALT,89,98,79
88,33,635088.5,485033.5,114.52,ASPHALT,96,107,90
88,34,635088.5,485034.5,114.52,ASPHALT,91,103,81
88,35,635088.5,485035.5,114.45,GRASS,72,86,63
88,36,635088.5,485036.5,114.45,GRASS,80,95,76
88,37,635088.5,485037.5,114.41,GRASS,61,78,59
88,38,635088.5,485038.5,114.37,GRASS,67,81,64
88,39,635088.5,485039.5,114.36,GRASS,78,93,74
88,40,635088.5,485040.5,114.36,GRASS,65,80,61
88,41,635088.5,485041.5,114.34,ASPHALT,82,97,78
88,42,635088.5,485042.5,114.31,GRASS,79,94,73
88,43,635088.5,485043.5,114.29,ASPHALT,93,107,84
88,44,635088.5,485044.5,114.25,ASPHALT,88,104,78
88,45,635088.5,485045.5,114.25,GRASS,80,94,69
88,46,635088.5,485046.5,114.18,GRASS,82,94,72
88,47,635088.5,485047.5,114.2,ASPHALT,96,104,81
88,48,635088.5,485048.5,114.19,ASPHALT,106,108,87
88,49,635088.5,485049.5,114.15,CONCRETE,142,139,124
88,50,635088.5,485050.5,114.15,ASPHALT,116,117,99
88,51,635088.5,485051.5,114.13,ASPHALT,92,97,75
88,52,635088.5,485052.5,114.1,ASPHALT,104,109,87
88,53,635088.5,485053.5,114.12,ASPHALT,127,132,110
88,54,635088.5,485054.5,114.13,ASPHALT,89,99,75
88,55,635088.5,485055.5,114.13,ASPHALT,102,112,87
88,56,635088.5,485056.5,114.09,ASPHALT,89,97,74
88,57,635088.5,485057.5,114.03,ASPHALT,101,106,86
88,58,635088.5,485058.5,113.65,CONCRETE,138,132,120
88,59,635088.5,485059.5,113.54,CONCRETE,158,155,148
88,60,635088.5,485060.5,113.54,ASPHALT,108,110,99
88,61,635088.5,485061.5,113.55,GRASS,49,51,46
88,62,635088.5,485062.5,113.55,GRASS,40,46,46
88,63,635088.5,485063.5,113.56,GRASS,39,45,45
88,64,635088.5,485064.5,113.56,GRASS,38,43,46
88,65,635088.5,485065.5,113.56,GRASS,37,46,45
88,66,635088.5,485066.5,113.56,GRASS,38,44,44
88,67,635088.5,485067.5,113.56,GRASS,41,46,49
88,68,635088.5,485068.5,113.57,GRASS,35,44,43
88,69,635088.5,485069.5,113.57,GRASS,40,48,50
88,70,635088.5,485070.5,113.57,GRASS,34,42,44
88,71,635088.5,485071.5,113.51,GRASS,34,43,42
88,72,635088.5,485072.5,113.51,GRASS,34,43,42
88,73,635088.5,485073.5,113.52,GRASS,35,43,45
88,74,635088.5,485074.5,113.52,GRASS,35,44,43
88,75,635088.5,485075.5,113.52,GRASS,34,43,42
88,76,635088.5,485076.5,113.51,GRASS,35,43,45
88,77,635088.5,485077.5,113.51,GRASS,35,40,43
88,78,635088.5,485078.5,113.51,GRASS,36,41,44
88,79,635088.5,485079.5,113.51,GRASS,44,52,54
88,80,635088.5,485080.5,113.51,GRASS,33,41,44
88,81,635088.5,485081.5,113.52,GRASS,37,45,47
88,82,635088.5,485082.5,113.51,GRASS,33,41,43
88,83,635088.5,485083.5,113.51,GRASS,39,47,49
88,84,635088.5,485084.5,113.51,GRASS,33,41,43
88,85,635088.5,485085.5,113.52,GRASS,36,44,46
88,86,635088.5,485086.5,113.48,GRASS,34,43,42
88,87,635088.5,485087.5,113.51,GRASS,33,41,43
88,88,635088.5,485088.5,113.51,GRASS,33,41,43
88,89,635088.5,485089.5,113.52,GRASS,34,43,42
88,90,635088.5,485090.5,113.51,GRASS,33,42,41
88,91,635088.5,485091.5,113.52,GRASS,33,42,41
88,92,635088.5,485092.5,113.52,GRASS,33,41,43
88,93,635088.5,485093.5,113.52,GRASS,34,43,42
88,94,635088.5,485094.5,113.49,GRASS,33,41,43
88,95,635088.5,485095.5,113.52,GRASS,35,44,43
88,96,635088.5,485096.5,113.52,GRASS,33,41,44
88,97,635088.5,485097.5,113.51,GRASS,33,42,41
88,98,635088.5,485098.5,113.51,GRASS,34,44,43
88,99,635088.5,485099.5,113.51,GRASS,32,42,41
89,0,635089.5,485000.5,115.16,GRASS,41,59,35
89,1,635089.5,485001.5,115.11,GRASS,84,103,71
89,2,635089.5,485002.5,115.11,GRASS,71,90,62
89,3,635089.5,485003.5,115.02,GRASS,80,101,70
89,4,635089.5,485004.5,115.1,GRASS,32,48,35
89,5,635089.5,485005.5,115.2,GRASS,56,75,47
89,6,635089.5,485006.5,115.28,GRASS,46,63,45
89,7,635089.5,485007.5,115.28,GRASS,67,84,68
89,8,635089.5,485008.5,115.23,ASPHALT,86,101,82
89,9,635089.5,485009.5,115.08,GRASS,63,80,62
89,10,635089.5,485010.5,115.12,GRASS,64,77,60
89,11,635089.5,485011.5,115.1,GRASS,84,91,73
89,12,635089.5,485012.5,115.1,ASPHALT,90,93,74
89,13,635089.5,485013.5,115.11,GRASS,65,76,60
89,14,635089.5,485014.5,115.01,GRASS,73,84,68
89,15,635089.5,485015.5,114.98,GRASS,76,85,68
89,16,635089.5,485016.5,114.97,ASPHALT,100,103,84
89,17,635089.5,485017.5,114.97,ASPHALT,94,99,79
89,18,635089.5,485018.5,114.94,DIRT,97,94,75
89,19,635089.5,485019.5,114.9,ASPHALT,117,110,92
89,20,635089.5,485020.5,114.88,ASPHALT,110,107,88
89,21,635089.5,485021.5,114.88,CONCRETE,149,142,124
89,22,635089.5,485022.5,114.78,CONCRETE,169,153,140
89,23,635089.5,485023.5,114.72,CONCRETE,165,149,136
89,24,635089.5,485024.5,114.71,CONCRETE,160,148,134
89,25,635089.5,485025.5,114.65,CONCRETE,160,151,134
89,26,635089.5,485026.5,114.65,CONCRETE,163,151,135
89,27,635089.5,485027.5,114.65,GRASS,83,91,68
89,28,635089.5,485028.5,114.64,GRASS,79,94,71
89,29,635089.5,485029.5,114.65,GRASS,81,96,77
89,30,635089.5,485030.5,114.66,GRASS,77,95,73
89,31,635089.5,485031.5,114.66,GRASS,66,79,62
89,32,635089.5,485032.5,114.61,GRASS,80,95,74
89,33,635089.5,485033.5,114.56,ASPHALT,83,94,77
89,34,635089.5,485034.5,114.53,GRASS,85,94,73
89,35,635089.5,485035.5,114.47,ASPHALT,93,105,85
89,36,635089.5,485036.5,114.47,GRASS,72,87,66
89,37,635089.5,485037.5,114.42,GRASS,73,90,71
89,38,635089.5,485038.5,114.41,GRASS,73,88,67
89,39,635089.5,485039.5,114.37,GRASS,68,83,62
89,40,635089.5,485040.5,114.37,GRASS,78,93,70
89,41,635089.5,485041.5,114.33,GRASS,83,97,74
89,42,635089.5,485042.5,114.32,GRASS,78,91,71
89,43,635089.5,485043.5,114.27,ASPHALT,85,99,76
89,44,635089.5,485044.5,114.23,GRASS,80,94,71
89,45,635089.5,485045.5,114.23,ASPHALT,87,96,75
89,46,635089.5,485046.5,114.2,ASPHALT,101,109,86
89,47,635089.5,485047.5,114.2,ASPHALT,95,97,76
89,48,635089.5,485048.5,114.14,ASPHALT,122,119,100
89,49,635089.5,485049.5,114.17,ASPHALT,129,122,106
89,50,635089.5,485050.5,114.17,ASPHALT,113,112,92
89,51,635089.5,485051.5,114.14,ASPHALT,107,110,89
89,52,635089.5,485052.5,114.11,ASPHALT,100,108,85
89,53,635089.5,485053.5,114.09,ASPHALT,105,113,90
89,54,635089.5,485054.5,114.07,ASPHALT,98,108,83
89,55,635089.5,485055.5,114.07,ASPHALT,93,105,81
89,56,635089.5,485056.5,114.08,ASPHALT,93,101,77
89,57,635089.5,485057.5,113.84,ASPHALT,112,111,91
89,58,635089.5,485058.5,113.53,CONCRETE,169,167,155
89,59,635089.5,485059.5,113.54,CONCRETE,141,141,131
89,60,635089.5,485060.5,113.54,GRASS,55,58,51
89,61,635089.5,485061.5,113.54,GRASS,44,48,47
89,62,635089.5,485062.5,113.54,GRASS,58,64,64
89,63,635089.5,485063.5,113.54,GRASS,37,45,48
89,64,635089.5,485064.5,113.54,GRASS,37,45,47
89,65,635089.5,485065.5,113.54,GRASS,38,46,48
89,66,635089.5,485066.5,113.55,GRASS,36,45,44
89,67,635089.5,485067.5,113.55,GRASS,35,44,43
89,68,635089.5,485068.5,113.55,GRASS,38,47,46
89,69,635089.5,485069.5,113.55,GRASS,34,42,44
89,70,635089.5,485070.5,113.55,GRASS,34,42,44
89,71,635089.5,485071.5,113.55,GRASS,33,42,41
89,72,635089.5,485072.5,113.52,GRASS,34,43,42
89,73,635089.5,485073.5,113.52,GRASS,34,43,42
89,74,635089.5,485074.5,113.52,GRASS,34,43,42
89,75,635089.5,485075.5,113.52,GRASS,34,43,42
89,76,635089.5,485076.5,113.51,GRASS,34,42,44
89,77,635089.5,485077.5,113.51,GRASS,36,45,44
89,78,635089.5,485078.5,113.51,GRASS,34,43,42
89,79,635089.5,485079.5,113.51,GRASS,35,44,43
89,80,635089.5,485080.5,113.51,GRASS,35,43,45
89,81,635089.5,485081.5,113.51,GRASS,35,43,45
89,82,635089.5,485082.5,113.51,GRASS,42,50,52
89,83,635089.5,485083.5,113.51,GRASS,36,42,42
89,84,635089.5,485084.5,113.51,GRASS,36,44,46
89,85,635089.5,485085.5,113.52,GRASS,34,42,44
89,86,635089.5,485086.5,113.53,GRASS,38,46,48
89,87,635089.5,485087.5,113.53,GRASS,32,40,42
89,88,635089.5,485088.5,113.53,GRASS,36,44,46
89,89,635089.5,485089.5,113.52,GRASS,34,42,44
89,90,635089.5,485090.5,113.51,GRASS,33,41,43
89,91,635089.5,485091.5,113.5,GRASS,34,43,42
89,92,635089.5,485092.5,113.51,GRASS,34,42,44
89,93,635089.5,485093.5,113.51,GRASS,33,41,43
89,94,635089.5,485094.5,113.51,GRASS,33,41,43
89,95,635089.5,485095.5,113.5,GRASS,34,42,45
89,96,635089.5,485096.5,113.52,GRASS,33,42,41
89,97,635089.5,485097.5,113.51,GRASS,33,42,41
89,98,635089.5,485098.5,113.51,GRASS,33,42,41
89,99,635089.5,485099.5,113.51,GRASS,33,42,41
90,0,635090.5,485000.5,115.16,GRASS,83,102,74
90,1,635090.5,485001.5,115.11,ASPHALT,88,107,79
90,2,635090.5,485002.5,115.11,ASPHALT,90,102,78
90,3,635090.5,485003.5,115.02,GRASS,72,88,62
90,4,635090.5,485004.5,115.1,GRASS,67,80,62
90,5,635090.5,485005.5,115.2,GRASS,73,87,70
90,6,635090.5,485006.5,115.28,GRASS,47,61,46
90,7,635090.5,485007.5,115.28,GRASS,56,69,59
90,8,635090.5,485008.5,115.23,GRASS,66,80,67
90,9,635090.5,485009.5,115.08,GRASS,77,90,73
90,10,635090.5,485010.5,115.12,ASPHALT,93,102,83
90,11,635090.5,485011.5,115.1,ASPHALT,116,124,103
90,12,635090.5,485012.5,115.1,GRASS,76,84,63
90,13,635090.5,485013.5,115.11,GRASS,75,86,69
90,14,635090.5,485014.5,115.01,GRASS,74,87,70
90,15,635090.5,485015.5,114.98,ASPHALT,90,98,77
90,16,635090.5,485016.5,114.97,GRASS,82,91,70
90,17,635090.5,485017.5,114.97,ASPHALT,104,105,87
90,18,635090.5,485018.5,114.94,ASPHALT,127,126,108
90,19,635090.5,485019.5,114.9,ASPHALT,107,105,84
90,20,635090.5,485020.5,114.88,ASPHALT,102,99,80
90,21,635090.5,485021.5,114.88,ASPHALT,113,106,88
90,22,635090.5,485022.5,114.78,CONCRETE,169,155,144
90,23,635090.5,485023.5,114.72,CONCRETE,165,153,139
90,24,635090.5,485024.5,114.71,CONCRETE,168,152,139
90,25,635090.5,485025.5,114.65,CONCRETE,151,139,123
90,26,635090.5,485026.5,114.65,CONCRETE,166,154,138
90,27,635090.5,485027.5,114.65,ASPHALT,97,105,84
90,28,635090.5,485028.5,114.64,GRASS,84,96,74
90,29,635090.5,485029.5,114.65,GRASS,81,92,75
90,30,635090.5,485030.5,114.66,ASPHALT,84,96,76
90,31,635090.5,485031.5,114.66,GRASS,66,81,60
90,32,635090.5,485032.5,114.61,ASPHALT,89,101,81
90,33,635090.5,485033.5,114.56,GRASS,64,77,57
90,34,635090.5,485034.5,114.53,GRASS,82,96,71
90,35,635090.5,485035.5,114.47,GRASS,72,87,66
90,36,635090.5,485036.5,114.47,GRASS,58,76,60
90,37,635090.5,485037.5,114.42,GRASS,63,80,62
90,38,635090.5,485038.5,114.41,GRASS,64,78,61
90,39,635090.5,485039.5,114.37,GRASS,75,90,71
90,40,635090.5,485040.5,114.37,GRASS,83,99,72
90,41,635090.5,485041.5,114.33,GRASS,74,86,64
90,42,635090.5,485042.5,114.32,ASPHALT,89,101,77
90,43,635090.5,485043.5,114.27,GRASS,79,91,69
90,44,635090.5,485044.5,114.23,ASPHALT,90,100,76
90,45,635090.5,485045.5,114.23,GRASS,86,98,74
90,46,635090.5,485046.5,114.2,ASPHALT,101,109,85
90,47,635090.5,485047.5,114.2,ASPHALT,109,108,87
90,48,635090.5,485048.5,114.14,ASPHALT,134,124,112
90,49,635090.5,485049.5,114.17,ASPHALT,126,121,102
90,50,635090.5,485050.5,114.17,ASPHALT,111,114,93
90,51,635090.5,485051.5,114.14,ASPHALT,108,112,89
90,52,635090.5,485052.5,114.11,ASPHALT,110,115,93
90,53,635090.5,485053.5,114.09,ASPHALT,88,100,76
90,54,635090.5,485054.5,114.07,ASPHALT,91,105,80
90,55,635090.5,485055.5,114.07,ASPHALT,102,110,87
90,56,635090.5,485056.5,114.08,ASPHALT,106,111,89
90,57,635090.5,485057.5,113.84,CONCRETE,159,153,139
90,58,635090.5,485058.5,113.53,CONCRETE,146,146,136
90,59,635090.5,485059.5,113.54,CONCRETE,132,132,124
90,60,635090.5,485060.5,113.54,GRASS,49,51,46
90,61,635090.5,485061.5,113.54,GRASS,42,48,44
90,62,635090.5,485062.5,113.54,GRASS,40,46,46
90,63,635090.5,485063.5,113.54,GRASS,40,46,46
90,64,635090.5,485064.5,113.54,GRASS,38,46,49
90,65,635090.5,485065.5,113.54,GRASS,55,63,65
90,66,635090.5,485066.5,113.55,GRASS,36,45,44
90,67,635090.5,485067.5,113.55,GRASS,36,44,46
90,68,635090.5,485068.5,113.55,GRASS,33,42,39
90,69,635090.5,485069.5,113.55,GRASS,35,43,45
90,70,635090.5,485070.5,113.55,GRASS,33,41,43
90,71,635090.5,485071.5,113.55,GRASS,35,44,43
90,72,635090.5,485072.5,113.52,GRASS,34,42,44
90,73,635090.5,485073.5,113.52,GRASS,34,42,44
90,74,635090.5,485074.5,113.52,GRASS,34,42,44
90,75,635090.5,485075.5,113.52,GRASS,35,44,41
90,76,635090.5,485076.5,113.51,GRASS,34,42,44
90,77,635090.5,485077.5,113.51,GRASS,33,42,41
90,78,635090.5,485078.5,113.51,GRASS,33,41,43
90,79,635090.5,485079.5,113.51,GRASS,34,42,44
90,80,635090.5,485080.5,113.51,GRASS,34,42,44
90,81,635090.5,485081.5,113.51,GRASS,34,43,42
90,82,635090.5,485082.5,113.51,GRASS,33,42,41
90,83,635090.5,485083.5,113.51,GRASS,35,43,45
90,84,635090.5,485084.5,113.51,GRASS,34,42,44
90,85,635090.5,485085.5,113.52,GRASS,37,45,48
90,86,635090.5,485086.5,113.53,GRASS,33,42,41
90,87,635090.5,485087.5,113.53,GRASS,41,49,51
90,88,635090.5,485088.5,113.53,GRASS,34,42,44
90,89,635090.5,485089.5,113.52,GRASS,41,49,51
90,90,635090.5,485090.5,113.51,GRASS,33,41,43
90,91,635090.5,485091.5,113.5,GRASS,40,48,50
90,92,635090.5,485092.5,113.51,GRASS,33,41,43
90,93,635090.5,485093.5,113.51,GRASS,33,41,43
90,94,635090.5,485094.5,113.51,GRASS,34,42,44
90,95,635090.5,485095.5,113.5,GRASS,33,41,43
90,96,635090.5,485096.5,113.52,GRASS,33,42,41
90,97,635090.5,485097.5,113.51,GRASS,33,41,43
90,98,635090.5,485098.5,113.51,GRASS,34,42,44
90,99,635090.5,485099.5,113.51,GRASS,36,42,42
91,0,635091.5,485000.5,115.14,GRASS,68,85,66
91,1,635091.5,485001.5,115.08,GRASS,76,90,67
91,2,635091.5,485002.5,115.08,ASPHALT,85,97,77
91,3,635091.5,485003.5,115.09,GRASS,79,95,69
91,4,635091.5,485004.5,115.08,GRASS,68,85,67
91,5,635091.5,485005.5,115.2,GRASS,64,78,63
91,6,635091.5,485006.5,115.31,GRASS,56,70,53
91,7,635091.5,485007.5,115.31,GRASS,52,68,55
91,8,635091.5,485008.5,115.3,GRASS,57,71,56
91,9,635091.5,485009.5,115.22,GRASS,74,89,68
91,10,635091.5,485010.5,115.1,GRASS,45,57,45
91,11,635091.5,485011.5,115.02,GRASS,79,91,71
91,12,635091.5,485012.5,115.02,GRASS,65,76,59
91,13,635091.5,485013.5,115.03,GRASS,79,87,72
91,14,635091.5,485014.5,114.98,ASPHALT,91,100,79
91,15,635091.5,485015.5,114.96,ASPHALT,86,95,76
91,16,635091.5,485016.5,114.93,ASPHALT,88,100,78
91,17,635091.5,485017.5,114.93,ASPHALT,112,115,94
91,18,635091.5,485018.5,114.95,ASPHALT,111,116,94
91,19,635091.5,485019.5,114.89,ASPHALT,106,108,87
91,20,635091.5,485020.5,114.88,ASPHALT,109,108,88
91,21,635091.5,485021.5,114.88,ASPHALT,122,116,100
91,22,635091.5,485022.5,114.85,CONCRETE,166,152,141
91,23,635091.5,485023.5,114.74,CONCRETE,168,152,139
91,24,635091.5,485024.5,114.74,CONCRETE,166,152,139
91,25,635091.5,485025.5,114.68,CONCRETE,159,147,131
91,26,635091.5,485026.5,114.68,ASPHALT,116,111,92
91,27,635091.5,485027.5,114.62,ASPHALT,101,102,84
91,28,635091.5,485028.5,114.62,ASPHALT,97,102,80
91,29,635091.5,485029.5,114.65,ASPHALT,93,105,83
91,30,635091.5,485030.5,114.58,GRASS,79,91,69
91,31,635091.5,485031.5,114.58,GRASS,78,93,70
91,32,635091.5,485032.5,114.6,ASPHALT,86,100,75
91,33,635091.5,485033.5,114.56,GRASS,74,86,62
91,34,635091.5,485034.5,114.54,GRASS,82,97,76
91,35,635091.5,485035.5,114.5,GRASS,66,81,62
91,36,635091.5,485036.5,114.5,GRASS,64,81,63
91,37,635091.5,485037.5,114.43,GRASS,74,88,71
91,38,635091.5,485038.5,114.39,GRASS,60,74,57
91,39,635091.5,485039.5,114.34,GRASS,72,86,69
91,40,635091.5,485040.5,114.34,ASPHALT,87,96,77
91,41,635091.5,485041.5,114.34,ASPHALT,90,102,80
91,42,635091.5,485042.5,114.28,ASPHALT,87,100,80
91,43,635091.5,485043.5,114.28,ASPHALT,84,97,77
91,44,635091.5,485044.5,114.19,ASPHALT,92,104,80
91,45,635091.5,485045.5,114.19,GRASS,86,96,72
91,46,635091.5,485046.5,114.21,ASPHALT,108,107,87
91,47,635091.5,485047.5,114.19,ASPHALT,131,124,106
91,48,635091.5,485048.5,114.17,CONCRETE,153,144,129
91,49,635091.5,485049.5,114.15,ASPHALT,115,110,91
91,50,635091.5,485050.5,114.15,ASPHALT,115,114,93
91,51,635091.5,485051.5,114.14,ASPHALT,103,111,87
91,52,635091.5,485052.5,114.1,ASPHALT,101,109,85
91,53,635091.5,485053.5,114.08,ASPHALT,96,106,81
91,54,635091.5,485054.5,114.07,ASPHALT,91,105,82
91,55,635091.5,485055.5,114.07,ASPHALT,107,112,90
91,56,635091.5,485056.5,114.02,ASPHALT,98,103,81
91,57,635091.5,485057.5,113.64,CONCRETE,161,157,148
91,58,635091.5,485058.5,113.52,CONCRETE,135,135,127
91,59,635091.5,485059.5,113.52,GRASS,56,57,51
91,60,635091.5,485060.5,113.52,GRASS,43,47,48
91,61,635091.5,485061.5,113.52,GRASS,49,54,57
91,62,635091.5,485062.5,113.53,GRASS,37,46,45
91,63,635091.5,485063.5,113.53,GRASS,40,46,46
91,64,635091.5,485064.5,113.53,GRASS,38,44,44
91,65,635091.5,485065.5,113.53,GRASS,35,44,43
91,66,635091.5,485066.5,113.53,GRASS,36,45,44
91,67,635091.5,485067.5,113.53,GRASS,35,43,45
91,68,635091.5,485068.5,113.53,GRASS,54,64,65
91,69,635091.5,485069.5,113.53,GRASS,35,43,45
91,70,635091.5,485070.5,113.54,GRASS,35,43,45
91,71,635091.5,485071.5,113.54,GRASS,34,43,42
91,72,635091.5,485072.5,113.54,GRASS,34,42,44
91,73,635091.5,485073.5,113.52,GRASS,34,42,44
91,74,635091.5,485074.5,113.52,GRASS,34,43,42
91,75,635091.5,485075.5,113.51,GRASS,34,43,42
91,76,635091.5,485076.5,113.51,GRASS,35,43,45
91,77,635091.5,485077.5,113.51,GRASS,34,43,42
91,78,635091.5,485078.5,113.5,GRASS,33,43,42
91,79,635091.5,485079.5,113.5,GRASS,33,41,43
91,80,635091.5,485080.5,113.5,GRASS,33,41,43
91,81,635091.5,485081.5,113.51,GRASS,35,44,43
91,82,635091.5,485082.5,113.51,GRASS,33,42,41
91,83,635091.5,485083.5,113.51,GRASS,34,42,44
91,84,635091.5,485084.5,113.5,GRASS,33,41,43
91,85,635091.5,485085.5,113.5,GRASS,34,43,42
91,86,635091.5,485086.5,113.51,GRASS,34,42,44
91,87,635091.5,485087.5,113.52,GRASS,34,43,42
91,88,635091.5,485088.5,113.52,GRASS,34,42,44
91,89,635091.5,485089.5,113.53,GRASS,33,42,41
91,90,635091.5,485090.5,113.53,GRASS,43,51,53
91,91,635091.5,485091.5,113.51,GRASS,32,41,40
91,92,635091.5,485092.5,113.51,GRASS,40,48,50
91,93,635091.5,485093.5,113.51,GRASS,34,42,44
91,94,635091.5,485094.5,113.51,GRASS,39,47,49
91,95,635091.5,485095.5,113.52,GRASS,33,42,41
91,96,635091.5,485096.5,113.52,GRASS,32,40,42
91,97,635091.5,485097.5,113.51,GRASS,34,42,44
91,98,635091.5,485098.5,113.51,GRASS,33,41,43
91,99,635091.5,485099.5,113.51,GRASS,34,43,42
92,0,635092.5,485000.5,115.09,GRASS,53,70,52
92,1,635092.5,485001.5,115.03,GRASS,59,77,53
92,2,635092.5,485002.5,115.03,GRASS,61,76,53
92,3,635092.5,485003.5,115.14,ASPHALT,85,98,78
92,4,635092.5,485004.5,115.16,GRASS,68,86,64
92,5,635092.5,485005.5,115.24,GRASS,76,90,73
92,6,635092.5,485006.5,115.24,GRASS,55,69,52
92,7,635092.5,485007.5,115.24,GRASS,59,72,55
92,8,635092.5,485008.5,115.29,GRASS,67,81,66
92,9,635092.5,485009.5,115.14,GRASS,85,94,75
92,10,635092.5,485010.5,115.13,GRASS,70,76,62
92,11,635092.5,485011.5,114.98,GRASS,76,84,69
92,12,635092.5,485012.5,114.98,GRASS,72,84,64
92,13,635092.5,485013.5,114.98,GRASS,83,95,75
92,14,635092.5,485014.5,115.0,ASPHALT,95,102,84
92,15,635092.5,485015.5,114.98,ASPHALT,95,100,78
92,16,635092.5,485016.5,114.94,ASPHALT,91,96,74
92,17,635092.5,485017.5,114.94,ASPHALT,108,116,93
92,18,635092.5,485018.5,114.96,ASPHALT,112,114,93
92,19,635092.5,485019.5,114.95,ASPHALT,115,117,96
92,20,635092.5,485020.5,114.88,ASPHALT,111,113,92
92,21,635092.5,485021.5,114.88,ASPHALT,103,102,82
92,22,635092.5,485022.5,114.86,CONCRETE,167,151,138
92,23,635092.5,485023.5,114.79,CONCRETE,163,151,137
92,24,635092.5,485024.5,114.79,CONCRETE,166,152,139
92,25,635092.5,485025.5,114.72,CONCRETE,166,154,138
92,26,635092.5,485026.5,114.72,ASPHALT,103,102,82
92,27,635092.5,485027.5,114.64,ASPHALT,96,99,78
92,28,635092.5,485028.5,114.64,GRASS,62,73,56
92,29,635092.5,485029.5,114.62,ASPHALT,98,106,83
92,30,635092.5,485030.5,114.59,ASPHALT,94,102,79
92,31,635092.5,485031.5,114.59,ASPHALT,87,99,79
92,32,635092.5,485032.5,114.56,ASPHALT,93,107,82
92,33,635092.5,485033.5,114.56,ASPHALT,86,101,80
92,34,635092.5,485034.5,114.52,GRASS,73,88,67
92,35,635092.5,485035.5,114.46,GRASS,72,89,71
92,36,635092.5,485036.5,114.46,GRASS,66,81,60
92,37,635092.5,485037.5,114.43,GRASS,65,80,59
92,38,635092.5,485038.5,114.38,GRASS,68,83,62
92,39,635092.5,485039.5,114.36,GRASS,80,93,73
92,40,635092.5,485040.5,114.36,ASPHALT,92,104,82
92,41,635092.5,485041.5,114.34,ASPHALT,88,100,78
92,42,635092.5,485042.5,114.31,GRASS,75,87,67
92,43,635092.5,485043.5,114.28,ASPHALT,86,95,76
92,44,635092.5,485044.5,114.26,ASPHALT,92,101,80
92,45,635092.5,485045.5,114.26,ASPHALT,98,103,83
92,46,635092.5,485046.5,114.21,ASPHALT,112,111,90
92,47,635092.5,485047.5,114.2,ASPHALT,126,119,103
92,48,635092.5,485048.5,114.16,ASPHALT,123,116,100
92,49,635092.5,485049.5,114.14,ASPHALT,114,116,94
92,50,635092.5,485050.5,114.14,ASPHALT,108,116,92
92,51,635092.5,485051.5,114.1,ASPHALT,96,106,82
92,52,635092.5,485052.5,114.1,ASPHALT,93,102,81
92,53,635092.5,485053.5,114.08,ASPHALT,99,107,84
92,54,635092.5,485054.5,114.09,ASPHALT,91,101,76
92,55,635092.5,485055.5,114.09,ASPHALT,98,103,81
92,56,635092.5,485056.5,113.79,CONCRETE,167,166,148
92,57,635092.5,485057.5,113.51,CONCRETE,156,151,145
92,58,635092.5,485058.5,113.51,ASPHALT,109,109,99
92,59,635092.5,485059.5,113.51,GRASS,45,50,44
92,60,635092.5,485060.5,113.51,GRASS,46,52,52
92,61,635092.5,485061.5,113.51,GRASS,40,46,46
92,62,635092.5,485062.5,113.52,GRASS,40,48,50
92,63,635092.5,485063.5,113.52,GRASS,37,45,48
92,64,635092.5,485064.5,113.52,GRASS,44,52,54
92,65,635092.5,485065.5,113.52,GRASS,35,44,43
92,66,635092.5,485066.5,113.52,GRASS,35,43,45
92,67,635092.5,485067.5,113.52,GRASS,35,44,43
92,68,635092.5,485068.5,113.53,GRASS,35,44,43
92,69,635092.5,485069.5,113.53,GRASS,35,43,45
92,70,635092.5,485070.5,113.54,GRASS,35,43,46
92,71,635092.5,485071.5,113.54,GRASS,45,54,53
92,72,635092.5,485072.5,113.54,GRASS,34,42,44
92,73,635092.5,485073.5,113.54,GRASS,34,42,44
92,74,635092.5,485074.5,113.54,GRASS,39,48,47
92,75,635092.5,485075.5,113.52,GRASS,34,43,42
92,76,635092.5,485076.5,113.51,GRASS,34,42,44
92,77,635092.5,485077.5,113.51,GRASS,35,43,45
92,78,635092.5,485078.5,113.47,GRASS,33,43,44
92,79,635092.5,485079.5,113.47,GRASS,33,42,41
92,80,635092.5,485080.5,113.51,GRASS,35,44,43
92,81,635092.5,485081.5,113.5,GRASS,32,42,41
92,82,635092.5,485082.5,113.5,GRASS,32,42,43
92,83,635092.5,485083.5,113.5,GRASS,35,43,46
92,84,635092.5,485084.5,113.49,GRASS,34,43,42
92,85,635092.5,485085.5,113.49,GRASS,34,42,44
92,86,635092.5,485086.5,113.51,GRASS,33,43,42
92,87,635092.5,485087.5,113.52,GRASS,33,42,41
92,88,635092.5,485088.5,113.52,GRASS,31,41,42
92,89,635092.5,485089.5,113.53,GRASS,34,42,44
92,90,635092.5,485090.5,113.53,GRASS,40,50,49
92,91,635092.5,485091.5,113.51,GRASS,35,44,43
92,92,635092.5,485092.5,113.51,GRASS,35,43,45
92,93,635092.5,485093.5,113.51,GRASS,38,46,48
92,94,635092.5,485094.5,113.52,GRASS,34,42,44
92,95,635092.5,485095.5,113.52,GRASS,37,45,48
92,96,635092.5,485096.5,113.51,GRASS,33,41,43
92,97,635092.5,485097.5,113.52,GRASS,41,49,51
92,98,635092.5,485098.5,113.52,GRASS,35,43,45
92,99,635092.5,485099.5,113.51,GRASS,34,43,42
93,0,635093.5,485000.5,115.06,GRASS,77,92,73
93,1,635093.5,485001.5,115.07,GRASS,79,93,67
93,2,635093.5,485002.5,115.07,GRASS,72,87,64
93,3,635093.5,485003.5,115.17,GRASS,68,81,61
93,4,635093.5,485004.5,115.2,GRASS,76,91,70
93,5,635093.5,485005.5,115.25,GRASS,71,86,63
93,6,635093.5,485006.5,115.25,GRASS,79,92,75
93,7,635093.5,485007.5,115.25,ASPHALT,82,95,77
93,8,635093.5,485008.5,115.19,GRASS,75,86,69
93,9,635093.5,485009.5,115.18,GRASS,79,90,73
93,10,635093.5,485010.5,115.09,GRASS,77,86,69
93,11,635093.5,485011.5,114.97,GRASS,83,92,75
93,12,635093.5,485012.5,114.97,ASPHALT,109,114,94
93,13,635093.5,485013.5,114.95,GRASS,88,96,73
93,14,635093.5,485014.5,114.93,GRASS,81,89,68
93,15,635093.5,485015.5,114.95,ASPHALT,96,104,83
93,16,635093.5,485016.5,114.91,ASPHALT,113,112,92
93,17,635093.5,485017.5,114.91,ASPHALT,101,106,84
93,18,635093.5,485018.5,114.93,ASPHALT,106,108,87
93,19,635093.5,485019.5,114.9,ASPHALT,116,115,95
93,20,635093.5,485020.5,114.87,ASPHALT,102,105,88
93,21,635093.5,485021.5,114.87,ASPHALT,102,103,85
93,22,635093.5,485022.5,114.86,CONCRETE,172,158,145
93,23,635093.5,485023.5,114.8,CONCRETE,170,156,143
93,24,635093.5,485024.5,114.74,CONCRETE,170,156,145
93,25,635093.5,485025.5,114.69,CONCRETE,157,148,133
93,26,635093.5,485026.5,114.69,ASPHALT,97,102,82
93,27,635093.5,485027.5,114.68,ASPHALT,98,102,85
93,28,635093.5,485028.5,114.66,ASPHALT,93,105,85
93,29,635093.5,485029.5,114.63,GRASS,73,87,70
93,30,635093.5,485030.5,114.62,GRASS,60,76,63
93,31,635093.5,485031.5,114.62,GRASS,65,79,62
93,32,635093.5,485032.5,114.57,GRASS,67,84,65
93,33,635093.5,485033.5,114.56,GRASS,77,90,70
93,34,635093.5,485034.5,114.54,GRASS,76,88,68
93,35,635093.5,485035.5,114.5,ASPHALT,82,95,77
93,36,635093.5,485036.5,114.5,ASPHALT,88,102,79
93,37,635093.5,485037.5,114.43,ASPHALT,90,104,81
93,38,635093.5,485038.5,114.39,GRASS,82,95,75
93,39,635093.5,485039.5,114.36,GRASS,81,95,72
93,40,635093.5,485040.5,114.36,GRASS,77,90,72
93,41,635093.5,485041.5,114.33,ASPHALT,87,99,77
93,42,635093.5,485042.5,114.33,GRASS,79,91,71
93,43,635093.5,485043.5,114.3,ASPHALT,88,100,80
93,44,635093.5,485044.5,114.26,ASPHALT,94,104,80
93,45,635093.5,485045.5,114.26,ASPHALT,109,111,90
93,46,635093.5,485046.5,114.21,ASPHALT,126,123,104
93,47,635093.5,485047.5,114.21,CONCRETE,159,152,136
93,48,635093.5,485048.5,114.16,ASPHALT,119,116,97
93,49,635093.5,485049.5,114.14,ASPHALT,115,119,96
93,50,635093.5,485050.5,114.14,ASPHALT,107,112,89
93,51,635093.5,485051.5,114.08,ASPHALT,96,108,86
93,52,635093.5,485052.5,114.09,ASPHALT,97,107,83
93,53,635093.5,485053.5,114.09,ASPHALT,97,105,81
93,54,635093.5,485054.5,114.04,ASPHALT,102,107,84
93,55,635093.5,485055.5,114.04,ASPHALT,109,108,90
93,56,635093.5,485056.5,113.62,CONCRETE,149,146,137
93,57,635093.5,485057.5,113.5,CONCRETE,136,133,126
93,58,635093.5,485058.5,113.5,GRASS,55,56,50
93,59,635093.5,485059.5,113.5,GRASS,42,48,48
93,60,635093.5,485060.5,113.5,GRASS,38,46,48
93,61,635093.5,485061.5,113.5,GRASS,39,45,45
93,62,635093.5,485062.5,113.5,GRASS,39,45,45
93,63,635093.5,485063.5,113.51,GRASS,46,51,54
93,64,635093.5,485064.5,113.51,GRASS,37,46,45
93,65,635093.5,485065.5,113.52,GRASS,38,44,44
93,66,635093.5,485066.5,113.53,GRASS,38,46,48
93,67,635093.5,485067.5,113.54,GRASS,46,55,54
93,68,635093.5,485068.5,113.55,GRASS,37,45,47
93,69,635093.5,485069.5,113.55,GRASS,33,42,41
93,70,635093.5,485070.5,113.54,GRASS,36,42,42
93,71,635093.5,485071.5,113.54,GRASS,35,43,45
93,72,635093.5,485072.5,113.54,GRASS,51,59,61
93,73,635093.5,485073.5,113.54,GRASS,36,41,45
93,74,635093.5,485074.5,113.54,GRASS,48,58,59
93,75,635093.5,485075.5,113.54,GRASS,32,40,42
93,76,635093.5,485076.5,113.52,GRASS,34,42,44
93,77,635093.5,485077.5,113.51,GRASS,34,42,44
93,78,635093.5,485078.5,113.53,GRASS,34,42,44
93,79,635093.5,485079.5,113.53,GRASS,35,43,45
93,80,635093.5,485080.5,113.52,GRASS,33,41,43
93,81,635093.5,485081.5,113.52,GRASS,33,41,44
93,82,635093.5,485082.5,113.51,GRASS,33,41,43
93,83,635093.5,485083.5,113.51,GRASS,34,43,42
93,84,635093.5,485084.5,113.5,GRASS,35,43,45
93,85,635093.5,485085.5,113.49,GRASS,33,41,43
93,86,635093.5,485086.5,113.5,GRASS,34,42,44
93,87,635093.5,485087.5,113.52,GRASS,33,41,43
93,88,635093.5,485088.5,113.52,GRASS,33,41,43
93,89,635093.5,485089.5,113.53,GRASS,34,42,44
93,90,635093.5,485090.5,113.52,GRASS,34,43,42
93,91,635093.5,485091.5,113.51,GRASS,35,44,43
93,92,635093.5,485092.5,113.52,GRASS,34,42,44
93,93,635093.5,485093.5,113.52,GRASS,41,49,51
93,94,635093.5,485094.5,113.53,GRASS,34,42,44
93,95,635093.5,485095.5,113.54,GRASS,33,41,43
93,96,635093.5,485096.5,113.46,GRASS,38,46,49
93,97,635093.5,485097.5,113.5,GRASS,32,40,42
93,98,635093.5,485098.5,113.5,GRASS,35,45,46
93,99,635093.5,485099.5,113.5,GRASS,34,42,44
94,0,635094.5,485000.5,115.14,GRASS,83,98,75
94,1,635094.5,485001.5,115.14,GRASS,73,86,68
94,2,635094.5,485002.5,115.14,GRASS,69,81,61
94,3,635094.5,485003.5,115.21,GRASS,80,91,74
94,4,635094.5,485004.5,115.27,ASPHALT,87,101,75
94,5,635094.5,485005.5,115.27,GRASS,70,85,64
94,6,635094.5,485006.5,115.21,GRASS,75,86,70
94,7,635094.5,485007.5,115.21,GRASS,60,68,53
94,8,635094.5,485008.5,115.2,GRASS,81,92,75
94,9,635094.5,485009.5,115.13,GRASS,62,75,58
94,10,635094.5,485010.5,115.02,GRASS,65,76,60
94,11,635094.5,485011.5,114.92,ASPHALT,94,97,78
94,12,635094.5,485012.5,114.92,ASPHALT,104,106,85
94,13,635094.5,485013.5,114.93,ASPHALT,105,107,86
94,14,635094.5,485014.5,114.92,ASPHALT,104,107,86
94,15,635094.5,485015.5,114.9,ASPHALT,112,113,97
94,16,635094.5,485016.5,114.89,ASPHALT,101,106,84
94,17,635094.5,485017.5,114.89,ASPHALT,117,116,98
94,18,635094.5,485018.5,114.87,ASPHALT,118,116,95
94,19,635094.5,485019.5,114.85,ASPHALT,115,114,93
94,20,635094.5,485020.5,114.85,ASPHALT,102,99,82
94,21,635094.5,485021.5,114.85,ASPHALT,106,103,84
94,22,635094.5,485022.5,114.82,CONCRETE,169,155,142
94,23,635094.5,485023.5,114.77,CONCRETE,171,157,144
94,24,635094.5,485024.5,114.75,CONCRETE,167,151,138
94,25,635094.5,485025.5,114.68,ASPHALT,113,108,89
94,26,635094.5,485026.5,114.68,ASPHALT,102,105,86
94,27,635094.5,485027.5,114.68,GRASS,73,84,68
94,28,635094.5,485028.5,114.67,GRASS,49,62,52
94,29,635094.5,485029.5,114.65,GRASS,60,74,57
94,30,635094.5,485030.5,114.61,GRASS,72,89,73
94,31,635094.5,485031.5,114.61,GRASS,64,82,66
94,32,635094.5,485032.5,114.64,GRASS,76,90,67
94,33,635094.5,485033.5,114.57,ASPHALT,85,98,78
94,34,635094.5,485034.5,114.56,GRASS,73,87,64
94,35,635094.5,485035.5,114.48,GRASS,64,77,59
94,36,635094.5,485036.5,114.48,ASPHALT,87,99,77
94,37,635094.5,485037.5,114.46,GRASS,69,82,64
94,38,635094.5,485038.5,114.43,GRASS,69,81,61
94,39,635094.5,485039.5,114.39,GRASS,82,96,73
94,40,635094.5,485040.5,114.39,ASPHALT,99,108,87
94,41,635094.5,485041.5,114.31,ASPHALT,93,103,79
94,42,635094.5,485042.5,114.31,ASPHALT,90,102,80
94,43,635094.5,485043.5,114.29,ASPHALT,90,102,78
94,44,635094.5,485044.5,114.24,ASPHALT,94,102,79
94,45,635094.5,485045.5,114.24,ASPHALT,121,118,99
94,46,635094.5,485046.5,114.23,ASPHALT,119,114,95
94,47,635094.5,485047.5,114.22,ASPHALT,126,119,103
94,48,635094.5,485048.5,114.17,ASPHALT,117,115,94
94,49,635094.5,485049.5,114.15,ASPHALT,104,107,86
94,50,635094.5,485050.5,114.15,ASPHALT,99,104,82
94,51,635094.5,485051.5,114.12,ASPHALT,99,109,85
94,52,635094.5,485052.5,114.1,ASPHALT,109,114,91
94,53,635094.5,485053.5,114.07,ASPHALT,103,108,85
94,54,635094.5,485054.5,113.79,ASPHALT,97,102,79
94,55,635094.5,485055.5,113.79,CONCRETE,178,174,162
94,56,635094.5,485056.5,113.48,CONCRETE,155,152,145
94,57,635094.5,485057.5,113.49,ASPHALT,86,86,78
94,58,635094.5,485058.5,113.49,GRASS,46,51,47
94,59,635094.5,485059.5,113.5,GRASS,41,47,45
94,60,635094.5,485060.5,113.5,GRASS,37,45,47
94,61,635094.5,485061.5,113.51,GRASS,39,45,45
94,62,635094.5,485062.5,113.52,GRASS,38,44,44
94,63,635094.5,485063.5,113.53,GRASS,37,45,47
94,64,635094.5,485064.5,113.53,GRASS,36,45,44
94,65,635094.5,485065.5,113.54,GRASS,37,46,45
94,66,635094.5,485066.5,113.54,GRASS,39,49,50
94,67,635094.5,485067.5,113.55,GRASS,35,45,46
94,68,635094.5,485068.5,113.54,GRASS,41,50,49
94,69,635094.5,485069.5,113.54,GRASS,34,42,44
94,70,635094.5,485070.5,113.54,GRASS,39,47,49
94,71,635094.5,485071.5,113.54,GRASS,34,42,44
94,72,635094.5,485072.5,113.53,GRASS,35,43,45
94,73,635094.5,485073.5,113.52,GRASS,34,43,42
94,74,635094.5,485074.5,113.52,GRASS,31,41,42
94,75,635094.5,485075.5,113.55,GRASS,35,43,45
94,76,635094.5,485076.5,113.53,GRASS,37,47,48
94,77,635094.5,485077.5,113.52,GRASS,35,45,46
94,78,635094.5,485078.5,113.55,GRASS,33,43,44
94,79,635094.5,485079.5,113.55,GRASS,33,42,39
94,80,635094.5,485080.5,113.53,GRASS,35,44,43
94,81,635094.5,485081.5,113.52,GRASS,35,43,45
94,82,635094.5,485082.5,113.52,GRASS,33,41,43
94,83,635094.5,485083.5,113.52,GRASS,34,43,40
94,84,635094.5,485084.5,113.51,GRASS,33,41,44
94,85,635094.5,485085.5,113.5,GRASS,34,43,42
94,86,635094.5,485086.5,113.49,GRASS,34,43,42
94,87,635094.5,485087.5,113.52,GRASS,34,43,42
94,88,635094.5,485088.5,113.52,GRASS,33,41,43
94,89,635094.5,485089.5,113.53,GRASS,34,43,42
94,90,635094.5,485090.5,113.52,GRASS,34,43,42
94,91,635094.5,485091.5,113.5,GRASS,38,43,46
94,92,635094.5,485092.5,113.52,GRASS,34,42,44
94,93,635094.5,485093.5,113.52,GRASS,32,40,42
94,94,635094.5,485094.5,113.53,GRASS,32,44,44
94,95,635094.5,485095.5,113.54,GRASS,34,42,44
94,96,635094.5,485096.5,113.54,GRASS,45,53,55
94,97,635094.5,485097.5,113.52,GRASS,35,43,45
94,98,635094.5,485098.5,113.52,GRASS,35,43,45
94,99,635094.5,485099.5,113.49,GRASS,34,42,44
95,0,635095.5,485000.5,115.24,GRASS,77,90,70
95,1,635095.5,485001.5,115.24,GRASS,66,79,59
95,2,635095.5,485002.5,115.24,GRASS,69,81,61
95,3,635095.5,485003.5,115.24,GRASS,80,92,72
95,4,635095.5,485004.5,115.26,GRASS,71,84,64
95,5,635095.5,485005.5,115.22,GRASS,76,89,69
95,6,635095.5,485006.5,115.15,ASPHALT,86,95,76
95,7,635095.5,485007.5,115.15,ASPHALT,89,98,77
95,8,635095.5,485008.5,115.2,GRASS,85,94,73
95,9,635095.5,485009.5,115.13,GRASS,81,90,71
95,10,635095.5,485010.5,114.98,GRASS,80,89,70
95,11,635095.5,485011.5,114.95,GRASS,77,85,64
95,12,635095.5,485012.5,114.95,ASPHALT,109,112,91
95,13,635095.5,485013.5,114.91,GRASS,84,88,71
95,14,635095.5,485014.5,114.89,ASPHALT,108,105,86
95,15,635095.5,485015.5,114.87,ASPHALT,118,113,93
95,16,635095.5,485016.5,114.86,ASPHALT,116,118,97
95,17,635095.5,485017.5,114.86,ASPHALT,108,110,88
95,18,635095.5,485018.5,114.87,ASPHALT,107,109,88
95,19,635095.5,485019.5,114.86,ASPHALT,101,106,84
95,20,635095.5,485020.5,114.83,ASPHALT,109,112,93
95,21,635095.5,485021.5,114.83,ASPHALT,104,106,85
95,22,635095.5,485022.5,114.8,CONCRETE,169,156,140
95,23,635095.5,485023.5,114.79,CONCRETE,168,155,139
95,24,635095.5,485024.5,114.77,CONCRETE,166,153,137
95,25,635095.5,485025.5,114.72,ASPHALT,99,104,84
95,26,635095.5,485026.5,114.72,GRASS,62,75,57
95,27,635095.5,485027.5,114.68,GRASS,75,92,73
95,28,635095.5,485028.5,114.66,GRASS,63,77,64
95,29,635095.5,485029.5,114.63,GRASS,58,72,57
95,30,635095.5,485030.5,114.65,GRASS,57,73,60
95,31,635095.5,485031.5,114.65,GRASS,72,87,68
95,32,635095.5,485032.5,114.64,GRASS,78,93,70
95,33,635095.5,485033.5,114.6,GRASS,81,93,73
95,34,635095.5,485034.5,114.56,GRASS,77,89,67
95,35,635095.5,485035.5,114.52,GRASS,82,94,74
95,36,635095.5,485036.5,114.52,GRASS,77,89,69
95,37,635095.5,485037.5,114.46,GRASS,76,89,71
95,38,635095.5,485038.5,114.44,GRASS,71,84,64
95,39,635095.5,485039.5,114.43,ASPHALT,90,102,80
95,40,635095.5,485040.5,114.43,ASPHALT,83,94,77
95,41,635095.5,485041.5,114.4,GRASS,83,95,75
95,42,635095.5,485042.5,114.36,ASPHALT,86,100,77
95,43,635095.5,485043.5,114.31,ASPHALT,95,108,82
95,44,635095.5,485044.5,114.28,ASPHALT,112,115,94
95,45,635095.5,485045.5,114.28,ASPHALT,122,119,100
95,46,635095.5,485046.5,114.26,CONCRETE,161,152,137
95,47,635095.5,485047.5,114.22,ASPHALT,127,122,103
95,48,635095.5,485048.5,114.15,ASPHALT,121,119,98
95,49,635095.5,485049.5,114.15,ASPHALT,107,111,86
95,50,635095.5,485050.5,114.15,ASPHALT,104,109,86
95,51,635095.5,485051.5,114.08,ASPHALT,98,106,82
95,52,635095.5,485052.5,114.09,ASPHALT,106,110,85
95,53,635095.5,485053.5,114.02,ASPHALT,104,109,86
95,54,635095.5,485054.5,113.63,ASPHALT,118,120,98
95,55,635095.5,485055.5,113.63,CONCRETE,153,149,140
95,56,635095.5,485056.5,113.49,CONCRETE,134,131,124
95,57,635095.5,485057.5,113.5,GRASS,52,53,47
95,58,635095.5,485058.5,113.51,GRASS,42,48,46
95,59,635095.5,485059.5,113.52,GRASS,39,48,47
95,60,635095.5,485060.5,113.52,GRASS,37,46,45
95,61,635095.5,485061.5,113.53,GRASS,38,47,46
95,62,635095.5,485062.5,113.54,GRASS,36,45,44
95,63,635095.5,485063.5,113.54,GRASS,36,45,44
95,64,635095.5,485064.5,113.54,GRASS,38,47,46
95,65,635095.5,485065.5,113.55,GRASS,38,44,44
95,66,635095.5,485066.5,113.55,GRASS,35,43,45
95,67,635095.5,485067.5,113.55,GRASS,35,43,45
95,68,635095.5,485068.5,113.54,GRASS,34,42,44
95,69,635095.5,485069.5,113.54,GRASS,39,47,49
95,70,635095.5,485070.5,113.54,GRASS,35,43,45
95,71,635095.5,485071.5,113.53,GRASS,40,48,50
95,72,635095.5,485072.5,113.53,GRASS,34,43,42
95,73,635095.5,485073.5,113.52,GRASS,39,48,47
95,74,635095.5,485074.5,113.52,GRASS,35,43,45
95,75,635095.5,485075.5,113.56,GRASS,35,40,43
95,76,635095.5,485076.5,113.55,GRASS,33,41,43
95,77,635095.5,485077.5,113.53,GRASS,33,41,43
95,78,635095.5,485078.5,113.53,GRASS,34,43,42
95,79,635095.5,485079.5,113.53,GRASS,34,44,45
95,80,635095.5,485080.5,113.53,GRASS,40,50,49
95,81,635095.5,485081.5,113.54,GRASS,33,41,43
95,82,635095.5,485082.5,113.52,GRASS,34,43,42
95,83,635095.5,485083.5,113.52,GRASS,35,44,43
95,84,635095.5,485084.5,113.52,GRASS,34,42,44
95,85,635095.5,485085.5,113.51,GRASS,33,42,41
95,86,635095.5,485086.5,113.5,GRASS,34,42,44
95,87,635095.5,485087.5,113.51,GRASS,31,41,42
95,88,635095.5,485088.5,113.51,GRASS,34,42,44
95,89,635095.5,485089.5,113.53,GRASS,34,43,42
95,90,635095.5,485090.5,113.52,GRASS,35,44,43
95,91,635095.5,485091.5,113.5,GRASS,33,42,41
95,92,635095.5,485092.5,113.52,GRASS,34,43,42
95,93,635095.5,485093.5,113.52,GRASS,32,42,43
95,94,635095.5,485094.5,113.54,GRASS,34,42,44
95,95,635095.5,485095.5,113.55,GRASS,34,42,44
95,96,635095.5,485096.5,113.55,GRASS,32,40,42
95,97,635095.5,485097.5,113.55,GRASS,34,44,45
95,98,635095.5,485098.5,113.55,GRASS,36,44,46
95,99,635095.5,485099.5,113.53,GRASS,50,58,61
96,0,635096.5,485000.5,115.26,ASPHALT,88,95,77
96,1,635096.5,485001.5,115.25,ASPHALT,86,95,76
96,2,635096.5,485002.5,115.25,ASPHALT,96,104,83
96,3,635096.5,485003.5,115.25,GRASS,65,77,55
96,4,635096.5,485004.5,115.27,GRASS,77,88,71
96,5,635096.5,485005.5,115.19,GRASS,65,80,61
96,6,635096.5,485006.5,115.16,GRASS,72,85,67
96,7,635096.5,485007.5,115.16,ASPHALT,92,101,80
96,8,635096.5,485008.5,115.13,GRASS,81,90,69
96,9,635096.5,485009.5,115.07,GRASS,71,82,65
96,10,635096.5,485010.5,115.01,GRASS,73,82,63
96,11,635096.5,485011.5,114.91,GRASS,85,94,73
96,12,635096.5,485012.5,114.91,GRASS,82,90,69
96,13,635096.5,485013.5,114.91,ASPHALT,99,104,82
96,14,635096.5,485014.5,114.89,ASPHALT,127,124,105
96,15,635096.5,485015.5,114.86,ASPHALT,111,114,87
96,16,635096.5,485016.5,114.85,ASPHALT,117,121,98
96,17,635096.5,485017.5,114.85,ASPHALT,102,106,83
96,18,635096.5,485018.5,114.89,ASPHALT,91,99,78
96,19,635096.5,485019.5,114.83,ASPHALT,97,106,85
96,20,635096.5,485020.5,114.79,ASPHALT,97,105,82
96,21,635096.5,485021.5,114.79,ASPHALT,115,112,93
96,22,635096.5,485022.5,114.77,CONCRETE,172,154,140
96,23,635096.5,485023.5,114.74,CONCRETE,167,155,139
96,24,635096.5,485024.5,114.72,CONCRETE,165,152,136
96,25,635096.5,485025.5,114.69,ASPHALT,90,102,82
96,26,635096.5,485026.5,114.69,GRASS,73,87,72
96,27,635096.5,485027.5,114.67,GRASS,66,79,61
96,28,635096.5,485028.5,114.63,GRASS,64,77,59
96,29,635096.5,485029.5,114.58,GRASS,67,81,66
96,30,635096.5,485030.5,114.61,GRASS,61,79,63
96,31,635096.5,485031.5,114.61,GRASS,57,74,58
96,32,635096.5,485032.5,114.62,GRASS,69,83,60
96,33,635096.5,485033.5,114.61,GRASS,81,91,67
96,34,635096.5,485034.5,114.56,GRASS,78,90,66
96,35,635096.5,485035.5,114.55,GRASS,81,90,71
96,36,635096.5,485036.5,114.55,GRASS,71,84,64
96,37,635096.5,485037.5,114.53,GRASS,77,90,70
96,38,635096.5,485038.5,114.5,GRASS,67,82,63
96,39,635096.5,485039.5,114.48,GRASS,82,88,74
96,40,635096.5,485040.5,114.48,GRASS,78,89,72
96,41,635096.5,485041.5,114.41,GRASS,78,91,71
96,42,635096.5,485042.5,114.41,ASPHALT,86,98,76
96,43,635096.5,485043.5,114.37,ASPHALT,98,108,84
96,44,635096.5,485044.5,114.3,ASPHALT,114,113,92
96,45,635096.5,485045.5,114.3,ASPHALT,129,124,105
96,46,635096.5,485046.5,114.25,CONCRETE,165,155,143
96,47,635096.5,485047.5,114.21,ASPHALT,122,117,98
96,48,635096.5,485048.5,114.18,ASPHALT,115,114,93
96,49,635096.5,485049.5,114.16,ASPHALT,93,103,79
96,50,635096.5,485050.5,114.16,ASPHALT,107,112,89
96,51,635096.5,485051.5,114.1,ASPHALT,103,108,85
96,52,635096.5,485052.5,114.09,ASPHALT,104,108,83
96,53,635096.5,485053.5,113.83,ASPHALT,105,110,88
96,54,635096.5,485054.5,113.5,CONCRETE,180,176,164
96,55,635096.5,485055.5,113.5,CONCRETE,137,132,126
96,56,635096.5,485056.5,113.51,GRASS,77,74,69
96,57,635096.5,485057.5,113.52,GRASS,43,48,42
96,58,635096.5,485058.5,113.53,GRASS,40,46,44
96,59,635096.5,485059.5,113.53,GRASS,37,46,45
96,60,635096.5,485060.5,113.53,GRASS,40,46,44
96,61,635096.5,485061.5,113.54,GRASS,36,44,46
96,62,635096.5,485062.5,113.55,GRASS,36,45,44
96,63,635096.5,485063.5,113.55,GRASS,35,44,43
96,64,635096.5,485064.5,113.55,GRASS,36,44,46
96,65,635096.5,485065.5,113.55,GRASS,35,43,45
96,66,635096.5,485066.5,113.55,GRASS,34,43,42
96,67,635096.5,485067.5,113.54,GRASS,33,41,43
96,68,635096.5,485068.5,113.54,GRASS,34,42,44
96,69,635096.5,485069.5,113.54,GRASS,35,44,43
96,70,635096.5,485070.5,113.54,GRASS,34,43,42
96,71,635096.5,485071.5,113.53,GRASS,36,44,46
96,72,635096.5,485072.5,113.53,GRASS,38,47,46
96,73,635096.5,485073.5,113.52,GRASS,34,39,42
96,74,635096.5,485074.5,113.52,GRASS,40,49,48
96,75,635096.5,485075.5,113.51,GRASS,38,43,46
96,76,635096.5,485076.5,113.56,GRASS,34,42,44
96,77,635096.5,485077.5,113.54,GRASS,32,40,42
96,78,635096.5,485078.5,113.51,GRASS,33,42,41
96,79,635096.5,485079.5,113.51,GRASS,36,44,46
96,80,635096.5,485080.5,113.52,GRASS,33,41,43
96,81,635096.5,485081.5,113.52,GRASS,35,40,43
96,82,635096.5,485082.5,113.53,GRASS,43,51,53
96,83,635096.5,485083.5,113.53,GRASS,32,42,43
96,84,635096.5,485084.5,113.54,GRASS,32,42,43
96,85,635096.5,485085.5,113.52,GRASS,32,40,42
96,86,635096.5,485086.5,113.51,GRASS,33,41,43
96,87,635096.5,485087.5,113.5,GRASS,33,43,42
96,88,635096.5,485088.5,113.5,GRASS,34,44,45
96,89,635096.5,485089.5,113.53,GRASS,33,42,41
96,90,635096.5,485090.5,113.5,GRASS,33,41,43
96,91,635096.5,485091.5,113.48,GRASS,33,41,43
96,92,635096.5,485092.5,113.5,GRASS,35,43,45
96,93,635096.5,485093.5,113.5,GRASS,33,43,42
96,94,635096.5,485094.5,113.54,GRASS,34,42,44
96,95,635096.5,485095.5,113.49,GRASS,31,41,42
96,96,635096.5,485096.5,113.54,GRASS,35,44,43
96,97,635096.5,485097.5,113.56,GRASS,35,44,43
96,98,635096.5,485098.5,113.56,GRASS,39,48,47
96,99,635096.5,485099.5,113.56,GRASS,36,41,44
97,0,635097.5,485000.5,115.26,GRASS,73,81,66
97,1,635097.5,485001.5,115.25,ASPHALT,86,93,75
97,2,635097.5,485002.5,115.25,GRASS,84,91,73
97,3,635097.5,485003.5,115.25,ASPHALT,88,98,74
97,4,635097.5,485004.5,115.27,GRASS,79,91,71
97,5,635097.5,485005.5,115.19,GRASS,59,70,53
97,6,635097.5,485006.5,115.16,ASPHALT,97,109,85
97,7,635097.5,485007.5,115.16,GRASS,72,81,62
97,8,635097.5,485008.5,115.13,GRASS,79,91,71
97,9,635097.5,485009.5,115.07,GRASS,72,87,66
97,10,635097.5,485010.5,115.01,GRASS,59,71,51
97,11,635097.5,485011.5,114.91,ASPHALT,92,97,75
97,12,635097.5,485012.5,114.91,ASPHALT,106,105,85
97,13,635097.5,485013.5,114.91,CONCRETE,138,132,118
97,14,635097.5,485014.5,114.89,ASPHALT,114,116,95
97,15,635097.5,485015.5,114.86,ASPHALT,109,108,88
97,16,635097.5,485016.5,114.85,ASPHALT,108,110,89
97,17,635097.5,485017.5,114.85,ASPHALT,90,95,75
97,18,635097.5,485018.5,114.89,ASPHALT,104,107,86
97,19,635097.5,485019.5,114.83,ASPHALT,100,104,87
97,20,635097.5,485020.5,114.79,ASPHALT,93,101,78
97,21,635097.5,485021.5,114.79,ASPHALT,107,106,86
97,22,635097.5,485022.5,114.77,CONCRETE,170,154,139
97,23,635097.5,485023.5,114.74,CONCRETE,167,151,136
97,24,635097.5,485024.5,114.72,ASPHALT,128,119,102
97,25,635097.5,485025.5,114.69,GRASS,83,97,74
97,26,635097.5,485026.5,114.69,GRASS,72,86,69
97,27,635097.5,485027.5,114.67,GRASS,57,71,56
97,28,635097.5,485028.5,114.63,GRASS,76,88,74
97,29,635097.5,485029.5,114.58,GRASS,65,82,66
97,30,635097.5,485030.5,114.61,GRASS,58,74,61
97,31,635097.5,485031.5,114.61,GRASS,76,91,72
97,32,635097.5,485032.5,114.62,GRASS,65,77,57
97,33,635097.5,485033.5,114.61,GRASS,75,87,67
97,34,635097.5,485034.5,114.56,GRASS,80,92,72
97,35,635097.5,485035.5,114.55,GRASS,79,91,67
97,36,635097.5,485036.5,114.55,ASPHALT,86,98,78
97,37,635097.5,485037.5,114.53,GRASS,78,90,70
97,38,635097.5,485038.5,114.5,GRASS,78,96,72
97,39,635097.5,485039.5,114.48,GRASS,69,78,61
97,40,635097.5,485040.5,114.48,GRASS,77,83,69
97,41,635097.5,485041.5,114.41,GRASS,75,88,70
97,42,635097.5,485042.5,114.41,ASPHALT,88,100,80
97,43,635097.5,485043.5,114.37,ASPHALT,105,110,88
97,44,635097.5,485044.5,114.3,CONCRETE,140,133,117
97,45,635097.5,485045.5,114.3,ASPHALT,126,119,103
97,46,635097.5,485046.5,114.25,CONCRETE,142,135,119
97,47,635097.5,485047.5,114.21,ASPHALT,124,119,100
97,48,635097.5,485048.5,114.18,ASPHALT,118,120,98
97,49,635097.5,485049.5,114.16,ASPHALT,107,111,88
97,50,635097.5,485050.5,114.16,ASPHALT,104,109,86
97,51,635097.5,485051.5,114.1,ASPHALT,108,110,89
97,52,635097.5,485052.5,114.09,ASPHALT,103,105,83
97,53,635097.5,485053.5,113.83,ASPHALT,120,117,100
97,54,635097.5,485054.5,113.5,CONCRETE,136,132,123
97,55,635097.5,485055.5,113.5,ASPHALT,113,110,105
97,56,635097.5,485056.5,113.51,GRASS,52,53,47
97,57,635097.5,485057.5,113.52,GRASS,41,47,47
97,58,635097.5,485058.5,113.53,GRASS,38,47,46
97,59,635097.5,485059.5,113.53,GRASS,40,45,48
97,60,635097.5,485060.5,113.53,GRASS,36,45,44
97,61,635097.5,485061.5,113.54,GRASS,37,46,45
97,62,635097.5,485062.5,113.55,GRASS,36,45,44
97,63,635097.5,485063.5,113.55,GRASS,33,42,41
97,64,635097.5,485064.5,113.55,GRASS,35,43,45
97,65,635097.5,485065.5,113.55,GRASS,37,45,47
97,66,635097.5,485066.5,113.55,GRASS,34,43,42
97,67,635097.5,485067.5,113.54,GRASS,34,42,44
97,68,635097.5,485068.5,113.54,GRASS,33,41,43
97,69,635097.5,485069.5,113.54,GRASS,33,42,41
97,70,635097.5,485070.5,113.54,GRASS,36,45,44
97,71,635097.5,485071.5,113.53,GRASS,34,43,42
97,72,635097.5,485072.5,113.53,GRASS,34,42,44
97,73,635097.5,485073.5,113.52,GRASS,35,43,45
97,74,635097.5,485074.5,113.52,GRASS,34,44,45
97,75,635097.5,485075.5,113.51,GRASS,35,44,43
97,76,635097.5,485076.5,113.56,GRASS,34,43,42
97,77,635097.5,485077.5,113.54,GRASS,40,49,48
97,78,635097.5,485078.5,113.51,GRASS,35,41,41
97,79,635097.5,485079.5,113.51,GRASS,37,45,47
97,80,635097.5,485080.5,113.52,GRASS,34,42,44
97,81,635097.5,485081.5,113.52,GRASS,34,43,42
97,82,635097.5,485082.5,113.53,GRASS,32,41,40
97,83,635097.5,485083.5,113.53,GRASS,33,42,41
97,84,635097.5,485084.5,113.54,GRASS,33,41,43
97,85,635097.5,485085.5,113.52,GRASS,41,49,51
97,86,635097.5,485086.5,113.51,GRASS,35,43,45
97,87,635097.5,485087.5,113.5,GRASS,33,42,41
97,88,635097.5,485088.5,113.5,GRASS,33,41,43
97,89,635097.5,485089.5,113.53,GRASS,33,42,41
97,90,635097.5,485090.5,113.5,GRASS,34,42,44
97,91,635097.5,485091.5,113.48,GRASS,34,42,44
97,92,635097.5,485092.5,113.5,GRASS,32,40,42
97,93,635097.5,485093.5,113.5,GRASS,32,42,43
97,94,635097.5,485094.5,113.54,GRASS,34,42,44
97,95,635097.5,485095.5,113.49,GRASS,34,42,44
97,96,635097.5,485096.5,113.54,GRASS,35,43,46
97,97,635097.5,485097.5,113.56,GRASS,34,42,44
97,98,635097.5,485098.5,113.56,GRASS,36,44,46
97,99,635097.5,485099.5,113.56,GRASS,34,44,45
98,0,635098.5,485000.5,115.25,GRASS,82,91,74
98,1,635098.5,485001.5,115.23,GRASS,74,85,68
98,2,635098.5,485002.5,115.23,GRASS,77,88,72
98,3,635098.5,485003.5,115.2,GRASS,86,95,74
98,4,635098.5,485004.5,115.21,GRASS,85,93,72
98,5,635098.5,485005.5,115.2,GRASS,82,89,71
98,6,635098.5,485006.5,115.08,GRASS,85,94,73
98,7,635098.5,485007.5,115.08,GRASS,72,84,62
98,8,635098.5,485008.5,115.06,GRASS,80,92,72
98,9,635098.5,485009.5,114.97,ASPHALT,96,105,84
98,10,635098.5,485010.5,114.97,GRASS,70,79,58
98,11,635098.5,485011.5,114.91,ASPHALT,95,97,76
98,12,635098.5,485012.5,114.91,ASPHALT,127,120,104
98,13,635098.5,485013.5,114.84,ASPHALT,122,117,97
98,14,635098.5,485014.5,114.81,ASPHALT,98,101,80
98,15,635098.5,485015.5,114.81,ASPHALT,117,120,99
98,16,635098.5,485016.5,114.83,ASPHALT,106,111,89
98,17,635098.5,485017.5,114.83,ASPHALT,114,117,96
98,18,635098.5,485018.5,114.98,ASPHALT,104,108,91
98,19,635098.5,485019.5,114.81,GRASS,67,80,62
98,20,635098.5,485020.5,114.8,ASPHALT,89,98,77
98,21,635098.5,485021.5,114.8,ASPHALT,114,109,90
98,22,635098.5,485022.5,114.7,CONCRETE,169,153,140
98,23,635098.5,485023.5,114.7,CONCRETE,168,152,139
98,24,635098.5,485024.5,114.69,ASPHALT,129,126,109
98,25,635098.5,485025.5,114.67,ASPHALT,87,100,82
98,26,635098.5,485026.5,114.67,ASPHALT,82,95,77
98,27,635098.5,485027.5,114.67,GRASS,74,87,69
98,28,635098.5,485028.5,114.64,GRASS,56,68,54
98,29,635098.5,485029.5,114.59,GRASS,72,86,69
98,30,635098.5,485030.5,114.59,GRASS,68,83,64
98,31,635098.5,485031.5,114.59,GRASS,79,92,74
98,32,635098.5,485032.5,114.6,GRASS,82,94,72
98,33,635098.5,485033.5,114.61,GRASS,61,78,60
98,34,635098.5,485034.5,114.61,ASPHALT,84,96,76
98,35,635098.5,485035.5,114.59,GRASS,84,94,70
98,36,635098.5,485036.5,114.59,GRASS,73,85,65
98,37,635098.5,485037.5,114.55,GRASS,75,88,68
98,38,635098.5,485038.5,114.54,ASPHALT,92,105,85
98,39,635098.5,485039.5,114.49,GRASS,74,80,66
98,40,635098.5,485040.5,114.49,GRASS,60,62,49
98,41,635098.5,485041.5,114.47,GRASS,73,86,69
98,42,635098.5,485042.5,114.42,ASPHALT,95,107,87
98,43,635098.5,485043.5,114.4,ASPHALT,110,112,91
98,44,635098.5,485044.5,114.37,CONCRETE,144,137,121
98,45,635098.5,485045.5,114.37,CONCRETE,165,156,141
98,46,635098.5,485046.5,114.26,CONCRETE,137,130,112
98,47,635098.5,485047.5,114.2,CONCRETE,142,135,117
98,48,635098.5,485048.5,114.18,ASPHALT,107,109,87
98,49,635098.5,485049.5,114.09,ASPHALT,107,110,89
98,50,635098.5,485050.5,114.09,ASPHALT,99,102,81
98,51,635098.5,485051.5,114.07,ASPHALT,105,107,85
98,52,635098.5,485052.5,113.98,ASPHALT,110,109,88
98,53,635098.5,485053.5,113.62,CONCRETE,182,179,164
98,54,635098.5,485054.5,113.52,ASPHALT,126,124,112
98,55,635098.5,485055.5,113.52,GRASS,60,61,55
98,56,635098.5,485056.5,113.53,GRASS,43,48,44
98,57,635098.5,485057.5,113.53,GRASS,41,47,45
98,58,635098.5,485058.5,113.54,GRASS,38,47,46
98,59,635098.5,485059.5,113.55,GRASS,38,47,46
98,60,635098.5,485060.5,113.55,GRASS,36,44,46
98,61,635098.5,485061.5,113.56,GRASS,36,45,44
98,62,635098.5,485062.5,113.56,GRASS,36,45,44
98,63,635098.5,485063.5,113.55,GRASS,36,45,44
98,64,635098.5,485064.5,113.55,GRASS,35,44,43
98,65,635098.5,485065.5,113.55,GRASS,34,43,42
98,66,635098.5,485066.5,113.54,GRASS,38,46,48
98,67,635098.5,485067.5,113.54,GRASS,34,43,42
98,68,635098.5,485068.5,113.54,GRASS,35,43,45
98,69,635098.5,485069.5,113.54,GRASS,34,43,42
98,70,635098.5,485070.5,113.53,GRASS,34,43,42
98,71,635098.5,485071.5,113.53,GRASS,34,43,42
98,72,635098.5,485072.5,113.53,GRASS,33,42,41
98,73,635098.5,485073.5,113.52,GRASS,35,41,41
98,74,635098.5,485074.5,113.52,GRASS,37,46,45
98,75,635098.5,485075.5,113.51,GRASS,34,42,44
98,76,635098.5,485076.5,113.57,GRASS,33,41,43
98,77,635098.5,485077.5,113.56,GRASS,38,48,49
98,78,635098.5,485078.5,113.49,GRASS,34,43,42
98,79,635098.5,485079.5,113.49,GRASS,32,42,43
98,80,635098.5,485080.5,113.5,GRASS,41,49,52
98,81,635098.5,485081.5,113.51,GRASS,39,47,49
98,82,635098.5,485082.5,113.52,GRASS,33,41,43
98,83,635098.5,485083.5,113.52,GRASS,33,41,43
98,84,635098.5,485084.5,113.53,GRASS,33,41,43
98,85,635098.5,485085.5,113.53,GRASS,33,41,43
98,86,635098.5,485086.5,113.53,GRASS,33,41,43
98,87,635098.5,485087.5,113.52,GRASS,35,43,45
98,88,635098.5,485088.5,113.52,GRASS,53,61,64
98,89,635098.5,485089.5,113.52,GRASS,35,44,43
98,90,635098.5,485090.5,113.49,GRASS,33,41,43
98,91,635098.5,485091.5,113.48,GRASS,32,41,40
98,92,635098.5,485092.5,113.5,GRASS,34,42,44
98,93,635098.5,485093.5,113.5,GRASS,34,43,42
98,94,635098.5,485094.5,113.54,GRASS,34,42,44
98,95,635098.5,485095.5,113.51,GRASS,34,43,42
98,96,635098.5,485096.5,113.51,GRASS,35,44,43
98,97,635098.5,485097.5,113.49,GRASS,35,44,43
98,98,635098.5,485098.5,113.49,GRASS,33,41,43
98,99,635098.5,485099.5,113.53,GRASS,35,43,45
99,0,635099.5,485000.5,115.18,GRASS,76,87,71
99,1,635099.5,485001.5,115.17,GRASS,71,80,63
99,2,635099.5,485002.5,115.17,GRASS,74,83,64
99,3,635099.5,485003.5,115.16,GRASS,67,71,54
99,4,635099.5,485004.5,115.18,GRASS,75,83,62
99,5,635099.5,485005.5,115.12,ASPHALT,104,107,90
99,6,635099.5,485006.5,115.01,ASPHALT,104,108,91
99,7,635099.5,485007.5,115.01,ASPHALT,93,98,75
99,8,635099.5,485008.5,115.02,ASPHALT,94,97,76
99,9,635099.5,485009.5,114.93,ASPHALT,92,97,75
99,10,635099.5,485010.5,114.91,ASPHALT,104,106,85
99,11,635099.5,485011.5,114.8,ASPHALT,122,117,98
99,12,635099.5,485012.5,114.8,ASPHALT,109,104,85
99,13,635099.5,485013.5,114.79,ASPHALT,108,106,85
99,14,635099.5,485014.5,114.77,ASPHALT,115,117,96
99,15,635099.5,485015.5,114.79,ASPHALT,106,111,89
99,16,635099.5,485016.5,114.86,GRASS,75,88,68
99,17,635099.5,485017.5,114.86,ASPHALT,98,101,80
99,18,635099.5,485018.5,114.96,GRASS,80,89,72
99,19,635099.5,485019.5,114.91,GRASS,81,94,77
99,20,635099.5,485020.5,114.78,GRASS,84,91,73
99,21,635099.5,485021.5,114.78,CONCRETE,151,145,129
99,22,635099.5,485022.5,114.72,CONCRETE,168,152,139
99,23,635099.5,485023.5,114.7,CONCRETE,167,153,140
99,24,635099.5,485024.5,114.67,ASPHALT,100,103,84
99,25,635099.5,485025.5,114.7,GRASS,76,90,73
99,26,635099.5,485026.5,114.7,GRASS,76,85,68
99,27,635099.5,485027.5,114.68,ASPHALT,87,96,79
99,28,635099.5,485028.5,114.6,GRASS,83,90,72
99,29,635099.5,485029.5,114.59,ASPHALT,102,107,85
99,30,635099.5,485030.5,114.6,GRASS,72,84,64
99,31,635099.5,485031.5,114.6,GRASS,73,85,65
99,32,635099.5,485032.5,114.62,ASPHALT,92,97,74
99,33,635099.5,485033.5,114.61,GRASS,85,97,73
99,34,635099.5,485034.5,114.63,GRASS,79,89,65
99,35,635099.5,485035.5,114.58,GRASS,77,89,65
99,36,635099.5,485036.5,114.58,GRASS,66,80,57
99,37,635099.5,485037.5,114.57,GRASS,69,84,63
99,38,635099.5,485038.5,114.56,GRASS,80,94,71
99,39,635099.5,485039.5,114.55,GRASS,63,74,60
99,40,635099.5,485040.5,114.55,GRASS,70,76,62
99,41,635099.5,485041.5,114.52,ASPHALT,98,102,85
99,42,635099.5,485042.5,114.48,ASPHALT,105,108,89
99,43,635099.5,485043.5,114.46,ASPHALT,132,126,110
99,44,635099.5,485044.5,114.36,ASPHALT,133,126,108
99,45,635099.5,485045.5,114.36,CONCRETE,164,154,142
99,46,635099.5,485046.5,114.3,CONCRETE,139,132,114
99,47,635099.5,485047.5,114.24,ASPHALT,131,124,106
99,48,635099.5,485048.5,114.19,ASPHALT,110,113,92
99,49,635099.5,485049.5,114.1,ASPHALT,96,101,79
99,50,635099.5,485050.5,114.1,ASPHALT,93,98,78
99,51,635099.5,485051.5,114.09,ASPHALT,107,109,88
99,52,635099.5,485052.5,113.83,CONCRETE,163,160,143
99,53,635099.5,485053.5,113.49,CONCRETE,145,143,131
99,54,635099.5,485054.5,113.54,CONCRETE,132,129,122
99,55,635099.5,485055.5,113.54,GRASS,48,50,45
99,56,635099.5,485056.5,113.54,GRASS,41,47,45
99,57,635099.5,485057.5,113.55,GRASS,40,46,46
99,58,635099.5,485058.5,113.56,GRASS,37,46,45
99,59,635099.5,485059.5,113.56,GRASS,36,45,44
99,60,635099.5,485060.5,113.56,GRASS,36,45,44
99,61,635099.5,485061.5,113.56,GRASS,37,46,45
99,62,635099.5,485062.5,113.55,GRASS,37,45,47
99,63,635099.5,485063.5,113.55,GRASS,38,47,46
99,64,635099.5,485064.5,113.55,GRASS,37,46,45
99,65,635099.5,485065.5,113.55,GRASS,36,45,44
99,66,635099.5,485066.5,113.54,GRASS,35,43,45
99,67,635099.5,485067.5,113.54,GRASS,37,45,47
99,68,635099.5,485068.5,113.53,GRASS,36,44,46
99,69,635099.5,485069.5,113.53,GRASS,34,43,42
99,70,635099.5,485070.5,113.53,GRASS,34,43,42
99,71,635099.5,485071.5,113.53,GRASS,34,42,44
99,72,635099.5,485072.5,113.52,GRASS,34,43,42
99,73,635099.5,485073.5,113.52,GRASS,34,43,42
99,74,635099.5,485074.5,113.52,GRASS,34,42,44
99,75,635099.5,485075.5,113.51,GRASS,34,42,44
99,76,635099.5,485076.5,113.52,GRASS,33,42,41
99,77,635099.5,485077.5,113.57,GRASS,34,43,42
99,78,635099.5,485078.5,113.5,GRASS,34,43,42
99,79,635099.5,485079.5,113.5,GRASS,32,41,40
99,80,635099.5,485080.5,113.49,GRASS,36,44,46
99,81,635099.5,485081.5,113.5,GRASS,35,43,45
99,82,635099.5,485082.5,113.51,GRASS,33,41,43
99,83,635099.5,485083.5,113.51,GRASS,41,50,49
99,84,635099.5,485084.5,113.52,GRASS,36,44,46
99,85,635099.5,485085.5,113.53,GRASS,33,42,41
99,86,635099.5,485086.5,113.54,GRASS,34,43,42
99,87,635099.5,485087.5,113.53,GRASS,34,43,42
99,88,635099.5,485088.5,113.53,GRASS,33,41,43
99,89,635099.5,485089.5,113.51,GRASS,32,40,42
99,90,635099.5,485090.5,113.51,GRASS,31,39,41
99,91,635099.5,485091.5,113.51,GRASS,49,57,59
99,92,635099.5,485092.5,113.51,GRASS,33,41,43
99,93,635099.5,485093.5,113.51,GRASS,33,42,41
99,94,635099.5,485094.5,113.56,GRASS,33,43,44
99,95,635099.5,485095.5,113.54,GRASS,33,41,43
99,96,635099.5,485096.5,113.53,GRASS,35,43,45
99,97,635099.5,485097.5,113.52,GRASS,35,44,43
99,98,635099.5,485098.5,113.52,GRASS,35,43,45
99,99,635099.5,485099.5,113.51,GRASS,36,42,42
